QUATERNIONS MAIN...
HASH STRING: 0202625476_31127_565_[300;300;300;2.0;float32;100;TTTTTTTT]
================================================================================================================================================================================================================
EXPERIMENT INFO:
{
  M: 300,
  N: 300,
  P: 300,
  SEED: 0,
  RANGE: 2.0,
  DTYPE: <class 'numpy.float32'>,
  REPETITIONS: 100,
  QMATMUL_NAIVE_NUMBA_ST: (True, 'qmatmul_naive_numba_st_float32'),
  QMATMUL_NAIVE_NUMBA_PARALLEL: (True, 'qmatmul_naive_numba_parallel_float32'),
  QMATMUL_DIRECT_NUMPY_ST: (True, 'qmatmul_direct_numpy_st'),
  QMATMUL_DIRECT_NUMPY_PARALLEL: (True, 'qmatmul_direct_numpy_parallel'),
  QMATMUL_DIRECT_NUMBA_CUDA: (True, 'qmatmul_direct_numba_cuda_float32'),
  QMATMUL_ALGO_NUMPY_ST: (True, 'qmatmul_algo_numpy_st'),
  QMATMUL_ALGO_NUMPY_PARALLEL: (True, 'qmatmul_algo_numpy_parallel'),
  QMATMUL_ALGO_NUMBA_CUDA: (True, 'qmatmul_algo_numba_cuda_float32')
}
================================================================================================================================================================================================================
CPU AND SYSTEM PROPS:
{
  cpu_name: Intel(R) Core(TM) i7-10700 CPU @ 2.90GHz,
  ram_size: 125.7 GB,
  os_name: Linux 6.8.0-106-generic,
  os_version: #106-Ubuntu SMP PREEMPT_DYNAMIC Fri Mar  6 07:58:08 UTC 2026,
  os_machine: x86_64
}
GPU PROPS:
{
  name: NVIDIA GeForce RTX 3090,
  max_threads_per_block: 1024,
  max_block_dim_x: 1024,
  max_block_dim_y: 1024,
  max_block_dim_z: 64,
  max_grid_dim_x: 2147483647,
  max_grid_dim_y: 65535,
  max_grid_dim_z: 65535,
  max_shared_memory_per_block: 49152,
  async_engine_count: 2,
  can_map_host_memory: 1,
  multiprocessor_count: 82,
  warp_size: 32,
  unified_addressing: 1,
  pci_bus_id: 1,
  pci_device_id: 0,
  compute_capability: ComputeCapability(major=8, minor=6),
  cores_per_SM: 128,
  cores_total: 10496
}
================================================================================================================================================================================================================
MEMORY INFO:
A: 1.373 MiB
B: 1.373 MiB
C: 1.37 MiB
================================================================================================================================================================================================================
WARM-UP:
WARM-UP FOR APPROACH 1: QMATMUL_NAIVE_NUMBA_ST...
WARM-UP FOR APPROACH 1: QMATMUL_NAIVE_NUMBA_ST DONE. [time: 0.08345580101013184 s]
WARM-UP FOR APPROACH 2: QMATMUL_NAIVE_NUMBA_PARALLEL...
WARM-UP FOR APPROACH 2: QMATMUL_NAIVE_NUMBA_PARALLEL DONE. [time: 0.005548954010009766 s]
WARM-UP FOR APPROACH 3: QMATMUL_DIRECT_NUMPY_ST...
WARM-UP FOR APPROACH 3: QMATMUL_DIRECT_NUMPY_ST DONE. [time: 0.005795478820800781 s]
WARM-UP FOR APPROACH 4: QMATMUL_DIRECT_NUMPY_PARALLEL...
WARM-UP FOR APPROACH 4: QMATMUL_DIRECT_NUMPY_PARALLEL DONE. [time: 0.0004563331604003906 s]
WARM-UP FOR APPROACH 5: QMATMUL_DIRECT_NUMBA_CUDA...
WARM-UP FOR APPROACH 5: QMATMUL_DIRECT_NUMBA_CUDA DONE. [time: 0.0018396377563476562 s]
WARM-UP FOR APPROACH 6: QMATMUL_ALGO_NUMPY_ST...
WARM-UP FOR APPROACH 6: QMATMUL_ALGO_NUMPY_ST DONE. [time: 0.0014314651489257812 s]
WARM-UP FOR APPROACH 7: QMATMUL_ALGO_NUMPY_PARALLEL...
WARM-UP FOR APPROACH 7: QMATMUL_ALGO_NUMPY_PARALLEL DONE. [time: 0.0005075931549072266 s]
WARM-UP FOR APPROACH 8: QMATMUL_ALGO_NUMBA_CUDA...
WARM-UP FOR APPROACH 8: QMATMUL_ALGO_NUMBA_CUDA DONE. [time: 0.002590656280517578 s]
================================================================================================================================================================================================================
REPETITION: 1/100:
APPROACH 1: QMATMUL_NAIVE_NUMBA_ST...
APPROACH 1: QMATMUL_NAIVE_NUMBA_ST DONE. [time: 2.3065128326416016 s, all close: True, speed-up vs reference: 1.00, reference]
APPROACH 2: QMATMUL_NAIVE_NUMBA_PARALLEL...
APPROACH 2: QMATMUL_NAIVE_NUMBA_PARALLEL DONE. [time: 0.13752007484436035 s, all close: True, speed-up vs reference: 16.77]
APPROACH 3: QMATMUL_DIRECT_NUMPY_ST...
APPROACH 3: QMATMUL_DIRECT_NUMPY_ST DONE. [time: 0.009524106979370117 s, all close: True, speed-up vs reference: 242.18]
APPROACH 4: QMATMUL_DIRECT_NUMPY_PARALLEL...
APPROACH 4: QMATMUL_DIRECT_NUMPY_PARALLEL DONE. [time: 0.003539562225341797 s, all close: True, speed-up vs reference: 651.64]
APPROACH 5: QMATMUL_DIRECT_NUMBA_CUDA...
APPROACH 5: QMATMUL_DIRECT_NUMBA_CUDA DONE. [time: 0.003038167953491211 s, all close: True, speed-up vs reference: 759.18]
APPROACH 6: QMATMUL_ALGO_NUMPY_ST...
APPROACH 6: QMATMUL_ALGO_NUMPY_ST DONE. [time: 0.01155400276184082 s, all close: True, speed-up vs reference: 199.63]
APPROACH 7: QMATMUL_ALGO_NUMPY_PARALLEL...
APPROACH 7: QMATMUL_ALGO_NUMPY_PARALLEL DONE. [time: 0.003941535949707031 s, all close: True, speed-up vs reference: 585.18]
APPROACH 8: QMATMUL_ALGO_NUMBA_CUDA...
APPROACH 8: QMATMUL_ALGO_NUMBA_CUDA DONE. [time: 0.006259918212890625 s, all close: True, speed-up vs reference: 368.46]
REPETITION: 2/100:
APPROACH 1: QMATMUL_NAIVE_NUMBA_ST...
APPROACH 1: QMATMUL_NAIVE_NUMBA_ST DONE. [time: 2.2938172817230225 s, all close: True, speed-up vs reference: 1.01]
APPROACH 2: QMATMUL_NAIVE_NUMBA_PARALLEL...
APPROACH 2: QMATMUL_NAIVE_NUMBA_PARALLEL DONE. [time: 0.13733458518981934 s, all close: True, speed-up vs reference: 16.79]
APPROACH 3: QMATMUL_DIRECT_NUMPY_ST...
APPROACH 3: QMATMUL_DIRECT_NUMPY_ST DONE. [time: 0.009225606918334961 s, all close: True, speed-up vs reference: 250.01]
APPROACH 4: QMATMUL_DIRECT_NUMPY_PARALLEL...
APPROACH 4: QMATMUL_DIRECT_NUMPY_PARALLEL DONE. [time: 0.0029311180114746094 s, all close: True, speed-up vs reference: 786.91]
APPROACH 5: QMATMUL_DIRECT_NUMBA_CUDA...
APPROACH 5: QMATMUL_DIRECT_NUMBA_CUDA DONE. [time: 0.010299921035766602 s, all close: True, speed-up vs reference: 223.94]
APPROACH 6: QMATMUL_ALGO_NUMPY_ST...
APPROACH 6: QMATMUL_ALGO_NUMPY_ST DONE. [time: 0.02108144760131836 s, all close: True, speed-up vs reference: 109.41]
APPROACH 7: QMATMUL_ALGO_NUMPY_PARALLEL...
APPROACH 7: QMATMUL_ALGO_NUMPY_PARALLEL DONE. [time: 0.007444143295288086 s, all close: True, speed-up vs reference: 309.84]
APPROACH 8: QMATMUL_ALGO_NUMBA_CUDA...
APPROACH 8: QMATMUL_ALGO_NUMBA_CUDA DONE. [time: 0.011491060256958008 s, all close: True, speed-up vs reference: 200.72]
REPETITION: 3/100:
APPROACH 1: QMATMUL_NAIVE_NUMBA_ST...
APPROACH 1: QMATMUL_NAIVE_NUMBA_ST DONE. [time: 2.3478903770446777 s, all close: True, speed-up vs reference: 0.98]
APPROACH 2: QMATMUL_NAIVE_NUMBA_PARALLEL...
APPROACH 2: QMATMUL_NAIVE_NUMBA_PARALLEL DONE. [time: 0.17066049575805664 s, all close: True, speed-up vs reference: 13.52]
APPROACH 3: QMATMUL_DIRECT_NUMPY_ST...
APPROACH 3: QMATMUL_DIRECT_NUMPY_ST DONE. [time: 0.009768962860107422 s, all close: True, speed-up vs reference: 236.11]
APPROACH 4: QMATMUL_DIRECT_NUMPY_PARALLEL...
APPROACH 4: QMATMUL_DIRECT_NUMPY_PARALLEL DONE. [time: 0.00436711311340332 s, all close: True, speed-up vs reference: 528.16]
APPROACH 5: QMATMUL_DIRECT_NUMBA_CUDA...
APPROACH 5: QMATMUL_DIRECT_NUMBA_CUDA DONE. [time: 0.00351715087890625 s, all close: True, speed-up vs reference: 655.79]
APPROACH 6: QMATMUL_ALGO_NUMPY_ST...
APPROACH 6: QMATMUL_ALGO_NUMPY_ST DONE. [time: 0.011904478073120117 s, all close: True, speed-up vs reference: 193.75]
APPROACH 7: QMATMUL_ALGO_NUMPY_PARALLEL...
APPROACH 7: QMATMUL_ALGO_NUMPY_PARALLEL DONE. [time: 0.004519462585449219 s, all close: True, speed-up vs reference: 510.35]
APPROACH 8: QMATMUL_ALGO_NUMBA_CUDA...
APPROACH 8: QMATMUL_ALGO_NUMBA_CUDA DONE. [time: 0.005747556686401367 s, all close: True, speed-up vs reference: 401.30]
REPETITION: 4/100:
APPROACH 1: QMATMUL_NAIVE_NUMBA_ST...
APPROACH 1: QMATMUL_NAIVE_NUMBA_ST DONE. [time: 2.363223075866699 s, all close: True, speed-up vs reference: 0.98]
APPROACH 2: QMATMUL_NAIVE_NUMBA_PARALLEL...
APPROACH 2: QMATMUL_NAIVE_NUMBA_PARALLEL DONE. [time: 0.13721656799316406 s, all close: True, speed-up vs reference: 16.81]
APPROACH 3: QMATMUL_DIRECT_NUMPY_ST...
APPROACH 3: QMATMUL_DIRECT_NUMPY_ST DONE. [time: 0.009374618530273438 s, all close: True, speed-up vs reference: 246.04]
APPROACH 4: QMATMUL_DIRECT_NUMPY_PARALLEL...
APPROACH 4: QMATMUL_DIRECT_NUMPY_PARALLEL DONE. [time: 0.0029709339141845703 s, all close: True, speed-up vs reference: 776.36]
APPROACH 5: QMATMUL_DIRECT_NUMBA_CUDA...
APPROACH 5: QMATMUL_DIRECT_NUMBA_CUDA DONE. [time: 0.0033736228942871094 s, all close: True, speed-up vs reference: 683.69]
APPROACH 6: QMATMUL_ALGO_NUMPY_ST...
APPROACH 6: QMATMUL_ALGO_NUMPY_ST DONE. [time: 0.01155853271484375 s, all close: True, speed-up vs reference: 199.55]
APPROACH 7: QMATMUL_ALGO_NUMPY_PARALLEL...
APPROACH 7: QMATMUL_ALGO_NUMPY_PARALLEL DONE. [time: 0.003705263137817383 s, all close: True, speed-up vs reference: 622.50]
APPROACH 8: QMATMUL_ALGO_NUMBA_CUDA...
APPROACH 8: QMATMUL_ALGO_NUMBA_CUDA DONE. [time: 0.005613803863525391 s, all close: True, speed-up vs reference: 410.86]
REPETITION: 5/100:
APPROACH 1: QMATMUL_NAIVE_NUMBA_ST...
APPROACH 1: QMATMUL_NAIVE_NUMBA_ST DONE. [time: 2.357905626296997 s, all close: True, speed-up vs reference: 0.98]
APPROACH 2: QMATMUL_NAIVE_NUMBA_PARALLEL...
APPROACH 2: QMATMUL_NAIVE_NUMBA_PARALLEL DONE. [time: 0.13666105270385742 s, all close: True, speed-up vs reference: 16.88]
APPROACH 3: QMATMUL_DIRECT_NUMPY_ST...
APPROACH 3: QMATMUL_DIRECT_NUMPY_ST DONE. [time: 0.009346961975097656 s, all close: True, speed-up vs reference: 246.77]
APPROACH 4: QMATMUL_DIRECT_NUMPY_PARALLEL...
APPROACH 4: QMATMUL_DIRECT_NUMPY_PARALLEL DONE. [time: 0.0040264129638671875 s, all close: True, speed-up vs reference: 572.85]
APPROACH 5: QMATMUL_DIRECT_NUMBA_CUDA...
APPROACH 5: QMATMUL_DIRECT_NUMBA_CUDA DONE. [time: 0.003481149673461914 s, all close: True, speed-up vs reference: 662.57]
APPROACH 6: QMATMUL_ALGO_NUMPY_ST...
APPROACH 6: QMATMUL_ALGO_NUMPY_ST DONE. [time: 0.01154327392578125 s, all close: True, speed-up vs reference: 199.81]
APPROACH 7: QMATMUL_ALGO_NUMPY_PARALLEL...
APPROACH 7: QMATMUL_ALGO_NUMPY_PARALLEL DONE. [time: 0.0044155120849609375 s, all close: True, speed-up vs reference: 522.37]
APPROACH 8: QMATMUL_ALGO_NUMBA_CUDA...
APPROACH 8: QMATMUL_ALGO_NUMBA_CUDA DONE. [time: 0.0054819583892822266 s, all close: True, speed-up vs reference: 420.75]
REPETITION: 6/100:
APPROACH 1: QMATMUL_NAIVE_NUMBA_ST...
APPROACH 1: QMATMUL_NAIVE_NUMBA_ST DONE. [time: 2.2973897457122803 s, all close: True, speed-up vs reference: 1.00]
APPROACH 2: QMATMUL_NAIVE_NUMBA_PARALLEL...
APPROACH 2: QMATMUL_NAIVE_NUMBA_PARALLEL DONE. [time: 0.19889068603515625 s, all close: True, speed-up vs reference: 11.60]
APPROACH 3: QMATMUL_DIRECT_NUMPY_ST...
APPROACH 3: QMATMUL_DIRECT_NUMPY_ST DONE. [time: 0.009996175765991211 s, all close: True, speed-up vs reference: 230.74]
APPROACH 4: QMATMUL_DIRECT_NUMPY_PARALLEL...
APPROACH 4: QMATMUL_DIRECT_NUMPY_PARALLEL DONE. [time: 0.004147052764892578 s, all close: True, speed-up vs reference: 556.18]
APPROACH 5: QMATMUL_DIRECT_NUMBA_CUDA...
APPROACH 5: QMATMUL_DIRECT_NUMBA_CUDA DONE. [time: 0.003592967987060547 s, all close: True, speed-up vs reference: 641.95]
APPROACH 6: QMATMUL_ALGO_NUMPY_ST...
APPROACH 6: QMATMUL_ALGO_NUMPY_ST DONE. [time: 0.0117645263671875 s, all close: True, speed-up vs reference: 196.06]
APPROACH 7: QMATMUL_ALGO_NUMPY_PARALLEL...
APPROACH 7: QMATMUL_ALGO_NUMPY_PARALLEL DONE. [time: 0.004431724548339844 s, all close: True, speed-up vs reference: 520.45]
APPROACH 8: QMATMUL_ALGO_NUMBA_CUDA...
APPROACH 8: QMATMUL_ALGO_NUMBA_CUDA DONE. [time: 0.005555391311645508 s, all close: True, speed-up vs reference: 415.18]
REPETITION: 7/100:
APPROACH 1: QMATMUL_NAIVE_NUMBA_ST...
APPROACH 1: QMATMUL_NAIVE_NUMBA_ST DONE. [time: 2.3162600994110107 s, all close: True, speed-up vs reference: 1.00]
APPROACH 2: QMATMUL_NAIVE_NUMBA_PARALLEL...
APPROACH 2: QMATMUL_NAIVE_NUMBA_PARALLEL DONE. [time: 0.18718266487121582 s, all close: True, speed-up vs reference: 12.32]
APPROACH 3: QMATMUL_DIRECT_NUMPY_ST...
APPROACH 3: QMATMUL_DIRECT_NUMPY_ST DONE. [time: 0.010059118270874023 s, all close: True, speed-up vs reference: 229.30]
APPROACH 4: QMATMUL_DIRECT_NUMPY_PARALLEL...
APPROACH 4: QMATMUL_DIRECT_NUMPY_PARALLEL DONE. [time: 0.013741493225097656 s, all close: True, speed-up vs reference: 167.85]
APPROACH 5: QMATMUL_DIRECT_NUMBA_CUDA...
APPROACH 5: QMATMUL_DIRECT_NUMBA_CUDA DONE. [time: 0.0026438236236572266 s, all close: True, speed-up vs reference: 872.42]
APPROACH 6: QMATMUL_ALGO_NUMPY_ST...
APPROACH 6: QMATMUL_ALGO_NUMPY_ST DONE. [time: 0.011754989624023438 s, all close: True, speed-up vs reference: 196.22]
APPROACH 7: QMATMUL_ALGO_NUMPY_PARALLEL...
APPROACH 7: QMATMUL_ALGO_NUMPY_PARALLEL DONE. [time: 0.011768102645874023 s, all close: True, speed-up vs reference: 196.00]
APPROACH 8: QMATMUL_ALGO_NUMBA_CUDA...
APPROACH 8: QMATMUL_ALGO_NUMBA_CUDA DONE. [time: 0.00667572021484375 s, all close: True, speed-up vs reference: 345.51]
REPETITION: 8/100:
APPROACH 1: QMATMUL_NAIVE_NUMBA_ST...
APPROACH 1: QMATMUL_NAIVE_NUMBA_ST DONE. [time: 2.318849563598633 s, all close: True, speed-up vs reference: 0.99]
APPROACH 2: QMATMUL_NAIVE_NUMBA_PARALLEL...
APPROACH 2: QMATMUL_NAIVE_NUMBA_PARALLEL DONE. [time: 0.20225834846496582 s, all close: True, speed-up vs reference: 11.40]
APPROACH 3: QMATMUL_DIRECT_NUMPY_ST...
APPROACH 3: QMATMUL_DIRECT_NUMPY_ST DONE. [time: 0.010339021682739258 s, all close: True, speed-up vs reference: 223.09]
APPROACH 4: QMATMUL_DIRECT_NUMPY_PARALLEL...
APPROACH 4: QMATMUL_DIRECT_NUMPY_PARALLEL DONE. [time: 0.004252910614013672 s, all close: True, speed-up vs reference: 542.34]
APPROACH 5: QMATMUL_DIRECT_NUMBA_CUDA...
APPROACH 5: QMATMUL_DIRECT_NUMBA_CUDA DONE. [time: 0.0028214454650878906 s, all close: True, speed-up vs reference: 817.49]
APPROACH 6: QMATMUL_ALGO_NUMPY_ST...
APPROACH 6: QMATMUL_ALGO_NUMPY_ST DONE. [time: 0.01177978515625 s, all close: True, speed-up vs reference: 195.80]
APPROACH 7: QMATMUL_ALGO_NUMPY_PARALLEL...
APPROACH 7: QMATMUL_ALGO_NUMPY_PARALLEL DONE. [time: 0.01001882553100586 s, all close: True, speed-up vs reference: 230.22]
APPROACH 8: QMATMUL_ALGO_NUMBA_CUDA...
APPROACH 8: QMATMUL_ALGO_NUMBA_CUDA DONE. [time: 0.0068399906158447266 s, all close: True, speed-up vs reference: 337.21]
REPETITION: 9/100:
APPROACH 1: QMATMUL_NAIVE_NUMBA_ST...
APPROACH 1: QMATMUL_NAIVE_NUMBA_ST DONE. [time: 2.286430597305298 s, all close: True, speed-up vs reference: 1.01]
APPROACH 2: QMATMUL_NAIVE_NUMBA_PARALLEL...
APPROACH 2: QMATMUL_NAIVE_NUMBA_PARALLEL DONE. [time: 0.1736598014831543 s, all close: True, speed-up vs reference: 13.28]
APPROACH 3: QMATMUL_DIRECT_NUMPY_ST...
APPROACH 3: QMATMUL_DIRECT_NUMPY_ST DONE. [time: 0.010233879089355469 s, all close: True, speed-up vs reference: 225.38]
APPROACH 4: QMATMUL_DIRECT_NUMPY_PARALLEL...
APPROACH 4: QMATMUL_DIRECT_NUMPY_PARALLEL DONE. [time: 0.00435185432434082 s, all close: True, speed-up vs reference: 530.01]
APPROACH 5: QMATMUL_DIRECT_NUMBA_CUDA...
APPROACH 5: QMATMUL_DIRECT_NUMBA_CUDA DONE. [time: 0.002803802490234375 s, all close: True, speed-up vs reference: 822.64]
APPROACH 6: QMATMUL_ALGO_NUMPY_ST...
APPROACH 6: QMATMUL_ALGO_NUMPY_ST DONE. [time: 0.011785507202148438 s, all close: True, speed-up vs reference: 195.71]
APPROACH 7: QMATMUL_ALGO_NUMPY_PARALLEL...
APPROACH 7: QMATMUL_ALGO_NUMPY_PARALLEL DONE. [time: 0.007724285125732422 s, all close: True, speed-up vs reference: 298.61]
APPROACH 8: QMATMUL_ALGO_NUMBA_CUDA...
APPROACH 8: QMATMUL_ALGO_NUMBA_CUDA DONE. [time: 0.006565093994140625 s, all close: True, speed-up vs reference: 351.33]
REPETITION: 10/100:
APPROACH 1: QMATMUL_NAIVE_NUMBA_ST...
APPROACH 1: QMATMUL_NAIVE_NUMBA_ST DONE. [time: 2.3168416023254395 s, all close: True, speed-up vs reference: 1.00]
APPROACH 2: QMATMUL_NAIVE_NUMBA_PARALLEL...
APPROACH 2: QMATMUL_NAIVE_NUMBA_PARALLEL DONE. [time: 0.17607426643371582 s, all close: True, speed-up vs reference: 13.10]
APPROACH 3: QMATMUL_DIRECT_NUMPY_ST...
APPROACH 3: QMATMUL_DIRECT_NUMPY_ST DONE. [time: 0.009946346282958984 s, all close: True, speed-up vs reference: 231.90]
APPROACH 4: QMATMUL_DIRECT_NUMPY_PARALLEL...
APPROACH 4: QMATMUL_DIRECT_NUMPY_PARALLEL DONE. [time: 0.003964662551879883 s, all close: True, speed-up vs reference: 581.77]
APPROACH 5: QMATMUL_DIRECT_NUMBA_CUDA...
APPROACH 5: QMATMUL_DIRECT_NUMBA_CUDA DONE. [time: 0.002700328826904297 s, all close: True, speed-up vs reference: 854.16]
APPROACH 6: QMATMUL_ALGO_NUMPY_ST...
APPROACH 6: QMATMUL_ALGO_NUMPY_ST DONE. [time: 0.011733055114746094 s, all close: True, speed-up vs reference: 196.58]
APPROACH 7: QMATMUL_ALGO_NUMPY_PARALLEL...
APPROACH 7: QMATMUL_ALGO_NUMPY_PARALLEL DONE. [time: 0.013244390487670898 s, all close: True, speed-up vs reference: 174.15]
APPROACH 8: QMATMUL_ALGO_NUMBA_CUDA...
APPROACH 8: QMATMUL_ALGO_NUMBA_CUDA DONE. [time: 0.0064694881439208984 s, all close: True, speed-up vs reference: 356.52]
REPETITION: 11/100:
APPROACH 1: QMATMUL_NAIVE_NUMBA_ST...
APPROACH 1: QMATMUL_NAIVE_NUMBA_ST DONE. [time: 2.3712573051452637 s, all close: True, speed-up vs reference: 0.97]
APPROACH 2: QMATMUL_NAIVE_NUMBA_PARALLEL...
APPROACH 2: QMATMUL_NAIVE_NUMBA_PARALLEL DONE. [time: 0.13730072975158691 s, all close: True, speed-up vs reference: 16.80]
APPROACH 3: QMATMUL_DIRECT_NUMPY_ST...
APPROACH 3: QMATMUL_DIRECT_NUMPY_ST DONE. [time: 0.009314775466918945 s, all close: True, speed-up vs reference: 247.62]
APPROACH 4: QMATMUL_DIRECT_NUMPY_PARALLEL...
APPROACH 4: QMATMUL_DIRECT_NUMPY_PARALLEL DONE. [time: 0.003183603286743164 s, all close: True, speed-up vs reference: 724.50]
APPROACH 5: QMATMUL_DIRECT_NUMBA_CUDA...
APPROACH 5: QMATMUL_DIRECT_NUMBA_CUDA DONE. [time: 0.0026688575744628906 s, all close: True, speed-up vs reference: 864.23]
APPROACH 6: QMATMUL_ALGO_NUMPY_ST...
APPROACH 6: QMATMUL_ALGO_NUMPY_ST DONE. [time: 0.011556148529052734 s, all close: True, speed-up vs reference: 199.59]
APPROACH 7: QMATMUL_ALGO_NUMPY_PARALLEL...
APPROACH 7: QMATMUL_ALGO_NUMPY_PARALLEL DONE. [time: 0.003639698028564453 s, all close: True, speed-up vs reference: 633.71]
APPROACH 8: QMATMUL_ALGO_NUMBA_CUDA...
APPROACH 8: QMATMUL_ALGO_NUMBA_CUDA DONE. [time: 0.005895376205444336 s, all close: True, speed-up vs reference: 391.24]
REPETITION: 12/100:
APPROACH 1: QMATMUL_NAIVE_NUMBA_ST...
APPROACH 1: QMATMUL_NAIVE_NUMBA_ST DONE. [time: 2.2712666988372803 s, all close: True, speed-up vs reference: 1.02]
APPROACH 2: QMATMUL_NAIVE_NUMBA_PARALLEL...
APPROACH 2: QMATMUL_NAIVE_NUMBA_PARALLEL DONE. [time: 0.13706278800964355 s, all close: True, speed-up vs reference: 16.83]
APPROACH 3: QMATMUL_DIRECT_NUMPY_ST...
APPROACH 3: QMATMUL_DIRECT_NUMPY_ST DONE. [time: 0.009311199188232422 s, all close: True, speed-up vs reference: 247.71]
APPROACH 4: QMATMUL_DIRECT_NUMPY_PARALLEL...
APPROACH 4: QMATMUL_DIRECT_NUMPY_PARALLEL DONE. [time: 0.0029439926147460938 s, all close: True, speed-up vs reference: 783.46]
APPROACH 5: QMATMUL_DIRECT_NUMBA_CUDA...
APPROACH 5: QMATMUL_DIRECT_NUMBA_CUDA DONE. [time: 0.00335693359375 s, all close: True, speed-up vs reference: 687.09]
APPROACH 6: QMATMUL_ALGO_NUMPY_ST...
APPROACH 6: QMATMUL_ALGO_NUMPY_ST DONE. [time: 0.011627435684204102 s, all close: True, speed-up vs reference: 198.37]
APPROACH 7: QMATMUL_ALGO_NUMPY_PARALLEL...
APPROACH 7: QMATMUL_ALGO_NUMPY_PARALLEL DONE. [time: 0.003658771514892578 s, all close: True, speed-up vs reference: 630.41]
APPROACH 8: QMATMUL_ALGO_NUMBA_CUDA...
APPROACH 8: QMATMUL_ALGO_NUMBA_CUDA DONE. [time: 0.005686044692993164 s, all close: True, speed-up vs reference: 405.64]
REPETITION: 13/100:
APPROACH 1: QMATMUL_NAIVE_NUMBA_ST...
APPROACH 1: QMATMUL_NAIVE_NUMBA_ST DONE. [time: 2.304103136062622 s, all close: True, speed-up vs reference: 1.00]
APPROACH 2: QMATMUL_NAIVE_NUMBA_PARALLEL...
APPROACH 2: QMATMUL_NAIVE_NUMBA_PARALLEL DONE. [time: 0.1928391456604004 s, all close: True, speed-up vs reference: 11.96]
APPROACH 3: QMATMUL_DIRECT_NUMPY_ST...
APPROACH 3: QMATMUL_DIRECT_NUMPY_ST DONE. [time: 0.00980377197265625 s, all close: True, speed-up vs reference: 235.27]
APPROACH 4: QMATMUL_DIRECT_NUMPY_PARALLEL...
APPROACH 4: QMATMUL_DIRECT_NUMPY_PARALLEL DONE. [time: 0.0041964054107666016 s, all close: True, speed-up vs reference: 549.64]
APPROACH 5: QMATMUL_DIRECT_NUMBA_CUDA...
APPROACH 5: QMATMUL_DIRECT_NUMBA_CUDA DONE. [time: 0.006372928619384766 s, all close: True, speed-up vs reference: 361.92]
APPROACH 6: QMATMUL_ALGO_NUMPY_ST...
APPROACH 6: QMATMUL_ALGO_NUMPY_ST DONE. [time: 0.021503925323486328 s, all close: True, speed-up vs reference: 107.26]
APPROACH 7: QMATMUL_ALGO_NUMPY_PARALLEL...
APPROACH 7: QMATMUL_ALGO_NUMPY_PARALLEL DONE. [time: 0.006850481033325195 s, all close: True, speed-up vs reference: 336.69]
APPROACH 8: QMATMUL_ALGO_NUMBA_CUDA...
APPROACH 8: QMATMUL_ALGO_NUMBA_CUDA DONE. [time: 0.011507511138916016 s, all close: True, speed-up vs reference: 200.44]
REPETITION: 14/100:
APPROACH 1: QMATMUL_NAIVE_NUMBA_ST...
APPROACH 1: QMATMUL_NAIVE_NUMBA_ST DONE. [time: 2.325666904449463 s, all close: True, speed-up vs reference: 0.99]
APPROACH 2: QMATMUL_NAIVE_NUMBA_PARALLEL...
APPROACH 2: QMATMUL_NAIVE_NUMBA_PARALLEL DONE. [time: 0.19065189361572266 s, all close: True, speed-up vs reference: 12.10]
APPROACH 3: QMATMUL_DIRECT_NUMPY_ST...
APPROACH 3: QMATMUL_DIRECT_NUMPY_ST DONE. [time: 0.009449481964111328 s, all close: True, speed-up vs reference: 244.09]
APPROACH 4: QMATMUL_DIRECT_NUMPY_PARALLEL...
APPROACH 4: QMATMUL_DIRECT_NUMPY_PARALLEL DONE. [time: 0.004078388214111328 s, all close: True, speed-up vs reference: 565.55]
APPROACH 5: QMATMUL_DIRECT_NUMBA_CUDA...
APPROACH 5: QMATMUL_DIRECT_NUMBA_CUDA DONE. [time: 0.003444194793701172 s, all close: True, speed-up vs reference: 669.68]
APPROACH 6: QMATMUL_ALGO_NUMPY_ST...
APPROACH 6: QMATMUL_ALGO_NUMPY_ST DONE. [time: 0.012387990951538086 s, all close: True, speed-up vs reference: 186.19]
APPROACH 7: QMATMUL_ALGO_NUMPY_PARALLEL...
APPROACH 7: QMATMUL_ALGO_NUMPY_PARALLEL DONE. [time: 0.004635810852050781 s, all close: True, speed-up vs reference: 497.54]
APPROACH 8: QMATMUL_ALGO_NUMBA_CUDA...
APPROACH 8: QMATMUL_ALGO_NUMBA_CUDA DONE. [time: 0.005845546722412109 s, all close: True, speed-up vs reference: 394.58]
REPETITION: 15/100:
APPROACH 1: QMATMUL_NAIVE_NUMBA_ST...
APPROACH 1: QMATMUL_NAIVE_NUMBA_ST DONE. [time: 2.2770655155181885 s, all close: True, speed-up vs reference: 1.01]
APPROACH 2: QMATMUL_NAIVE_NUMBA_PARALLEL...
APPROACH 2: QMATMUL_NAIVE_NUMBA_PARALLEL DONE. [time: 0.18858814239501953 s, all close: True, speed-up vs reference: 12.23]
APPROACH 3: QMATMUL_DIRECT_NUMPY_ST...
APPROACH 3: QMATMUL_DIRECT_NUMPY_ST DONE. [time: 0.014797449111938477 s, all close: True, speed-up vs reference: 155.87]
APPROACH 4: QMATMUL_DIRECT_NUMPY_PARALLEL...
APPROACH 4: QMATMUL_DIRECT_NUMPY_PARALLEL DONE. [time: 0.004754781723022461 s, all close: True, speed-up vs reference: 485.09]
APPROACH 5: QMATMUL_DIRECT_NUMBA_CUDA...
APPROACH 5: QMATMUL_DIRECT_NUMBA_CUDA DONE. [time: 0.003402233123779297 s, all close: True, speed-up vs reference: 677.94]
APPROACH 6: QMATMUL_ALGO_NUMPY_ST...
APPROACH 6: QMATMUL_ALGO_NUMPY_ST DONE. [time: 0.011605501174926758 s, all close: True, speed-up vs reference: 198.74]
APPROACH 7: QMATMUL_ALGO_NUMPY_PARALLEL...
APPROACH 7: QMATMUL_ALGO_NUMPY_PARALLEL DONE. [time: 0.004628658294677734 s, all close: True, speed-up vs reference: 498.31]
APPROACH 8: QMATMUL_ALGO_NUMBA_CUDA...
APPROACH 8: QMATMUL_ALGO_NUMBA_CUDA DONE. [time: 0.005646944046020508 s, all close: True, speed-up vs reference: 408.45]
REPETITION: 16/100:
APPROACH 1: QMATMUL_NAIVE_NUMBA_ST...
APPROACH 1: QMATMUL_NAIVE_NUMBA_ST DONE. [time: 2.30861496925354 s, all close: True, speed-up vs reference: 1.00]
APPROACH 2: QMATMUL_NAIVE_NUMBA_PARALLEL...
APPROACH 2: QMATMUL_NAIVE_NUMBA_PARALLEL DONE. [time: 0.17525315284729004 s, all close: True, speed-up vs reference: 13.16]
APPROACH 3: QMATMUL_DIRECT_NUMPY_ST...
APPROACH 3: QMATMUL_DIRECT_NUMPY_ST DONE. [time: 0.009431838989257812 s, all close: True, speed-up vs reference: 244.55]
APPROACH 4: QMATMUL_DIRECT_NUMPY_PARALLEL...
APPROACH 4: QMATMUL_DIRECT_NUMPY_PARALLEL DONE. [time: 0.004160165786743164 s, all close: True, speed-up vs reference: 554.43]
APPROACH 5: QMATMUL_DIRECT_NUMBA_CUDA...
APPROACH 5: QMATMUL_DIRECT_NUMBA_CUDA DONE. [time: 0.003526926040649414 s, all close: True, speed-up vs reference: 653.97]
APPROACH 6: QMATMUL_ALGO_NUMPY_ST...
APPROACH 6: QMATMUL_ALGO_NUMPY_ST DONE. [time: 0.012514591217041016 s, all close: True, speed-up vs reference: 184.31]
APPROACH 7: QMATMUL_ALGO_NUMPY_PARALLEL...
APPROACH 7: QMATMUL_ALGO_NUMPY_PARALLEL DONE. [time: 0.004570484161376953 s, all close: True, speed-up vs reference: 504.65]
APPROACH 8: QMATMUL_ALGO_NUMBA_CUDA...
APPROACH 8: QMATMUL_ALGO_NUMBA_CUDA DONE. [time: 0.013668060302734375 s, all close: True, speed-up vs reference: 168.75]
REPETITION: 17/100:
APPROACH 1: QMATMUL_NAIVE_NUMBA_ST...
APPROACH 1: QMATMUL_NAIVE_NUMBA_ST DONE. [time: 2.30842924118042 s, all close: True, speed-up vs reference: 1.00]
APPROACH 2: QMATMUL_NAIVE_NUMBA_PARALLEL...
APPROACH 2: QMATMUL_NAIVE_NUMBA_PARALLEL DONE. [time: 0.18648386001586914 s, all close: True, speed-up vs reference: 12.37]
APPROACH 3: QMATMUL_DIRECT_NUMPY_ST...
APPROACH 3: QMATMUL_DIRECT_NUMPY_ST DONE. [time: 0.009502410888671875 s, all close: True, speed-up vs reference: 242.73]
APPROACH 4: QMATMUL_DIRECT_NUMPY_PARALLEL...
APPROACH 4: QMATMUL_DIRECT_NUMPY_PARALLEL DONE. [time: 0.0038466453552246094 s, all close: True, speed-up vs reference: 599.62]
APPROACH 5: QMATMUL_DIRECT_NUMBA_CUDA...
APPROACH 5: QMATMUL_DIRECT_NUMBA_CUDA DONE. [time: 0.0036153793334960938 s, all close: True, speed-up vs reference: 637.97]
APPROACH 6: QMATMUL_ALGO_NUMPY_ST...
APPROACH 6: QMATMUL_ALGO_NUMPY_ST DONE. [time: 0.011748313903808594 s, all close: True, speed-up vs reference: 196.33]
APPROACH 7: QMATMUL_ALGO_NUMPY_PARALLEL...
APPROACH 7: QMATMUL_ALGO_NUMPY_PARALLEL DONE. [time: 0.004280567169189453 s, all close: True, speed-up vs reference: 538.83]
APPROACH 8: QMATMUL_ALGO_NUMBA_CUDA...
APPROACH 8: QMATMUL_ALGO_NUMBA_CUDA DONE. [time: 0.005464315414428711 s, all close: True, speed-up vs reference: 422.10]
REPETITION: 18/100:
APPROACH 1: QMATMUL_NAIVE_NUMBA_ST...
APPROACH 1: QMATMUL_NAIVE_NUMBA_ST DONE. [time: 2.291426658630371 s, all close: True, speed-up vs reference: 1.01]
APPROACH 2: QMATMUL_NAIVE_NUMBA_PARALLEL...
APPROACH 2: QMATMUL_NAIVE_NUMBA_PARALLEL DONE. [time: 0.18889474868774414 s, all close: True, speed-up vs reference: 12.21]
APPROACH 3: QMATMUL_DIRECT_NUMPY_ST...
APPROACH 3: QMATMUL_DIRECT_NUMPY_ST DONE. [time: 0.009679555892944336 s, all close: True, speed-up vs reference: 238.29]
APPROACH 4: QMATMUL_DIRECT_NUMPY_PARALLEL...
APPROACH 4: QMATMUL_DIRECT_NUMPY_PARALLEL DONE. [time: 0.004136800765991211 s, all close: True, speed-up vs reference: 557.56]
APPROACH 5: QMATMUL_DIRECT_NUMBA_CUDA...
APPROACH 5: QMATMUL_DIRECT_NUMBA_CUDA DONE. [time: 0.002622842788696289 s, all close: True, speed-up vs reference: 879.39]
APPROACH 6: QMATMUL_ALGO_NUMPY_ST...
APPROACH 6: QMATMUL_ALGO_NUMPY_ST DONE. [time: 0.011588573455810547 s, all close: True, speed-up vs reference: 199.03]
APPROACH 7: QMATMUL_ALGO_NUMPY_PARALLEL...
APPROACH 7: QMATMUL_ALGO_NUMPY_PARALLEL DONE. [time: 0.0044362545013427734 s, all close: True, speed-up vs reference: 519.92]
APPROACH 8: QMATMUL_ALGO_NUMBA_CUDA...
APPROACH 8: QMATMUL_ALGO_NUMBA_CUDA DONE. [time: 0.0064849853515625 s, all close: True, speed-up vs reference: 355.67]
REPETITION: 19/100:
APPROACH 1: QMATMUL_NAIVE_NUMBA_ST...
APPROACH 1: QMATMUL_NAIVE_NUMBA_ST DONE. [time: 2.279832124710083 s, all close: True, speed-up vs reference: 1.01]
APPROACH 2: QMATMUL_NAIVE_NUMBA_PARALLEL...
APPROACH 2: QMATMUL_NAIVE_NUMBA_PARALLEL DONE. [time: 0.18713784217834473 s, all close: True, speed-up vs reference: 12.33]
APPROACH 3: QMATMUL_DIRECT_NUMPY_ST...
APPROACH 3: QMATMUL_DIRECT_NUMPY_ST DONE. [time: 0.009474754333496094 s, all close: True, speed-up vs reference: 243.44]
APPROACH 4: QMATMUL_DIRECT_NUMPY_PARALLEL...
APPROACH 4: QMATMUL_DIRECT_NUMPY_PARALLEL DONE. [time: 0.004107236862182617 s, all close: True, speed-up vs reference: 561.57]
APPROACH 5: QMATMUL_DIRECT_NUMBA_CUDA...
APPROACH 5: QMATMUL_DIRECT_NUMBA_CUDA DONE. [time: 0.002717733383178711 s, all close: True, speed-up vs reference: 848.69]
APPROACH 6: QMATMUL_ALGO_NUMPY_ST...
APPROACH 6: QMATMUL_ALGO_NUMPY_ST DONE. [time: 0.011827707290649414 s, all close: True, speed-up vs reference: 195.01]
APPROACH 7: QMATMUL_ALGO_NUMPY_PARALLEL...
APPROACH 7: QMATMUL_ALGO_NUMPY_PARALLEL DONE. [time: 0.004495143890380859 s, all close: True, speed-up vs reference: 513.11]
APPROACH 8: QMATMUL_ALGO_NUMBA_CUDA...
APPROACH 8: QMATMUL_ALGO_NUMBA_CUDA DONE. [time: 0.006758451461791992 s, all close: True, speed-up vs reference: 341.28]
REPETITION: 20/100:
APPROACH 1: QMATMUL_NAIVE_NUMBA_ST...
APPROACH 1: QMATMUL_NAIVE_NUMBA_ST DONE. [time: 2.2856271266937256 s, all close: True, speed-up vs reference: 1.01]
APPROACH 2: QMATMUL_NAIVE_NUMBA_PARALLEL...
APPROACH 2: QMATMUL_NAIVE_NUMBA_PARALLEL DONE. [time: 0.18663716316223145 s, all close: True, speed-up vs reference: 12.36]
APPROACH 3: QMATMUL_DIRECT_NUMPY_ST...
APPROACH 3: QMATMUL_DIRECT_NUMPY_ST DONE. [time: 0.009488821029663086 s, all close: True, speed-up vs reference: 243.08]
APPROACH 4: QMATMUL_DIRECT_NUMPY_PARALLEL...
APPROACH 4: QMATMUL_DIRECT_NUMPY_PARALLEL DONE. [time: 0.0040738582611083984 s, all close: True, speed-up vs reference: 566.17]
APPROACH 5: QMATMUL_DIRECT_NUMBA_CUDA...
APPROACH 5: QMATMUL_DIRECT_NUMBA_CUDA DONE. [time: 0.0027244091033935547 s, all close: True, speed-up vs reference: 846.61]
APPROACH 6: QMATMUL_ALGO_NUMPY_ST...
APPROACH 6: QMATMUL_ALGO_NUMPY_ST DONE. [time: 0.011684179306030273 s, all close: True, speed-up vs reference: 197.40]
APPROACH 7: QMATMUL_ALGO_NUMPY_PARALLEL...
APPROACH 7: QMATMUL_ALGO_NUMPY_PARALLEL DONE. [time: 0.004506826400756836 s, all close: True, speed-up vs reference: 511.78]
APPROACH 8: QMATMUL_ALGO_NUMBA_CUDA...
APPROACH 8: QMATMUL_ALGO_NUMBA_CUDA DONE. [time: 0.00657963752746582 s, all close: True, speed-up vs reference: 350.55]
REPETITION: 21/100:
APPROACH 1: QMATMUL_NAIVE_NUMBA_ST...
APPROACH 1: QMATMUL_NAIVE_NUMBA_ST DONE. [time: 2.3065738677978516 s, all close: True, speed-up vs reference: 1.00]
APPROACH 2: QMATMUL_NAIVE_NUMBA_PARALLEL...
APPROACH 2: QMATMUL_NAIVE_NUMBA_PARALLEL DONE. [time: 0.13658738136291504 s, all close: True, speed-up vs reference: 16.89]
APPROACH 3: QMATMUL_DIRECT_NUMPY_ST...
APPROACH 3: QMATMUL_DIRECT_NUMPY_ST DONE. [time: 0.009398937225341797 s, all close: True, speed-up vs reference: 245.40]
APPROACH 4: QMATMUL_DIRECT_NUMPY_PARALLEL...
APPROACH 4: QMATMUL_DIRECT_NUMPY_PARALLEL DONE. [time: 0.003347635269165039 s, all close: True, speed-up vs reference: 689.00]
APPROACH 5: QMATMUL_DIRECT_NUMBA_CUDA...
APPROACH 5: QMATMUL_DIRECT_NUMBA_CUDA DONE. [time: 0.0027341842651367188 s, all close: True, speed-up vs reference: 843.58]
APPROACH 6: QMATMUL_ALGO_NUMPY_ST...
APPROACH 6: QMATMUL_ALGO_NUMPY_ST DONE. [time: 0.011682510375976562 s, all close: True, speed-up vs reference: 197.43]
APPROACH 7: QMATMUL_ALGO_NUMPY_PARALLEL...
APPROACH 7: QMATMUL_ALGO_NUMPY_PARALLEL DONE. [time: 0.017110586166381836 s, all close: True, speed-up vs reference: 134.80]
APPROACH 8: QMATMUL_ALGO_NUMBA_CUDA...
APPROACH 8: QMATMUL_ALGO_NUMBA_CUDA DONE. [time: 0.009309768676757812 s, all close: True, speed-up vs reference: 247.75]
REPETITION: 22/100:
APPROACH 1: QMATMUL_NAIVE_NUMBA_ST...
APPROACH 1: QMATMUL_NAIVE_NUMBA_ST DONE. [time: 2.302351474761963 s, all close: True, speed-up vs reference: 1.00]
APPROACH 2: QMATMUL_NAIVE_NUMBA_PARALLEL...
APPROACH 2: QMATMUL_NAIVE_NUMBA_PARALLEL DONE. [time: 0.13643431663513184 s, all close: True, speed-up vs reference: 16.91]
APPROACH 3: QMATMUL_DIRECT_NUMPY_ST...
APPROACH 3: QMATMUL_DIRECT_NUMPY_ST DONE. [time: 0.009302139282226562 s, all close: True, speed-up vs reference: 247.96]
APPROACH 4: QMATMUL_DIRECT_NUMPY_PARALLEL...
APPROACH 4: QMATMUL_DIRECT_NUMPY_PARALLEL DONE. [time: 0.002966642379760742 s, all close: True, speed-up vs reference: 777.48]
APPROACH 5: QMATMUL_DIRECT_NUMBA_CUDA...
APPROACH 5: QMATMUL_DIRECT_NUMBA_CUDA DONE. [time: 0.0026731491088867188 s, all close: True, speed-up vs reference: 862.84]
APPROACH 6: QMATMUL_ALGO_NUMPY_ST...
APPROACH 6: QMATMUL_ALGO_NUMPY_ST DONE. [time: 0.011549234390258789 s, all close: True, speed-up vs reference: 199.71]
APPROACH 7: QMATMUL_ALGO_NUMPY_PARALLEL...
APPROACH 7: QMATMUL_ALGO_NUMPY_PARALLEL DONE. [time: 0.0036716461181640625 s, all close: True, speed-up vs reference: 628.20]
APPROACH 8: QMATMUL_ALGO_NUMBA_CUDA...
APPROACH 8: QMATMUL_ALGO_NUMBA_CUDA DONE. [time: 0.005821704864501953 s, all close: True, speed-up vs reference: 396.19]
REPETITION: 23/100:
APPROACH 1: QMATMUL_NAIVE_NUMBA_ST...
APPROACH 1: QMATMUL_NAIVE_NUMBA_ST DONE. [time: 2.268123149871826 s, all close: True, speed-up vs reference: 1.02]
APPROACH 2: QMATMUL_NAIVE_NUMBA_PARALLEL...
APPROACH 2: QMATMUL_NAIVE_NUMBA_PARALLEL DONE. [time: 0.14896321296691895 s, all close: True, speed-up vs reference: 15.48]
APPROACH 3: QMATMUL_DIRECT_NUMPY_ST...
APPROACH 3: QMATMUL_DIRECT_NUMPY_ST DONE. [time: 0.009340047836303711 s, all close: True, speed-up vs reference: 246.95]
APPROACH 4: QMATMUL_DIRECT_NUMPY_PARALLEL...
APPROACH 4: QMATMUL_DIRECT_NUMPY_PARALLEL DONE. [time: 0.0029649734497070312 s, all close: True, speed-up vs reference: 777.92]
APPROACH 5: QMATMUL_DIRECT_NUMBA_CUDA...
APPROACH 5: QMATMUL_DIRECT_NUMBA_CUDA DONE. [time: 0.0033614635467529297 s, all close: True, speed-up vs reference: 686.16]
APPROACH 6: QMATMUL_ALGO_NUMPY_ST...
APPROACH 6: QMATMUL_ALGO_NUMPY_ST DONE. [time: 0.011680841445922852 s, all close: True, speed-up vs reference: 197.46]
APPROACH 7: QMATMUL_ALGO_NUMPY_PARALLEL...
APPROACH 7: QMATMUL_ALGO_NUMPY_PARALLEL DONE. [time: 0.003793478012084961 s, all close: True, speed-up vs reference: 608.02]
APPROACH 8: QMATMUL_ALGO_NUMBA_CUDA...
APPROACH 8: QMATMUL_ALGO_NUMBA_CUDA DONE. [time: 0.005725383758544922 s, all close: True, speed-up vs reference: 402.86]
REPETITION: 24/100:
APPROACH 1: QMATMUL_NAIVE_NUMBA_ST...
APPROACH 1: QMATMUL_NAIVE_NUMBA_ST DONE. [time: 2.266176462173462 s, all close: True, speed-up vs reference: 1.02]
APPROACH 2: QMATMUL_NAIVE_NUMBA_PARALLEL...
APPROACH 2: QMATMUL_NAIVE_NUMBA_PARALLEL DONE. [time: 0.15256810188293457 s, all close: True, speed-up vs reference: 15.12]
APPROACH 3: QMATMUL_DIRECT_NUMPY_ST...
APPROACH 3: QMATMUL_DIRECT_NUMPY_ST DONE. [time: 0.009341001510620117 s, all close: True, speed-up vs reference: 246.92]
APPROACH 4: QMATMUL_DIRECT_NUMPY_PARALLEL...
APPROACH 4: QMATMUL_DIRECT_NUMPY_PARALLEL DONE. [time: 0.0029740333557128906 s, all close: True, speed-up vs reference: 775.55]
APPROACH 5: QMATMUL_DIRECT_NUMBA_CUDA...
APPROACH 5: QMATMUL_DIRECT_NUMBA_CUDA DONE. [time: 0.0033583641052246094 s, all close: True, speed-up vs reference: 686.80]
APPROACH 6: QMATMUL_ALGO_NUMPY_ST...
APPROACH 6: QMATMUL_ALGO_NUMPY_ST DONE. [time: 0.01154184341430664 s, all close: True, speed-up vs reference: 199.84]
APPROACH 7: QMATMUL_ALGO_NUMPY_PARALLEL...
APPROACH 7: QMATMUL_ALGO_NUMPY_PARALLEL DONE. [time: 0.0036773681640625 s, all close: True, speed-up vs reference: 627.22]
APPROACH 8: QMATMUL_ALGO_NUMBA_CUDA...
APPROACH 8: QMATMUL_ALGO_NUMBA_CUDA DONE. [time: 0.005888462066650391 s, all close: True, speed-up vs reference: 391.70]
REPETITION: 25/100:
APPROACH 1: QMATMUL_NAIVE_NUMBA_ST...
APPROACH 1: QMATMUL_NAIVE_NUMBA_ST DONE. [time: 2.26713490486145 s, all close: True, speed-up vs reference: 1.02]
APPROACH 2: QMATMUL_NAIVE_NUMBA_PARALLEL...
APPROACH 2: QMATMUL_NAIVE_NUMBA_PARALLEL DONE. [time: 0.13671326637268066 s, all close: True, speed-up vs reference: 16.87]
APPROACH 3: QMATMUL_DIRECT_NUMPY_ST...
APPROACH 3: QMATMUL_DIRECT_NUMPY_ST DONE. [time: 0.009503841400146484 s, all close: True, speed-up vs reference: 242.69]
APPROACH 4: QMATMUL_DIRECT_NUMPY_PARALLEL...
APPROACH 4: QMATMUL_DIRECT_NUMPY_PARALLEL DONE. [time: 0.0029973983764648438 s, all close: True, speed-up vs reference: 769.50]
APPROACH 5: QMATMUL_DIRECT_NUMBA_CUDA...
APPROACH 5: QMATMUL_DIRECT_NUMBA_CUDA DONE. [time: 0.0034012794494628906 s, all close: True, speed-up vs reference: 678.13]
APPROACH 6: QMATMUL_ALGO_NUMPY_ST...
APPROACH 6: QMATMUL_ALGO_NUMPY_ST DONE. [time: 0.011678934097290039 s, all close: True, speed-up vs reference: 197.49]
APPROACH 7: QMATMUL_ALGO_NUMPY_PARALLEL...
APPROACH 7: QMATMUL_ALGO_NUMPY_PARALLEL DONE. [time: 0.003726959228515625 s, all close: True, speed-up vs reference: 618.87]
APPROACH 8: QMATMUL_ALGO_NUMBA_CUDA...
APPROACH 8: QMATMUL_ALGO_NUMBA_CUDA DONE. [time: 0.005893230438232422 s, all close: True, speed-up vs reference: 391.38]
REPETITION: 26/100:
APPROACH 1: QMATMUL_NAIVE_NUMBA_ST...
APPROACH 1: QMATMUL_NAIVE_NUMBA_ST DONE. [time: 2.2875852584838867 s, all close: True, speed-up vs reference: 1.01]
APPROACH 2: QMATMUL_NAIVE_NUMBA_PARALLEL...
APPROACH 2: QMATMUL_NAIVE_NUMBA_PARALLEL DONE. [time: 0.1364123821258545 s, all close: True, speed-up vs reference: 16.91]
APPROACH 3: QMATMUL_DIRECT_NUMPY_ST...
APPROACH 3: QMATMUL_DIRECT_NUMPY_ST DONE. [time: 0.009287595748901367 s, all close: True, speed-up vs reference: 248.34]
APPROACH 4: QMATMUL_DIRECT_NUMPY_PARALLEL...
APPROACH 4: QMATMUL_DIRECT_NUMPY_PARALLEL DONE. [time: 0.0029456615447998047 s, all close: True, speed-up vs reference: 783.02]
APPROACH 5: QMATMUL_DIRECT_NUMBA_CUDA...
APPROACH 5: QMATMUL_DIRECT_NUMBA_CUDA DONE. [time: 0.0033655166625976562 s, all close: True, speed-up vs reference: 685.34]
APPROACH 6: QMATMUL_ALGO_NUMPY_ST...
APPROACH 6: QMATMUL_ALGO_NUMPY_ST DONE. [time: 0.011530399322509766 s, all close: True, speed-up vs reference: 200.04]
APPROACH 7: QMATMUL_ALGO_NUMPY_PARALLEL...
APPROACH 7: QMATMUL_ALGO_NUMPY_PARALLEL DONE. [time: 0.0037720203399658203 s, all close: True, speed-up vs reference: 611.48]
APPROACH 8: QMATMUL_ALGO_NUMBA_CUDA...
APPROACH 8: QMATMUL_ALGO_NUMBA_CUDA DONE. [time: 0.005851268768310547 s, all close: True, speed-up vs reference: 394.19]
REPETITION: 27/100:
APPROACH 1: QMATMUL_NAIVE_NUMBA_ST...
APPROACH 1: QMATMUL_NAIVE_NUMBA_ST DONE. [time: 2.267775058746338 s, all close: True, speed-up vs reference: 1.02]
APPROACH 2: QMATMUL_NAIVE_NUMBA_PARALLEL...
APPROACH 2: QMATMUL_NAIVE_NUMBA_PARALLEL DONE. [time: 0.16089391708374023 s, all close: True, speed-up vs reference: 14.34]
APPROACH 3: QMATMUL_DIRECT_NUMPY_ST...
APPROACH 3: QMATMUL_DIRECT_NUMPY_ST DONE. [time: 0.009326696395874023 s, all close: True, speed-up vs reference: 247.30]
APPROACH 4: QMATMUL_DIRECT_NUMPY_PARALLEL...
APPROACH 4: QMATMUL_DIRECT_NUMPY_PARALLEL DONE. [time: 0.0029811859130859375 s, all close: True, speed-up vs reference: 773.69]
APPROACH 5: QMATMUL_DIRECT_NUMBA_CUDA...
APPROACH 5: QMATMUL_DIRECT_NUMBA_CUDA DONE. [time: 0.004712343215942383 s, all close: True, speed-up vs reference: 489.46]
APPROACH 6: QMATMUL_ALGO_NUMPY_ST...
APPROACH 6: QMATMUL_ALGO_NUMPY_ST DONE. [time: 0.011698722839355469 s, all close: True, speed-up vs reference: 197.16]
APPROACH 7: QMATMUL_ALGO_NUMPY_PARALLEL...
APPROACH 7: QMATMUL_ALGO_NUMPY_PARALLEL DONE. [time: 0.0037717819213867188 s, all close: True, speed-up vs reference: 611.52]
APPROACH 8: QMATMUL_ALGO_NUMBA_CUDA...
APPROACH 8: QMATMUL_ALGO_NUMBA_CUDA DONE. [time: 0.005710124969482422 s, all close: True, speed-up vs reference: 403.93]
REPETITION: 28/100:
APPROACH 1: QMATMUL_NAIVE_NUMBA_ST...
APPROACH 1: QMATMUL_NAIVE_NUMBA_ST DONE. [time: 2.2686240673065186 s, all close: True, speed-up vs reference: 1.02]
APPROACH 2: QMATMUL_NAIVE_NUMBA_PARALLEL...
APPROACH 2: QMATMUL_NAIVE_NUMBA_PARALLEL DONE. [time: 0.13663744926452637 s, all close: True, speed-up vs reference: 16.88]
APPROACH 3: QMATMUL_DIRECT_NUMPY_ST...
APPROACH 3: QMATMUL_DIRECT_NUMPY_ST DONE. [time: 0.009473800659179688 s, all close: True, speed-up vs reference: 243.46]
APPROACH 4: QMATMUL_DIRECT_NUMPY_PARALLEL...
APPROACH 4: QMATMUL_DIRECT_NUMPY_PARALLEL DONE. [time: 0.0029449462890625 s, all close: True, speed-up vs reference: 783.21]
APPROACH 5: QMATMUL_DIRECT_NUMBA_CUDA...
APPROACH 5: QMATMUL_DIRECT_NUMBA_CUDA DONE. [time: 0.0036017894744873047 s, all close: True, speed-up vs reference: 640.38]
APPROACH 6: QMATMUL_ALGO_NUMPY_ST...
APPROACH 6: QMATMUL_ALGO_NUMPY_ST DONE. [time: 0.011689186096191406 s, all close: True, speed-up vs reference: 197.32]
APPROACH 7: QMATMUL_ALGO_NUMPY_PARALLEL...
APPROACH 7: QMATMUL_ALGO_NUMPY_PARALLEL DONE. [time: 0.003720521926879883 s, all close: True, speed-up vs reference: 619.94]
APPROACH 8: QMATMUL_ALGO_NUMBA_CUDA...
APPROACH 8: QMATMUL_ALGO_NUMBA_CUDA DONE. [time: 0.0054700374603271484 s, all close: True, speed-up vs reference: 421.66]
REPETITION: 29/100:
APPROACH 1: QMATMUL_NAIVE_NUMBA_ST...
APPROACH 1: QMATMUL_NAIVE_NUMBA_ST DONE. [time: 2.276650905609131 s, all close: True, speed-up vs reference: 1.01]
APPROACH 2: QMATMUL_NAIVE_NUMBA_PARALLEL...
APPROACH 2: QMATMUL_NAIVE_NUMBA_PARALLEL DONE. [time: 0.13651800155639648 s, all close: True, speed-up vs reference: 16.90]
APPROACH 3: QMATMUL_DIRECT_NUMPY_ST...
APPROACH 3: QMATMUL_DIRECT_NUMPY_ST DONE. [time: 0.009338140487670898 s, all close: True, speed-up vs reference: 247.00]
APPROACH 4: QMATMUL_DIRECT_NUMPY_PARALLEL...
APPROACH 4: QMATMUL_DIRECT_NUMPY_PARALLEL DONE. [time: 0.0029799938201904297 s, all close: True, speed-up vs reference: 774.00]
APPROACH 5: QMATMUL_DIRECT_NUMBA_CUDA...
APPROACH 5: QMATMUL_DIRECT_NUMBA_CUDA DONE. [time: 0.0026111602783203125 s, all close: True, speed-up vs reference: 883.33]
APPROACH 6: QMATMUL_ALGO_NUMPY_ST...
APPROACH 6: QMATMUL_ALGO_NUMPY_ST DONE. [time: 0.01155853271484375 s, all close: True, speed-up vs reference: 199.55]
APPROACH 7: QMATMUL_ALGO_NUMPY_PARALLEL...
APPROACH 7: QMATMUL_ALGO_NUMPY_PARALLEL DONE. [time: 0.003674030303955078 s, all close: True, speed-up vs reference: 627.79]
APPROACH 8: QMATMUL_ALGO_NUMBA_CUDA...
APPROACH 8: QMATMUL_ALGO_NUMBA_CUDA DONE. [time: 0.006673097610473633 s, all close: True, speed-up vs reference: 345.64]
REPETITION: 30/100:
APPROACH 1: QMATMUL_NAIVE_NUMBA_ST...
APPROACH 1: QMATMUL_NAIVE_NUMBA_ST DONE. [time: 2.2672436237335205 s, all close: True, speed-up vs reference: 1.02]
APPROACH 2: QMATMUL_NAIVE_NUMBA_PARALLEL...
APPROACH 2: QMATMUL_NAIVE_NUMBA_PARALLEL DONE. [time: 0.16341042518615723 s, all close: True, speed-up vs reference: 14.11]
APPROACH 3: QMATMUL_DIRECT_NUMPY_ST...
APPROACH 3: QMATMUL_DIRECT_NUMPY_ST DONE. [time: 0.009518623352050781 s, all close: True, speed-up vs reference: 242.32]
APPROACH 4: QMATMUL_DIRECT_NUMPY_PARALLEL...
APPROACH 4: QMATMUL_DIRECT_NUMPY_PARALLEL DONE. [time: 0.002963542938232422 s, all close: True, speed-up vs reference: 778.30]
APPROACH 5: QMATMUL_DIRECT_NUMBA_CUDA...
APPROACH 5: QMATMUL_DIRECT_NUMBA_CUDA DONE. [time: 0.002676248550415039 s, all close: True, speed-up vs reference: 861.85]
APPROACH 6: QMATMUL_ALGO_NUMPY_ST...
APPROACH 6: QMATMUL_ALGO_NUMPY_ST DONE. [time: 0.011649370193481445 s, all close: True, speed-up vs reference: 197.99]
APPROACH 7: QMATMUL_ALGO_NUMPY_PARALLEL...
APPROACH 7: QMATMUL_ALGO_NUMPY_PARALLEL DONE. [time: 0.0036590099334716797 s, all close: True, speed-up vs reference: 630.37]
APPROACH 8: QMATMUL_ALGO_NUMBA_CUDA...
APPROACH 8: QMATMUL_ALGO_NUMBA_CUDA DONE. [time: 0.006530284881591797 s, all close: True, speed-up vs reference: 353.20]
REPETITION: 31/100:
APPROACH 1: QMATMUL_NAIVE_NUMBA_ST...
APPROACH 1: QMATMUL_NAIVE_NUMBA_ST DONE. [time: 2.2712395191192627 s, all close: True, speed-up vs reference: 1.02]
APPROACH 2: QMATMUL_NAIVE_NUMBA_PARALLEL...
APPROACH 2: QMATMUL_NAIVE_NUMBA_PARALLEL DONE. [time: 0.1390058994293213 s, all close: True, speed-up vs reference: 16.59]
APPROACH 3: QMATMUL_DIRECT_NUMPY_ST...
APPROACH 3: QMATMUL_DIRECT_NUMPY_ST DONE. [time: 0.009275674819946289 s, all close: True, speed-up vs reference: 248.66]
APPROACH 4: QMATMUL_DIRECT_NUMPY_PARALLEL...
APPROACH 4: QMATMUL_DIRECT_NUMPY_PARALLEL DONE. [time: 0.002946615219116211 s, all close: True, speed-up vs reference: 782.77]
APPROACH 5: QMATMUL_DIRECT_NUMBA_CUDA...
APPROACH 5: QMATMUL_DIRECT_NUMBA_CUDA DONE. [time: 0.00270843505859375 s, all close: True, speed-up vs reference: 851.60]
APPROACH 6: QMATMUL_ALGO_NUMPY_ST...
APPROACH 6: QMATMUL_ALGO_NUMPY_ST DONE. [time: 0.011685371398925781 s, all close: True, speed-up vs reference: 197.38]
APPROACH 7: QMATMUL_ALGO_NUMPY_PARALLEL...
APPROACH 7: QMATMUL_ALGO_NUMPY_PARALLEL DONE. [time: 0.003706693649291992 s, all close: True, speed-up vs reference: 622.26]
APPROACH 8: QMATMUL_ALGO_NUMBA_CUDA...
APPROACH 8: QMATMUL_ALGO_NUMBA_CUDA DONE. [time: 0.006726503372192383 s, all close: True, speed-up vs reference: 342.90]
REPETITION: 32/100:
APPROACH 1: QMATMUL_NAIVE_NUMBA_ST...
APPROACH 1: QMATMUL_NAIVE_NUMBA_ST DONE. [time: 2.267226457595825 s, all close: True, speed-up vs reference: 1.02]
APPROACH 2: QMATMUL_NAIVE_NUMBA_PARALLEL...
APPROACH 2: QMATMUL_NAIVE_NUMBA_PARALLEL DONE. [time: 0.13702774047851562 s, all close: True, speed-up vs reference: 16.83]
APPROACH 3: QMATMUL_DIRECT_NUMPY_ST...
APPROACH 3: QMATMUL_DIRECT_NUMPY_ST DONE. [time: 0.009274482727050781 s, all close: True, speed-up vs reference: 248.69]
APPROACH 4: QMATMUL_DIRECT_NUMPY_PARALLEL...
APPROACH 4: QMATMUL_DIRECT_NUMPY_PARALLEL DONE. [time: 0.0029532909393310547 s, all close: True, speed-up vs reference: 781.00]
APPROACH 5: QMATMUL_DIRECT_NUMBA_CUDA...
APPROACH 5: QMATMUL_DIRECT_NUMBA_CUDA DONE. [time: 0.0026853084564208984 s, all close: True, speed-up vs reference: 858.94]
APPROACH 6: QMATMUL_ALGO_NUMPY_ST...
APPROACH 6: QMATMUL_ALGO_NUMPY_ST DONE. [time: 0.011548280715942383 s, all close: True, speed-up vs reference: 199.73]
APPROACH 7: QMATMUL_ALGO_NUMPY_PARALLEL...
APPROACH 7: QMATMUL_ALGO_NUMPY_PARALLEL DONE. [time: 0.0037069320678710938 s, all close: True, speed-up vs reference: 622.22]
APPROACH 8: QMATMUL_ALGO_NUMBA_CUDA...
APPROACH 8: QMATMUL_ALGO_NUMBA_CUDA DONE. [time: 0.006813526153564453 s, all close: True, speed-up vs reference: 338.52]
REPETITION: 33/100:
APPROACH 1: QMATMUL_NAIVE_NUMBA_ST...
APPROACH 1: QMATMUL_NAIVE_NUMBA_ST DONE. [time: 2.2735636234283447 s, all close: True, speed-up vs reference: 1.01]
APPROACH 2: QMATMUL_NAIVE_NUMBA_PARALLEL...
APPROACH 2: QMATMUL_NAIVE_NUMBA_PARALLEL DONE. [time: 0.15767455101013184 s, all close: True, speed-up vs reference: 14.63]
APPROACH 3: QMATMUL_DIRECT_NUMPY_ST...
APPROACH 3: QMATMUL_DIRECT_NUMPY_ST DONE. [time: 0.014760971069335938 s, all close: True, speed-up vs reference: 156.26]
APPROACH 4: QMATMUL_DIRECT_NUMPY_PARALLEL...
APPROACH 4: QMATMUL_DIRECT_NUMPY_PARALLEL DONE. [time: 0.006003141403198242 s, all close: True, speed-up vs reference: 384.22]
APPROACH 5: QMATMUL_DIRECT_NUMBA_CUDA...
APPROACH 5: QMATMUL_DIRECT_NUMBA_CUDA DONE. [time: 0.0029485225677490234 s, all close: True, speed-up vs reference: 782.26]
APPROACH 6: QMATMUL_ALGO_NUMPY_ST...
APPROACH 6: QMATMUL_ALGO_NUMPY_ST DONE. [time: 0.012433052062988281 s, all close: True, speed-up vs reference: 185.51]
APPROACH 7: QMATMUL_ALGO_NUMPY_PARALLEL...
APPROACH 7: QMATMUL_ALGO_NUMPY_PARALLEL DONE. [time: 0.003729104995727539 s, all close: True, speed-up vs reference: 618.52]
APPROACH 8: QMATMUL_ALGO_NUMBA_CUDA...
APPROACH 8: QMATMUL_ALGO_NUMBA_CUDA DONE. [time: 0.006848573684692383 s, all close: True, speed-up vs reference: 336.79]
REPETITION: 34/100:
APPROACH 1: QMATMUL_NAIVE_NUMBA_ST...
APPROACH 1: QMATMUL_NAIVE_NUMBA_ST DONE. [time: 2.4282517433166504 s, all close: True, speed-up vs reference: 0.95]
APPROACH 2: QMATMUL_NAIVE_NUMBA_PARALLEL...
APPROACH 2: QMATMUL_NAIVE_NUMBA_PARALLEL DONE. [time: 0.19860243797302246 s, all close: True, speed-up vs reference: 11.61]
APPROACH 3: QMATMUL_DIRECT_NUMPY_ST...
APPROACH 3: QMATMUL_DIRECT_NUMPY_ST DONE. [time: 0.009659051895141602 s, all close: True, speed-up vs reference: 238.79]
APPROACH 4: QMATMUL_DIRECT_NUMPY_PARALLEL...
APPROACH 4: QMATMUL_DIRECT_NUMPY_PARALLEL DONE. [time: 0.0037932395935058594 s, all close: True, speed-up vs reference: 608.06]
APPROACH 5: QMATMUL_DIRECT_NUMBA_CUDA...
APPROACH 5: QMATMUL_DIRECT_NUMBA_CUDA DONE. [time: 0.003383636474609375 s, all close: True, speed-up vs reference: 681.67]
APPROACH 6: QMATMUL_ALGO_NUMPY_ST...
APPROACH 6: QMATMUL_ALGO_NUMPY_ST DONE. [time: 0.011868715286254883 s, all close: True, speed-up vs reference: 194.34]
APPROACH 7: QMATMUL_ALGO_NUMPY_PARALLEL...
APPROACH 7: QMATMUL_ALGO_NUMPY_PARALLEL DONE. [time: 0.004220485687255859 s, all close: True, speed-up vs reference: 546.50]
APPROACH 8: QMATMUL_ALGO_NUMBA_CUDA...
APPROACH 8: QMATMUL_ALGO_NUMBA_CUDA DONE. [time: 0.005875349044799805 s, all close: True, speed-up vs reference: 392.57]
REPETITION: 35/100:
APPROACH 1: QMATMUL_NAIVE_NUMBA_ST...
APPROACH 1: QMATMUL_NAIVE_NUMBA_ST DONE. [time: 2.2906458377838135 s, all close: True, speed-up vs reference: 1.01]
APPROACH 2: QMATMUL_NAIVE_NUMBA_PARALLEL...
APPROACH 2: QMATMUL_NAIVE_NUMBA_PARALLEL DONE. [time: 0.15388894081115723 s, all close: True, speed-up vs reference: 14.99]
APPROACH 3: QMATMUL_DIRECT_NUMPY_ST...
APPROACH 3: QMATMUL_DIRECT_NUMPY_ST DONE. [time: 0.009395599365234375 s, all close: True, speed-up vs reference: 245.49]
APPROACH 4: QMATMUL_DIRECT_NUMPY_PARALLEL...
APPROACH 4: QMATMUL_DIRECT_NUMPY_PARALLEL DONE. [time: 0.0029692649841308594 s, all close: True, speed-up vs reference: 776.80]
APPROACH 5: QMATMUL_DIRECT_NUMBA_CUDA...
APPROACH 5: QMATMUL_DIRECT_NUMBA_CUDA DONE. [time: 0.0033566951751708984 s, all close: True, speed-up vs reference: 687.14]
APPROACH 6: QMATMUL_ALGO_NUMPY_ST...
APPROACH 6: QMATMUL_ALGO_NUMPY_ST DONE. [time: 0.011663436889648438 s, all close: True, speed-up vs reference: 197.76]
APPROACH 7: QMATMUL_ALGO_NUMPY_PARALLEL...
APPROACH 7: QMATMUL_ALGO_NUMPY_PARALLEL DONE. [time: 0.004296064376831055 s, all close: True, speed-up vs reference: 536.89]
APPROACH 8: QMATMUL_ALGO_NUMBA_CUDA...
APPROACH 8: QMATMUL_ALGO_NUMBA_CUDA DONE. [time: 0.005846500396728516 s, all close: True, speed-up vs reference: 394.51]
REPETITION: 36/100:
APPROACH 1: QMATMUL_NAIVE_NUMBA_ST...
APPROACH 1: QMATMUL_NAIVE_NUMBA_ST DONE. [time: 2.2913050651550293 s, all close: True, speed-up vs reference: 1.01]
APPROACH 2: QMATMUL_NAIVE_NUMBA_PARALLEL...
APPROACH 2: QMATMUL_NAIVE_NUMBA_PARALLEL DONE. [time: 0.18332743644714355 s, all close: True, speed-up vs reference: 12.58]
APPROACH 3: QMATMUL_DIRECT_NUMPY_ST...
APPROACH 3: QMATMUL_DIRECT_NUMPY_ST DONE. [time: 0.009790420532226562 s, all close: True, speed-up vs reference: 235.59]
APPROACH 4: QMATMUL_DIRECT_NUMPY_PARALLEL...
APPROACH 4: QMATMUL_DIRECT_NUMPY_PARALLEL DONE. [time: 0.004078865051269531 s, all close: True, speed-up vs reference: 565.48]
APPROACH 5: QMATMUL_DIRECT_NUMBA_CUDA...
APPROACH 5: QMATMUL_DIRECT_NUMBA_CUDA DONE. [time: 0.0033676624298095703 s, all close: True, speed-up vs reference: 684.90]
APPROACH 6: QMATMUL_ALGO_NUMPY_ST...
APPROACH 6: QMATMUL_ALGO_NUMPY_ST DONE. [time: 0.011911630630493164 s, all close: True, speed-up vs reference: 193.64]
APPROACH 7: QMATMUL_ALGO_NUMPY_PARALLEL...
APPROACH 7: QMATMUL_ALGO_NUMPY_PARALLEL DONE. [time: 0.0044443607330322266 s, all close: True, speed-up vs reference: 518.98]
APPROACH 8: QMATMUL_ALGO_NUMBA_CUDA...
APPROACH 8: QMATMUL_ALGO_NUMBA_CUDA DONE. [time: 0.005667924880981445 s, all close: True, speed-up vs reference: 406.94]
REPETITION: 37/100:
APPROACH 1: QMATMUL_NAIVE_NUMBA_ST...
APPROACH 1: QMATMUL_NAIVE_NUMBA_ST DONE. [time: 2.3284213542938232 s, all close: True, speed-up vs reference: 0.99]
APPROACH 2: QMATMUL_NAIVE_NUMBA_PARALLEL...
APPROACH 2: QMATMUL_NAIVE_NUMBA_PARALLEL DONE. [time: 0.16941404342651367 s, all close: True, speed-up vs reference: 13.61]
APPROACH 3: QMATMUL_DIRECT_NUMPY_ST...
APPROACH 3: QMATMUL_DIRECT_NUMPY_ST DONE. [time: 0.009746789932250977 s, all close: True, speed-up vs reference: 236.64]
APPROACH 4: QMATMUL_DIRECT_NUMPY_PARALLEL...
APPROACH 4: QMATMUL_DIRECT_NUMPY_PARALLEL DONE. [time: 0.002931833267211914 s, all close: True, speed-up vs reference: 786.71]
APPROACH 5: QMATMUL_DIRECT_NUMBA_CUDA...
APPROACH 5: QMATMUL_DIRECT_NUMBA_CUDA DONE. [time: 0.003710031509399414 s, all close: True, speed-up vs reference: 621.70]
APPROACH 6: QMATMUL_ALGO_NUMPY_ST...
APPROACH 6: QMATMUL_ALGO_NUMPY_ST DONE. [time: 0.011712074279785156 s, all close: True, speed-up vs reference: 196.93]
APPROACH 7: QMATMUL_ALGO_NUMPY_PARALLEL...
APPROACH 7: QMATMUL_ALGO_NUMPY_PARALLEL DONE. [time: 0.016187191009521484 s, all close: True, speed-up vs reference: 142.49]
APPROACH 8: QMATMUL_ALGO_NUMBA_CUDA...
APPROACH 8: QMATMUL_ALGO_NUMBA_CUDA DONE. [time: 0.005774974822998047 s, all close: True, speed-up vs reference: 399.40]
REPETITION: 38/100:
APPROACH 1: QMATMUL_NAIVE_NUMBA_ST...
APPROACH 1: QMATMUL_NAIVE_NUMBA_ST DONE. [time: 2.3111045360565186 s, all close: True, speed-up vs reference: 1.00]
APPROACH 2: QMATMUL_NAIVE_NUMBA_PARALLEL...
APPROACH 2: QMATMUL_NAIVE_NUMBA_PARALLEL DONE. [time: 0.15397071838378906 s, all close: True, speed-up vs reference: 14.98]
APPROACH 3: QMATMUL_DIRECT_NUMPY_ST...
APPROACH 3: QMATMUL_DIRECT_NUMPY_ST DONE. [time: 0.009346246719360352 s, all close: True, speed-up vs reference: 246.78]
APPROACH 4: QMATMUL_DIRECT_NUMPY_PARALLEL...
APPROACH 4: QMATMUL_DIRECT_NUMPY_PARALLEL DONE. [time: 0.004045248031616211 s, all close: True, speed-up vs reference: 570.18]
APPROACH 5: QMATMUL_DIRECT_NUMBA_CUDA...
APPROACH 5: QMATMUL_DIRECT_NUMBA_CUDA DONE. [time: 0.007254838943481445 s, all close: True, speed-up vs reference: 317.93]
APPROACH 6: QMATMUL_ALGO_NUMPY_ST...
APPROACH 6: QMATMUL_ALGO_NUMPY_ST DONE. [time: 0.011651754379272461 s, all close: True, speed-up vs reference: 197.95]
APPROACH 7: QMATMUL_ALGO_NUMPY_PARALLEL...
APPROACH 7: QMATMUL_ALGO_NUMPY_PARALLEL DONE. [time: 0.0036275386810302734 s, all close: True, speed-up vs reference: 635.83]
APPROACH 8: QMATMUL_ALGO_NUMBA_CUDA...
APPROACH 8: QMATMUL_ALGO_NUMBA_CUDA DONE. [time: 0.005736351013183594 s, all close: True, speed-up vs reference: 402.09]
REPETITION: 39/100:
APPROACH 1: QMATMUL_NAIVE_NUMBA_ST...
APPROACH 1: QMATMUL_NAIVE_NUMBA_ST DONE. [time: 2.3191428184509277 s, all close: True, speed-up vs reference: 0.99]
APPROACH 2: QMATMUL_NAIVE_NUMBA_PARALLEL...
APPROACH 2: QMATMUL_NAIVE_NUMBA_PARALLEL DONE. [time: 0.1688852310180664 s, all close: True, speed-up vs reference: 13.66]
APPROACH 3: QMATMUL_DIRECT_NUMPY_ST...
APPROACH 3: QMATMUL_DIRECT_NUMPY_ST DONE. [time: 0.009590387344360352 s, all close: True, speed-up vs reference: 240.50]
APPROACH 4: QMATMUL_DIRECT_NUMPY_PARALLEL...
APPROACH 4: QMATMUL_DIRECT_NUMPY_PARALLEL DONE. [time: 0.0038874149322509766 s, all close: True, speed-up vs reference: 593.33]
APPROACH 5: QMATMUL_DIRECT_NUMBA_CUDA...
APPROACH 5: QMATMUL_DIRECT_NUMBA_CUDA DONE. [time: 0.0036039352416992188 s, all close: True, speed-up vs reference: 640.00]
APPROACH 6: QMATMUL_ALGO_NUMPY_ST...
APPROACH 6: QMATMUL_ALGO_NUMPY_ST DONE. [time: 0.01172184944152832 s, all close: True, speed-up vs reference: 196.77]
APPROACH 7: QMATMUL_ALGO_NUMPY_PARALLEL...
APPROACH 7: QMATMUL_ALGO_NUMPY_PARALLEL DONE. [time: 0.004498004913330078 s, all close: True, speed-up vs reference: 512.79]
APPROACH 8: QMATMUL_ALGO_NUMBA_CUDA...
APPROACH 8: QMATMUL_ALGO_NUMBA_CUDA DONE. [time: 0.0056264400482177734 s, all close: True, speed-up vs reference: 409.94]
REPETITION: 40/100:
APPROACH 1: QMATMUL_NAIVE_NUMBA_ST...
APPROACH 1: QMATMUL_NAIVE_NUMBA_ST DONE. [time: 2.3128159046173096 s, all close: True, speed-up vs reference: 1.00]
APPROACH 2: QMATMUL_NAIVE_NUMBA_PARALLEL...
APPROACH 2: QMATMUL_NAIVE_NUMBA_PARALLEL DONE. [time: 0.14538812637329102 s, all close: True, speed-up vs reference: 15.86]
APPROACH 3: QMATMUL_DIRECT_NUMPY_ST...
APPROACH 3: QMATMUL_DIRECT_NUMPY_ST DONE. [time: 0.009960174560546875 s, all close: True, speed-up vs reference: 231.57]
APPROACH 4: QMATMUL_DIRECT_NUMPY_PARALLEL...
APPROACH 4: QMATMUL_DIRECT_NUMPY_PARALLEL DONE. [time: 0.0030939579010009766 s, all close: True, speed-up vs reference: 745.49]
APPROACH 5: QMATMUL_DIRECT_NUMBA_CUDA...
APPROACH 5: QMATMUL_DIRECT_NUMBA_CUDA DONE. [time: 0.0026178359985351562 s, all close: True, speed-up vs reference: 881.08]
APPROACH 6: QMATMUL_ALGO_NUMPY_ST...
APPROACH 6: QMATMUL_ALGO_NUMPY_ST DONE. [time: 0.011477947235107422 s, all close: True, speed-up vs reference: 200.95]
APPROACH 7: QMATMUL_ALGO_NUMPY_PARALLEL...
APPROACH 7: QMATMUL_ALGO_NUMPY_PARALLEL DONE. [time: 0.005120038986206055 s, all close: True, speed-up vs reference: 450.49]
APPROACH 8: QMATMUL_ALGO_NUMBA_CUDA...
APPROACH 8: QMATMUL_ALGO_NUMBA_CUDA DONE. [time: 0.006506443023681641 s, all close: True, speed-up vs reference: 354.50]
REPETITION: 41/100:
APPROACH 1: QMATMUL_NAIVE_NUMBA_ST...
APPROACH 1: QMATMUL_NAIVE_NUMBA_ST DONE. [time: 2.283724784851074 s, all close: True, speed-up vs reference: 1.01]
APPROACH 2: QMATMUL_NAIVE_NUMBA_PARALLEL...
APPROACH 2: QMATMUL_NAIVE_NUMBA_PARALLEL DONE. [time: 0.14284443855285645 s, all close: True, speed-up vs reference: 16.15]
APPROACH 3: QMATMUL_DIRECT_NUMPY_ST...
APPROACH 3: QMATMUL_DIRECT_NUMPY_ST DONE. [time: 0.009277820587158203 s, all close: True, speed-up vs reference: 248.61]
APPROACH 4: QMATMUL_DIRECT_NUMPY_PARALLEL...
APPROACH 4: QMATMUL_DIRECT_NUMPY_PARALLEL DONE. [time: 0.0031745433807373047 s, all close: True, speed-up vs reference: 726.57]
APPROACH 5: QMATMUL_DIRECT_NUMBA_CUDA...
APPROACH 5: QMATMUL_DIRECT_NUMBA_CUDA DONE. [time: 0.0026688575744628906 s, all close: True, speed-up vs reference: 864.23]
APPROACH 6: QMATMUL_ALGO_NUMPY_ST...
APPROACH 6: QMATMUL_ALGO_NUMPY_ST DONE. [time: 0.011468172073364258 s, all close: True, speed-up vs reference: 201.12]
APPROACH 7: QMATMUL_ALGO_NUMPY_PARALLEL...
APPROACH 7: QMATMUL_ALGO_NUMPY_PARALLEL DONE. [time: 0.0036041736602783203 s, all close: True, speed-up vs reference: 639.96]
APPROACH 8: QMATMUL_ALGO_NUMBA_CUDA...
APPROACH 8: QMATMUL_ALGO_NUMBA_CUDA DONE. [time: 0.006764888763427734 s, all close: True, speed-up vs reference: 340.95]
REPETITION: 42/100:
APPROACH 1: QMATMUL_NAIVE_NUMBA_ST...
APPROACH 1: QMATMUL_NAIVE_NUMBA_ST DONE. [time: 2.272608757019043 s, all close: True, speed-up vs reference: 1.01]
APPROACH 2: QMATMUL_NAIVE_NUMBA_PARALLEL...
APPROACH 2: QMATMUL_NAIVE_NUMBA_PARALLEL DONE. [time: 0.13664913177490234 s, all close: True, speed-up vs reference: 16.88]
APPROACH 3: QMATMUL_DIRECT_NUMPY_ST...
APPROACH 3: QMATMUL_DIRECT_NUMPY_ST DONE. [time: 0.009228229522705078 s, all close: True, speed-up vs reference: 249.94]
APPROACH 4: QMATMUL_DIRECT_NUMPY_PARALLEL...
APPROACH 4: QMATMUL_DIRECT_NUMPY_PARALLEL DONE. [time: 0.002935647964477539 s, all close: True, speed-up vs reference: 785.69]
APPROACH 5: QMATMUL_DIRECT_NUMBA_CUDA...
APPROACH 5: QMATMUL_DIRECT_NUMBA_CUDA DONE. [time: 0.002658367156982422 s, all close: True, speed-up vs reference: 867.64]
APPROACH 6: QMATMUL_ALGO_NUMPY_ST...
APPROACH 6: QMATMUL_ALGO_NUMPY_ST DONE. [time: 0.011573553085327148 s, all close: True, speed-up vs reference: 199.29]
APPROACH 7: QMATMUL_ALGO_NUMPY_PARALLEL...
APPROACH 7: QMATMUL_ALGO_NUMPY_PARALLEL DONE. [time: 0.0036737918853759766 s, all close: True, speed-up vs reference: 627.83]
APPROACH 8: QMATMUL_ALGO_NUMBA_CUDA...
APPROACH 8: QMATMUL_ALGO_NUMBA_CUDA DONE. [time: 0.00639033317565918 s, all close: True, speed-up vs reference: 360.94]
REPETITION: 43/100:
APPROACH 1: QMATMUL_NAIVE_NUMBA_ST...
APPROACH 1: QMATMUL_NAIVE_NUMBA_ST DONE. [time: 2.267331123352051 s, all close: True, speed-up vs reference: 1.02]
APPROACH 2: QMATMUL_NAIVE_NUMBA_PARALLEL...
APPROACH 2: QMATMUL_NAIVE_NUMBA_PARALLEL DONE. [time: 0.13670635223388672 s, all close: True, speed-up vs reference: 16.87]
APPROACH 3: QMATMUL_DIRECT_NUMPY_ST...
APPROACH 3: QMATMUL_DIRECT_NUMPY_ST DONE. [time: 0.009279727935791016 s, all close: True, speed-up vs reference: 248.55]
APPROACH 4: QMATMUL_DIRECT_NUMPY_PARALLEL...
APPROACH 4: QMATMUL_DIRECT_NUMPY_PARALLEL DONE. [time: 0.003194093704223633 s, all close: True, speed-up vs reference: 722.12]
APPROACH 5: QMATMUL_DIRECT_NUMBA_CUDA...
APPROACH 5: QMATMUL_DIRECT_NUMBA_CUDA DONE. [time: 0.002656221389770508 s, all close: True, speed-up vs reference: 868.34]
APPROACH 6: QMATMUL_ALGO_NUMPY_ST...
APPROACH 6: QMATMUL_ALGO_NUMPY_ST DONE. [time: 0.011440753936767578 s, all close: True, speed-up vs reference: 201.60]
APPROACH 7: QMATMUL_ALGO_NUMPY_PARALLEL...
APPROACH 7: QMATMUL_ALGO_NUMPY_PARALLEL DONE. [time: 0.0036172866821289062 s, all close: True, speed-up vs reference: 637.64]
APPROACH 8: QMATMUL_ALGO_NUMBA_CUDA...
APPROACH 8: QMATMUL_ALGO_NUMBA_CUDA DONE. [time: 0.00672459602355957 s, all close: True, speed-up vs reference: 343.00]
REPETITION: 44/100:
APPROACH 1: QMATMUL_NAIVE_NUMBA_ST...
APPROACH 1: QMATMUL_NAIVE_NUMBA_ST DONE. [time: 2.260493278503418 s, all close: True, speed-up vs reference: 1.02]
APPROACH 2: QMATMUL_NAIVE_NUMBA_PARALLEL...
APPROACH 2: QMATMUL_NAIVE_NUMBA_PARALLEL DONE. [time: 0.14835309982299805 s, all close: True, speed-up vs reference: 15.55]
APPROACH 3: QMATMUL_DIRECT_NUMPY_ST...
APPROACH 3: QMATMUL_DIRECT_NUMPY_ST DONE. [time: 0.009311676025390625 s, all close: True, speed-up vs reference: 247.70]
APPROACH 4: QMATMUL_DIRECT_NUMPY_PARALLEL...
APPROACH 4: QMATMUL_DIRECT_NUMPY_PARALLEL DONE. [time: 0.0030639171600341797 s, all close: True, speed-up vs reference: 752.80]
APPROACH 5: QMATMUL_DIRECT_NUMBA_CUDA...
APPROACH 5: QMATMUL_DIRECT_NUMBA_CUDA DONE. [time: 0.0026695728302001953 s, all close: True, speed-up vs reference: 864.00]
APPROACH 6: QMATMUL_ALGO_NUMPY_ST...
APPROACH 6: QMATMUL_ALGO_NUMPY_ST DONE. [time: 0.011560678482055664 s, all close: True, speed-up vs reference: 199.51]
APPROACH 7: QMATMUL_ALGO_NUMPY_PARALLEL...
APPROACH 7: QMATMUL_ALGO_NUMPY_PARALLEL DONE. [time: 0.0036063194274902344 s, all close: True, speed-up vs reference: 639.58]
APPROACH 8: QMATMUL_ALGO_NUMBA_CUDA...
APPROACH 8: QMATMUL_ALGO_NUMBA_CUDA DONE. [time: 0.0057125091552734375 s, all close: True, speed-up vs reference: 403.77]
REPETITION: 45/100:
APPROACH 1: QMATMUL_NAIVE_NUMBA_ST...
APPROACH 1: QMATMUL_NAIVE_NUMBA_ST DONE. [time: 2.267693042755127 s, all close: True, speed-up vs reference: 1.02]
APPROACH 2: QMATMUL_NAIVE_NUMBA_PARALLEL...
APPROACH 2: QMATMUL_NAIVE_NUMBA_PARALLEL DONE. [time: 0.13662266731262207 s, all close: True, speed-up vs reference: 16.88]
APPROACH 3: QMATMUL_DIRECT_NUMPY_ST...
APPROACH 3: QMATMUL_DIRECT_NUMPY_ST DONE. [time: 0.009271383285522461 s, all close: True, speed-up vs reference: 248.78]
APPROACH 4: QMATMUL_DIRECT_NUMPY_PARALLEL...
APPROACH 4: QMATMUL_DIRECT_NUMPY_PARALLEL DONE. [time: 0.0029850006103515625 s, all close: True, speed-up vs reference: 772.70]
APPROACH 5: QMATMUL_DIRECT_NUMBA_CUDA...
APPROACH 5: QMATMUL_DIRECT_NUMBA_CUDA DONE. [time: 0.003367185592651367 s, all close: True, speed-up vs reference: 685.00]
APPROACH 6: QMATMUL_ALGO_NUMPY_ST...
APPROACH 6: QMATMUL_ALGO_NUMPY_ST DONE. [time: 0.011559247970581055 s, all close: True, speed-up vs reference: 199.54]
APPROACH 7: QMATMUL_ALGO_NUMPY_PARALLEL...
APPROACH 7: QMATMUL_ALGO_NUMPY_PARALLEL DONE. [time: 0.0036458969116210938 s, all close: True, speed-up vs reference: 632.63]
APPROACH 8: QMATMUL_ALGO_NUMBA_CUDA...
APPROACH 8: QMATMUL_ALGO_NUMBA_CUDA DONE. [time: 0.005654811859130859 s, all close: True, speed-up vs reference: 407.88]
REPETITION: 46/100:
APPROACH 1: QMATMUL_NAIVE_NUMBA_ST...
APPROACH 1: QMATMUL_NAIVE_NUMBA_ST DONE. [time: 2.2662148475646973 s, all close: True, speed-up vs reference: 1.02]
APPROACH 2: QMATMUL_NAIVE_NUMBA_PARALLEL...
APPROACH 2: QMATMUL_NAIVE_NUMBA_PARALLEL DONE. [time: 0.13703560829162598 s, all close: True, speed-up vs reference: 16.83]
APPROACH 3: QMATMUL_DIRECT_NUMPY_ST...
APPROACH 3: QMATMUL_DIRECT_NUMPY_ST DONE. [time: 0.009334325790405273 s, all close: True, speed-up vs reference: 247.10]
APPROACH 4: QMATMUL_DIRECT_NUMPY_PARALLEL...
APPROACH 4: QMATMUL_DIRECT_NUMPY_PARALLEL DONE. [time: 0.002964496612548828 s, all close: True, speed-up vs reference: 778.05]
APPROACH 5: QMATMUL_DIRECT_NUMBA_CUDA...
APPROACH 5: QMATMUL_DIRECT_NUMBA_CUDA DONE. [time: 0.0033431053161621094 s, all close: True, speed-up vs reference: 689.93]
APPROACH 6: QMATMUL_ALGO_NUMPY_ST...
APPROACH 6: QMATMUL_ALGO_NUMPY_ST DONE. [time: 0.011450529098510742 s, all close: True, speed-up vs reference: 201.43]
APPROACH 7: QMATMUL_ALGO_NUMPY_PARALLEL...
APPROACH 7: QMATMUL_ALGO_NUMPY_PARALLEL DONE. [time: 0.0037794113159179688 s, all close: True, speed-up vs reference: 610.28]
APPROACH 8: QMATMUL_ALGO_NUMBA_CUDA...
APPROACH 8: QMATMUL_ALGO_NUMBA_CUDA DONE. [time: 0.005802154541015625 s, all close: True, speed-up vs reference: 397.53]
REPETITION: 47/100:
APPROACH 1: QMATMUL_NAIVE_NUMBA_ST...
APPROACH 1: QMATMUL_NAIVE_NUMBA_ST DONE. [time: 2.271467685699463 s, all close: True, speed-up vs reference: 1.02]
APPROACH 2: QMATMUL_NAIVE_NUMBA_PARALLEL...
APPROACH 2: QMATMUL_NAIVE_NUMBA_PARALLEL DONE. [time: 0.13733673095703125 s, all close: True, speed-up vs reference: 16.79]
APPROACH 3: QMATMUL_DIRECT_NUMPY_ST...
APPROACH 3: QMATMUL_DIRECT_NUMPY_ST DONE. [time: 0.009294509887695312 s, all close: True, speed-up vs reference: 248.16]
APPROACH 4: QMATMUL_DIRECT_NUMPY_PARALLEL...
APPROACH 4: QMATMUL_DIRECT_NUMPY_PARALLEL DONE. [time: 0.0037832260131835938 s, all close: True, speed-up vs reference: 609.67]
APPROACH 5: QMATMUL_DIRECT_NUMBA_CUDA...
APPROACH 5: QMATMUL_DIRECT_NUMBA_CUDA DONE. [time: 0.003331422805786133 s, all close: True, speed-up vs reference: 692.35]
APPROACH 6: QMATMUL_ALGO_NUMPY_ST...
APPROACH 6: QMATMUL_ALGO_NUMPY_ST DONE. [time: 0.011482954025268555 s, all close: True, speed-up vs reference: 200.86]
APPROACH 7: QMATMUL_ALGO_NUMPY_PARALLEL...
APPROACH 7: QMATMUL_ALGO_NUMPY_PARALLEL DONE. [time: 0.004159212112426758 s, all close: True, speed-up vs reference: 554.56]
APPROACH 8: QMATMUL_ALGO_NUMBA_CUDA...
APPROACH 8: QMATMUL_ALGO_NUMBA_CUDA DONE. [time: 0.005771636962890625 s, all close: True, speed-up vs reference: 399.63]
REPETITION: 48/100:
APPROACH 1: QMATMUL_NAIVE_NUMBA_ST...
APPROACH 1: QMATMUL_NAIVE_NUMBA_ST DONE. [time: 2.364905834197998 s, all close: True, speed-up vs reference: 0.98]
APPROACH 2: QMATMUL_NAIVE_NUMBA_PARALLEL...
APPROACH 2: QMATMUL_NAIVE_NUMBA_PARALLEL DONE. [time: 0.1408383846282959 s, all close: True, speed-up vs reference: 16.38]
APPROACH 3: QMATMUL_DIRECT_NUMPY_ST...
APPROACH 3: QMATMUL_DIRECT_NUMPY_ST DONE. [time: 0.010320663452148438 s, all close: True, speed-up vs reference: 223.48]
APPROACH 4: QMATMUL_DIRECT_NUMPY_PARALLEL...
APPROACH 4: QMATMUL_DIRECT_NUMPY_PARALLEL DONE. [time: 0.0032262802124023438 s, all close: True, speed-up vs reference: 714.91]
APPROACH 5: QMATMUL_DIRECT_NUMBA_CUDA...
APPROACH 5: QMATMUL_DIRECT_NUMBA_CUDA DONE. [time: 0.007227897644042969 s, all close: True, speed-up vs reference: 319.11]
APPROACH 6: QMATMUL_ALGO_NUMPY_ST...
APPROACH 6: QMATMUL_ALGO_NUMPY_ST DONE. [time: 0.012688398361206055 s, all close: True, speed-up vs reference: 181.78]
APPROACH 7: QMATMUL_ALGO_NUMPY_PARALLEL...
APPROACH 7: QMATMUL_ALGO_NUMPY_PARALLEL DONE. [time: 0.021115541458129883 s, all close: True, speed-up vs reference: 109.23]
APPROACH 8: QMATMUL_ALGO_NUMBA_CUDA...
APPROACH 8: QMATMUL_ALGO_NUMBA_CUDA DONE. [time: 0.00555729866027832 s, all close: True, speed-up vs reference: 415.04]
REPETITION: 49/100:
APPROACH 1: QMATMUL_NAIVE_NUMBA_ST...
APPROACH 1: QMATMUL_NAIVE_NUMBA_ST DONE. [time: 2.276754140853882 s, all close: True, speed-up vs reference: 1.01]
APPROACH 2: QMATMUL_NAIVE_NUMBA_PARALLEL...
APPROACH 2: QMATMUL_NAIVE_NUMBA_PARALLEL DONE. [time: 0.16187119483947754 s, all close: True, speed-up vs reference: 14.25]
APPROACH 3: QMATMUL_DIRECT_NUMPY_ST...
APPROACH 3: QMATMUL_DIRECT_NUMPY_ST DONE. [time: 0.009797096252441406 s, all close: True, speed-up vs reference: 235.43]
APPROACH 4: QMATMUL_DIRECT_NUMPY_PARALLEL...
APPROACH 4: QMATMUL_DIRECT_NUMPY_PARALLEL DONE. [time: 0.0031859874725341797 s, all close: True, speed-up vs reference: 723.96]
APPROACH 5: QMATMUL_DIRECT_NUMBA_CUDA...
APPROACH 5: QMATMUL_DIRECT_NUMBA_CUDA DONE. [time: 0.003535747528076172 s, all close: True, speed-up vs reference: 652.34]
APPROACH 6: QMATMUL_ALGO_NUMPY_ST...
APPROACH 6: QMATMUL_ALGO_NUMPY_ST DONE. [time: 0.01152801513671875 s, all close: True, speed-up vs reference: 200.08]
APPROACH 7: QMATMUL_ALGO_NUMPY_PARALLEL...
APPROACH 7: QMATMUL_ALGO_NUMPY_PARALLEL DONE. [time: 0.013130426406860352 s, all close: True, speed-up vs reference: 175.66]
APPROACH 8: QMATMUL_ALGO_NUMBA_CUDA...
APPROACH 8: QMATMUL_ALGO_NUMBA_CUDA DONE. [time: 0.005756378173828125 s, all close: True, speed-up vs reference: 400.69]
REPETITION: 50/100:
APPROACH 1: QMATMUL_NAIVE_NUMBA_ST...
APPROACH 1: QMATMUL_NAIVE_NUMBA_ST DONE. [time: 2.358511209487915 s, all close: True, speed-up vs reference: 0.98]
APPROACH 2: QMATMUL_NAIVE_NUMBA_PARALLEL...
APPROACH 2: QMATMUL_NAIVE_NUMBA_PARALLEL DONE. [time: 0.13675975799560547 s, all close: True, speed-up vs reference: 16.87]
APPROACH 3: QMATMUL_DIRECT_NUMPY_ST...
APPROACH 3: QMATMUL_DIRECT_NUMPY_ST DONE. [time: 0.009463787078857422 s, all close: True, speed-up vs reference: 243.72]
APPROACH 4: QMATMUL_DIRECT_NUMPY_PARALLEL...
APPROACH 4: QMATMUL_DIRECT_NUMPY_PARALLEL DONE. [time: 0.0029332637786865234 s, all close: True, speed-up vs reference: 786.33]
APPROACH 5: QMATMUL_DIRECT_NUMBA_CUDA...
APPROACH 5: QMATMUL_DIRECT_NUMBA_CUDA DONE. [time: 0.003574848175048828 s, all close: True, speed-up vs reference: 645.21]
APPROACH 6: QMATMUL_ALGO_NUMPY_ST...
APPROACH 6: QMATMUL_ALGO_NUMPY_ST DONE. [time: 0.01156163215637207 s, all close: True, speed-up vs reference: 199.50]
APPROACH 7: QMATMUL_ALGO_NUMPY_PARALLEL...
APPROACH 7: QMATMUL_ALGO_NUMPY_PARALLEL DONE. [time: 0.003617525100708008 s, all close: True, speed-up vs reference: 637.59]
APPROACH 8: QMATMUL_ALGO_NUMBA_CUDA...
APPROACH 8: QMATMUL_ALGO_NUMBA_CUDA DONE. [time: 0.005362272262573242 s, all close: True, speed-up vs reference: 430.14]
REPETITION: 51/100:
APPROACH 1: QMATMUL_NAIVE_NUMBA_ST...
APPROACH 1: QMATMUL_NAIVE_NUMBA_ST DONE. [time: 2.2669103145599365 s, all close: True, speed-up vs reference: 1.02]
APPROACH 2: QMATMUL_NAIVE_NUMBA_PARALLEL...
APPROACH 2: QMATMUL_NAIVE_NUMBA_PARALLEL DONE. [time: 0.1519773006439209 s, all close: True, speed-up vs reference: 15.18]
APPROACH 3: QMATMUL_DIRECT_NUMPY_ST...
APPROACH 3: QMATMUL_DIRECT_NUMPY_ST DONE. [time: 0.009278297424316406 s, all close: True, speed-up vs reference: 248.59]
APPROACH 4: QMATMUL_DIRECT_NUMPY_PARALLEL...
APPROACH 4: QMATMUL_DIRECT_NUMPY_PARALLEL DONE. [time: 0.002956867218017578 s, all close: True, speed-up vs reference: 780.05]
APPROACH 5: QMATMUL_DIRECT_NUMBA_CUDA...
APPROACH 5: QMATMUL_DIRECT_NUMBA_CUDA DONE. [time: 0.002630472183227539 s, all close: True, speed-up vs reference: 876.84]
APPROACH 6: QMATMUL_ALGO_NUMPY_ST...
APPROACH 6: QMATMUL_ALGO_NUMPY_ST DONE. [time: 0.011447906494140625 s, all close: True, speed-up vs reference: 201.48]
APPROACH 7: QMATMUL_ALGO_NUMPY_PARALLEL...
APPROACH 7: QMATMUL_ALGO_NUMPY_PARALLEL DONE. [time: 0.0036497116088867188 s, all close: True, speed-up vs reference: 631.97]
APPROACH 8: QMATMUL_ALGO_NUMBA_CUDA...
APPROACH 8: QMATMUL_ALGO_NUMBA_CUDA DONE. [time: 0.0065228939056396484 s, all close: True, speed-up vs reference: 353.60]
REPETITION: 52/100:
APPROACH 1: QMATMUL_NAIVE_NUMBA_ST...
APPROACH 1: QMATMUL_NAIVE_NUMBA_ST DONE. [time: 2.3331005573272705 s, all close: True, speed-up vs reference: 0.99]
APPROACH 2: QMATMUL_NAIVE_NUMBA_PARALLEL...
APPROACH 2: QMATMUL_NAIVE_NUMBA_PARALLEL DONE. [time: 0.13656926155090332 s, all close: True, speed-up vs reference: 16.89]
APPROACH 3: QMATMUL_DIRECT_NUMPY_ST...
APPROACH 3: QMATMUL_DIRECT_NUMPY_ST DONE. [time: 0.009294986724853516 s, all close: True, speed-up vs reference: 248.15]
APPROACH 4: QMATMUL_DIRECT_NUMPY_PARALLEL...
APPROACH 4: QMATMUL_DIRECT_NUMPY_PARALLEL DONE. [time: 0.003052949905395508 s, all close: True, speed-up vs reference: 755.50]
APPROACH 5: QMATMUL_DIRECT_NUMBA_CUDA...
APPROACH 5: QMATMUL_DIRECT_NUMBA_CUDA DONE. [time: 0.0026476383209228516 s, all close: True, speed-up vs reference: 871.16]
APPROACH 6: QMATMUL_ALGO_NUMPY_ST...
APPROACH 6: QMATMUL_ALGO_NUMPY_ST DONE. [time: 0.011577367782592773 s, all close: True, speed-up vs reference: 199.23]
APPROACH 7: QMATMUL_ALGO_NUMPY_PARALLEL...
APPROACH 7: QMATMUL_ALGO_NUMPY_PARALLEL DONE. [time: 0.003619670867919922 s, all close: True, speed-up vs reference: 637.22]
APPROACH 8: QMATMUL_ALGO_NUMBA_CUDA...
APPROACH 8: QMATMUL_ALGO_NUMBA_CUDA DONE. [time: 0.006411552429199219 s, all close: True, speed-up vs reference: 359.74]
REPETITION: 53/100:
APPROACH 1: QMATMUL_NAIVE_NUMBA_ST...
APPROACH 1: QMATMUL_NAIVE_NUMBA_ST DONE. [time: 2.2675318717956543 s, all close: True, speed-up vs reference: 1.02]
APPROACH 2: QMATMUL_NAIVE_NUMBA_PARALLEL...
APPROACH 2: QMATMUL_NAIVE_NUMBA_PARALLEL DONE. [time: 0.13710975646972656 s, all close: True, speed-up vs reference: 16.82]
APPROACH 3: QMATMUL_DIRECT_NUMPY_ST...
APPROACH 3: QMATMUL_DIRECT_NUMPY_ST DONE. [time: 0.009338617324829102 s, all close: True, speed-up vs reference: 246.99]
APPROACH 4: QMATMUL_DIRECT_NUMPY_PARALLEL...
APPROACH 4: QMATMUL_DIRECT_NUMPY_PARALLEL DONE. [time: 0.002942323684692383 s, all close: True, speed-up vs reference: 783.91]
APPROACH 5: QMATMUL_DIRECT_NUMBA_CUDA...
APPROACH 5: QMATMUL_DIRECT_NUMBA_CUDA DONE. [time: 0.002633333206176758 s, all close: True, speed-up vs reference: 875.89]
APPROACH 6: QMATMUL_ALGO_NUMPY_ST...
APPROACH 6: QMATMUL_ALGO_NUMPY_ST DONE. [time: 0.011582136154174805 s, all close: True, speed-up vs reference: 199.14]
APPROACH 7: QMATMUL_ALGO_NUMPY_PARALLEL...
APPROACH 7: QMATMUL_ALGO_NUMPY_PARALLEL DONE. [time: 0.003612518310546875 s, all close: True, speed-up vs reference: 638.48]
APPROACH 8: QMATMUL_ALGO_NUMBA_CUDA...
APPROACH 8: QMATMUL_ALGO_NUMBA_CUDA DONE. [time: 0.006598234176635742 s, all close: True, speed-up vs reference: 349.57]
REPETITION: 54/100:
APPROACH 1: QMATMUL_NAIVE_NUMBA_ST...
APPROACH 1: QMATMUL_NAIVE_NUMBA_ST DONE. [time: 2.273179292678833 s, all close: True, speed-up vs reference: 1.01]
APPROACH 2: QMATMUL_NAIVE_NUMBA_PARALLEL...
APPROACH 2: QMATMUL_NAIVE_NUMBA_PARALLEL DONE. [time: 0.1757678985595703 s, all close: True, speed-up vs reference: 13.12]
APPROACH 3: QMATMUL_DIRECT_NUMPY_ST...
APPROACH 3: QMATMUL_DIRECT_NUMPY_ST DONE. [time: 0.009633302688598633 s, all close: True, speed-up vs reference: 239.43]
APPROACH 4: QMATMUL_DIRECT_NUMPY_PARALLEL...
APPROACH 4: QMATMUL_DIRECT_NUMPY_PARALLEL DONE. [time: 0.004024982452392578 s, all close: True, speed-up vs reference: 573.05]
APPROACH 5: QMATMUL_DIRECT_NUMBA_CUDA...
APPROACH 5: QMATMUL_DIRECT_NUMBA_CUDA DONE. [time: 0.0026853084564208984 s, all close: True, speed-up vs reference: 858.94]
APPROACH 6: QMATMUL_ALGO_NUMPY_ST...
APPROACH 6: QMATMUL_ALGO_NUMPY_ST DONE. [time: 0.011815071105957031 s, all close: True, speed-up vs reference: 195.22]
APPROACH 7: QMATMUL_ALGO_NUMPY_PARALLEL...
APPROACH 7: QMATMUL_ALGO_NUMPY_PARALLEL DONE. [time: 0.0036454200744628906 s, all close: True, speed-up vs reference: 632.72]
APPROACH 8: QMATMUL_ALGO_NUMBA_CUDA...
APPROACH 8: QMATMUL_ALGO_NUMBA_CUDA DONE. [time: 0.006688117980957031 s, all close: True, speed-up vs reference: 344.87]
REPETITION: 55/100:
APPROACH 1: QMATMUL_NAIVE_NUMBA_ST...
APPROACH 1: QMATMUL_NAIVE_NUMBA_ST DONE. [time: 2.2869513034820557 s, all close: True, speed-up vs reference: 1.01]
APPROACH 2: QMATMUL_NAIVE_NUMBA_PARALLEL...
APPROACH 2: QMATMUL_NAIVE_NUMBA_PARALLEL DONE. [time: 0.18389582633972168 s, all close: True, speed-up vs reference: 12.54]
APPROACH 3: QMATMUL_DIRECT_NUMPY_ST...
APPROACH 3: QMATMUL_DIRECT_NUMPY_ST DONE. [time: 0.0099334716796875 s, all close: True, speed-up vs reference: 232.20]
APPROACH 4: QMATMUL_DIRECT_NUMPY_PARALLEL...
APPROACH 4: QMATMUL_DIRECT_NUMPY_PARALLEL DONE. [time: 0.005086183547973633 s, all close: True, speed-up vs reference: 453.49]
APPROACH 5: QMATMUL_DIRECT_NUMBA_CUDA...
APPROACH 5: QMATMUL_DIRECT_NUMBA_CUDA DONE. [time: 0.0027120113372802734 s, all close: True, speed-up vs reference: 850.48]
APPROACH 6: QMATMUL_ALGO_NUMPY_ST...
APPROACH 6: QMATMUL_ALGO_NUMPY_ST DONE. [time: 0.011992216110229492 s, all close: True, speed-up vs reference: 192.33]
APPROACH 7: QMATMUL_ALGO_NUMPY_PARALLEL...
APPROACH 7: QMATMUL_ALGO_NUMPY_PARALLEL DONE. [time: 0.0057947635650634766 s, all close: True, speed-up vs reference: 398.03]
APPROACH 8: QMATMUL_ALGO_NUMBA_CUDA...
APPROACH 8: QMATMUL_ALGO_NUMBA_CUDA DONE. [time: 0.005911827087402344 s, all close: True, speed-up vs reference: 390.15]
REPETITION: 56/100:
APPROACH 1: QMATMUL_NAIVE_NUMBA_ST...
APPROACH 1: QMATMUL_NAIVE_NUMBA_ST DONE. [time: 2.287639856338501 s, all close: True, speed-up vs reference: 1.01]
APPROACH 2: QMATMUL_NAIVE_NUMBA_PARALLEL...
APPROACH 2: QMATMUL_NAIVE_NUMBA_PARALLEL DONE. [time: 0.16028237342834473 s, all close: True, speed-up vs reference: 14.39]
APPROACH 3: QMATMUL_DIRECT_NUMPY_ST...
APPROACH 3: QMATMUL_DIRECT_NUMPY_ST DONE. [time: 0.00975179672241211 s, all close: True, speed-up vs reference: 236.52]
APPROACH 4: QMATMUL_DIRECT_NUMPY_PARALLEL...
APPROACH 4: QMATMUL_DIRECT_NUMPY_PARALLEL DONE. [time: 0.003097057342529297 s, all close: True, speed-up vs reference: 744.74]
APPROACH 5: QMATMUL_DIRECT_NUMBA_CUDA...
APPROACH 5: QMATMUL_DIRECT_NUMBA_CUDA DONE. [time: 0.0033278465270996094 s, all close: True, speed-up vs reference: 693.09]
APPROACH 6: QMATMUL_ALGO_NUMPY_ST...
APPROACH 6: QMATMUL_ALGO_NUMPY_ST DONE. [time: 0.01164102554321289 s, all close: True, speed-up vs reference: 198.14]
APPROACH 7: QMATMUL_ALGO_NUMPY_PARALLEL...
APPROACH 7: QMATMUL_ALGO_NUMPY_PARALLEL DONE. [time: 0.01336050033569336 s, all close: True, speed-up vs reference: 172.64]
APPROACH 8: QMATMUL_ALGO_NUMBA_CUDA...
APPROACH 8: QMATMUL_ALGO_NUMBA_CUDA DONE. [time: 0.005916595458984375 s, all close: True, speed-up vs reference: 389.84]
REPETITION: 57/100:
APPROACH 1: QMATMUL_NAIVE_NUMBA_ST...
APPROACH 1: QMATMUL_NAIVE_NUMBA_ST DONE. [time: 2.2733681201934814 s, all close: True, speed-up vs reference: 1.01]
APPROACH 2: QMATMUL_NAIVE_NUMBA_PARALLEL...
APPROACH 2: QMATMUL_NAIVE_NUMBA_PARALLEL DONE. [time: 0.1650679111480713 s, all close: True, speed-up vs reference: 13.97]
APPROACH 3: QMATMUL_DIRECT_NUMPY_ST...
APPROACH 3: QMATMUL_DIRECT_NUMPY_ST DONE. [time: 0.009195327758789062 s, all close: True, speed-up vs reference: 250.84]
APPROACH 4: QMATMUL_DIRECT_NUMPY_PARALLEL...
APPROACH 4: QMATMUL_DIRECT_NUMPY_PARALLEL DONE. [time: 0.003403186798095703 s, all close: True, speed-up vs reference: 677.75]
APPROACH 5: QMATMUL_DIRECT_NUMBA_CUDA...
APPROACH 5: QMATMUL_DIRECT_NUMBA_CUDA DONE. [time: 0.003749370574951172 s, all close: True, speed-up vs reference: 615.17]
APPROACH 6: QMATMUL_ALGO_NUMPY_ST...
APPROACH 6: QMATMUL_ALGO_NUMPY_ST DONE. [time: 0.011859655380249023 s, all close: True, speed-up vs reference: 194.48]
APPROACH 7: QMATMUL_ALGO_NUMPY_PARALLEL...
APPROACH 7: QMATMUL_ALGO_NUMPY_PARALLEL DONE. [time: 0.003620624542236328 s, all close: True, speed-up vs reference: 637.05]
APPROACH 8: QMATMUL_ALGO_NUMBA_CUDA...
APPROACH 8: QMATMUL_ALGO_NUMBA_CUDA DONE. [time: 0.005634307861328125 s, all close: True, speed-up vs reference: 409.37]
REPETITION: 58/100:
APPROACH 1: QMATMUL_NAIVE_NUMBA_ST...
APPROACH 1: QMATMUL_NAIVE_NUMBA_ST DONE. [time: 2.277198076248169 s, all close: True, speed-up vs reference: 1.01]
APPROACH 2: QMATMUL_NAIVE_NUMBA_PARALLEL...
APPROACH 2: QMATMUL_NAIVE_NUMBA_PARALLEL DONE. [time: 0.14118289947509766 s, all close: True, speed-up vs reference: 16.34]
APPROACH 3: QMATMUL_DIRECT_NUMPY_ST...
APPROACH 3: QMATMUL_DIRECT_NUMPY_ST DONE. [time: 0.009277582168579102 s, all close: True, speed-up vs reference: 248.61]
APPROACH 4: QMATMUL_DIRECT_NUMPY_PARALLEL...
APPROACH 4: QMATMUL_DIRECT_NUMPY_PARALLEL DONE. [time: 0.0029532909393310547 s, all close: True, speed-up vs reference: 781.00]
APPROACH 5: QMATMUL_DIRECT_NUMBA_CUDA...
APPROACH 5: QMATMUL_DIRECT_NUMBA_CUDA DONE. [time: 0.0033321380615234375 s, all close: True, speed-up vs reference: 692.20]
APPROACH 6: QMATMUL_ALGO_NUMPY_ST...
APPROACH 6: QMATMUL_ALGO_NUMPY_ST DONE. [time: 0.011482715606689453 s, all close: True, speed-up vs reference: 200.87]
APPROACH 7: QMATMUL_ALGO_NUMPY_PARALLEL...
APPROACH 7: QMATMUL_ALGO_NUMPY_PARALLEL DONE. [time: 0.003638744354248047 s, all close: True, speed-up vs reference: 633.88]
APPROACH 8: QMATMUL_ALGO_NUMBA_CUDA...
APPROACH 8: QMATMUL_ALGO_NUMBA_CUDA DONE. [time: 0.0057926177978515625 s, all close: True, speed-up vs reference: 398.18]
REPETITION: 59/100:
APPROACH 1: QMATMUL_NAIVE_NUMBA_ST...
APPROACH 1: QMATMUL_NAIVE_NUMBA_ST DONE. [time: 2.404367208480835 s, all close: True, speed-up vs reference: 0.96]
APPROACH 2: QMATMUL_NAIVE_NUMBA_PARALLEL...
APPROACH 2: QMATMUL_NAIVE_NUMBA_PARALLEL DONE. [time: 0.1654038429260254 s, all close: True, speed-up vs reference: 13.94]
APPROACH 3: QMATMUL_DIRECT_NUMPY_ST...
APPROACH 3: QMATMUL_DIRECT_NUMPY_ST DONE. [time: 0.00950932502746582 s, all close: True, speed-up vs reference: 242.55]
APPROACH 4: QMATMUL_DIRECT_NUMPY_PARALLEL...
APPROACH 4: QMATMUL_DIRECT_NUMPY_PARALLEL DONE. [time: 0.00299072265625 s, all close: True, speed-up vs reference: 771.22]
APPROACH 5: QMATMUL_DIRECT_NUMBA_CUDA...
APPROACH 5: QMATMUL_DIRECT_NUMBA_CUDA DONE. [time: 0.003328084945678711 s, all close: True, speed-up vs reference: 693.05]
APPROACH 6: QMATMUL_ALGO_NUMPY_ST...
APPROACH 6: QMATMUL_ALGO_NUMPY_ST DONE. [time: 0.011637449264526367 s, all close: True, speed-up vs reference: 198.20]
APPROACH 7: QMATMUL_ALGO_NUMPY_PARALLEL...
APPROACH 7: QMATMUL_ALGO_NUMPY_PARALLEL DONE. [time: 0.005200386047363281 s, all close: True, speed-up vs reference: 443.53]
APPROACH 8: QMATMUL_ALGO_NUMBA_CUDA...
APPROACH 8: QMATMUL_ALGO_NUMBA_CUDA DONE. [time: 0.0054874420166015625 s, all close: True, speed-up vs reference: 420.33]
REPETITION: 60/100:
APPROACH 1: QMATMUL_NAIVE_NUMBA_ST...
APPROACH 1: QMATMUL_NAIVE_NUMBA_ST DONE. [time: 2.284836530685425 s, all close: True, speed-up vs reference: 1.01]
APPROACH 2: QMATMUL_NAIVE_NUMBA_PARALLEL...
APPROACH 2: QMATMUL_NAIVE_NUMBA_PARALLEL DONE. [time: 0.1606738567352295 s, all close: True, speed-up vs reference: 14.36]
APPROACH 3: QMATMUL_DIRECT_NUMPY_ST...
APPROACH 3: QMATMUL_DIRECT_NUMPY_ST DONE. [time: 0.009295225143432617 s, all close: True, speed-up vs reference: 248.14]
APPROACH 4: QMATMUL_DIRECT_NUMPY_PARALLEL...
APPROACH 4: QMATMUL_DIRECT_NUMPY_PARALLEL DONE. [time: 0.0029506683349609375 s, all close: True, speed-up vs reference: 781.69]
APPROACH 5: QMATMUL_DIRECT_NUMBA_CUDA...
APPROACH 5: QMATMUL_DIRECT_NUMBA_CUDA DONE. [time: 0.0034401416778564453 s, all close: True, speed-up vs reference: 670.47]
APPROACH 6: QMATMUL_ALGO_NUMPY_ST...
APPROACH 6: QMATMUL_ALGO_NUMPY_ST DONE. [time: 0.01145315170288086 s, all close: True, speed-up vs reference: 201.39]
APPROACH 7: QMATMUL_ALGO_NUMPY_PARALLEL...
APPROACH 7: QMATMUL_ALGO_NUMPY_PARALLEL DONE. [time: 0.003613710403442383 s, all close: True, speed-up vs reference: 638.27]
APPROACH 8: QMATMUL_ALGO_NUMBA_CUDA...
APPROACH 8: QMATMUL_ALGO_NUMBA_CUDA DONE. [time: 0.005551815032958984 s, all close: True, speed-up vs reference: 415.45]
REPETITION: 61/100:
APPROACH 1: QMATMUL_NAIVE_NUMBA_ST...
APPROACH 1: QMATMUL_NAIVE_NUMBA_ST DONE. [time: 2.2823190689086914 s, all close: True, speed-up vs reference: 1.01]
APPROACH 2: QMATMUL_NAIVE_NUMBA_PARALLEL...
APPROACH 2: QMATMUL_NAIVE_NUMBA_PARALLEL DONE. [time: 0.1684589385986328 s, all close: True, speed-up vs reference: 13.69]
APPROACH 3: QMATMUL_DIRECT_NUMPY_ST...
APPROACH 3: QMATMUL_DIRECT_NUMPY_ST DONE. [time: 0.009721040725708008 s, all close: True, speed-up vs reference: 237.27]
APPROACH 4: QMATMUL_DIRECT_NUMPY_PARALLEL...
APPROACH 4: QMATMUL_DIRECT_NUMPY_PARALLEL DONE. [time: 0.004065275192260742 s, all close: True, speed-up vs reference: 567.37]
APPROACH 5: QMATMUL_DIRECT_NUMBA_CUDA...
APPROACH 5: QMATMUL_DIRECT_NUMBA_CUDA DONE. [time: 0.003673076629638672 s, all close: True, speed-up vs reference: 627.95]
APPROACH 6: QMATMUL_ALGO_NUMPY_ST...
APPROACH 6: QMATMUL_ALGO_NUMPY_ST DONE. [time: 0.011689901351928711 s, all close: True, speed-up vs reference: 197.31]
APPROACH 7: QMATMUL_ALGO_NUMPY_PARALLEL...
APPROACH 7: QMATMUL_ALGO_NUMPY_PARALLEL DONE. [time: 0.004346370697021484 s, all close: True, speed-up vs reference: 530.68]
APPROACH 8: QMATMUL_ALGO_NUMBA_CUDA...
APPROACH 8: QMATMUL_ALGO_NUMBA_CUDA DONE. [time: 0.0057392120361328125 s, all close: True, speed-up vs reference: 401.89]
REPETITION: 62/100:
APPROACH 1: QMATMUL_NAIVE_NUMBA_ST...
APPROACH 1: QMATMUL_NAIVE_NUMBA_ST DONE. [time: 2.270047664642334 s, all close: True, speed-up vs reference: 1.02]
APPROACH 2: QMATMUL_NAIVE_NUMBA_PARALLEL...
APPROACH 2: QMATMUL_NAIVE_NUMBA_PARALLEL DONE. [time: 0.1371002197265625 s, all close: True, speed-up vs reference: 16.82]
APPROACH 3: QMATMUL_DIRECT_NUMPY_ST...
APPROACH 3: QMATMUL_DIRECT_NUMPY_ST DONE. [time: 0.009296417236328125 s, all close: True, speed-up vs reference: 248.11]
APPROACH 4: QMATMUL_DIRECT_NUMPY_PARALLEL...
APPROACH 4: QMATMUL_DIRECT_NUMPY_PARALLEL DONE. [time: 0.0029494762420654297 s, all close: True, speed-up vs reference: 782.01]
APPROACH 5: QMATMUL_DIRECT_NUMBA_CUDA...
APPROACH 5: QMATMUL_DIRECT_NUMBA_CUDA DONE. [time: 0.002583026885986328 s, all close: True, speed-up vs reference: 892.95]
APPROACH 6: QMATMUL_ALGO_NUMPY_ST...
APPROACH 6: QMATMUL_ALGO_NUMPY_ST DONE. [time: 0.011584281921386719 s, all close: True, speed-up vs reference: 199.11]
APPROACH 7: QMATMUL_ALGO_NUMPY_PARALLEL...
APPROACH 7: QMATMUL_ALGO_NUMPY_PARALLEL DONE. [time: 0.0036821365356445312 s, all close: True, speed-up vs reference: 626.41]
APPROACH 8: QMATMUL_ALGO_NUMBA_CUDA...
APPROACH 8: QMATMUL_ALGO_NUMBA_CUDA DONE. [time: 0.006453275680541992 s, all close: True, speed-up vs reference: 357.42]
REPETITION: 63/100:
APPROACH 1: QMATMUL_NAIVE_NUMBA_ST...
APPROACH 1: QMATMUL_NAIVE_NUMBA_ST DONE. [time: 2.2867884635925293 s, all close: True, speed-up vs reference: 1.01]
APPROACH 2: QMATMUL_NAIVE_NUMBA_PARALLEL...
APPROACH 2: QMATMUL_NAIVE_NUMBA_PARALLEL DONE. [time: 0.16698670387268066 s, all close: True, speed-up vs reference: 13.81]
APPROACH 3: QMATMUL_DIRECT_NUMPY_ST...
APPROACH 3: QMATMUL_DIRECT_NUMPY_ST DONE. [time: 0.009575843811035156 s, all close: True, speed-up vs reference: 240.87]
APPROACH 4: QMATMUL_DIRECT_NUMPY_PARALLEL...
APPROACH 4: QMATMUL_DIRECT_NUMPY_PARALLEL DONE. [time: 0.004152059555053711 s, all close: True, speed-up vs reference: 555.51]
APPROACH 5: QMATMUL_DIRECT_NUMBA_CUDA...
APPROACH 5: QMATMUL_DIRECT_NUMBA_CUDA DONE. [time: 0.0026967525482177734 s, all close: True, speed-up vs reference: 855.29]
APPROACH 6: QMATMUL_ALGO_NUMPY_ST...
APPROACH 6: QMATMUL_ALGO_NUMPY_ST DONE. [time: 0.011675596237182617 s, all close: True, speed-up vs reference: 197.55]
APPROACH 7: QMATMUL_ALGO_NUMPY_PARALLEL...
APPROACH 7: QMATMUL_ALGO_NUMPY_PARALLEL DONE. [time: 0.009305000305175781 s, all close: True, speed-up vs reference: 247.88]
APPROACH 8: QMATMUL_ALGO_NUMBA_CUDA...
APPROACH 8: QMATMUL_ALGO_NUMBA_CUDA DONE. [time: 0.006503105163574219 s, all close: True, speed-up vs reference: 354.68]
REPETITION: 64/100:
APPROACH 1: QMATMUL_NAIVE_NUMBA_ST...
APPROACH 1: QMATMUL_NAIVE_NUMBA_ST DONE. [time: 2.297240734100342 s, all close: True, speed-up vs reference: 1.00]
APPROACH 2: QMATMUL_NAIVE_NUMBA_PARALLEL...
APPROACH 2: QMATMUL_NAIVE_NUMBA_PARALLEL DONE. [time: 0.17378473281860352 s, all close: True, speed-up vs reference: 13.27]
APPROACH 3: QMATMUL_DIRECT_NUMPY_ST...
APPROACH 3: QMATMUL_DIRECT_NUMPY_ST DONE. [time: 0.009278535842895508 s, all close: True, speed-up vs reference: 248.59]
APPROACH 4: QMATMUL_DIRECT_NUMPY_PARALLEL...
APPROACH 4: QMATMUL_DIRECT_NUMPY_PARALLEL DONE. [time: 0.002961397171020508 s, all close: True, speed-up vs reference: 778.86]
APPROACH 5: QMATMUL_DIRECT_NUMBA_CUDA...
APPROACH 5: QMATMUL_DIRECT_NUMBA_CUDA DONE. [time: 0.002639293670654297 s, all close: True, speed-up vs reference: 873.91]
APPROACH 6: QMATMUL_ALGO_NUMPY_ST...
APPROACH 6: QMATMUL_ALGO_NUMPY_ST DONE. [time: 0.01142263412475586 s, all close: True, speed-up vs reference: 201.92]
APPROACH 7: QMATMUL_ALGO_NUMPY_PARALLEL...
APPROACH 7: QMATMUL_ALGO_NUMPY_PARALLEL DONE. [time: 0.003618001937866211 s, all close: True, speed-up vs reference: 637.51]
APPROACH 8: QMATMUL_ALGO_NUMBA_CUDA...
APPROACH 8: QMATMUL_ALGO_NUMBA_CUDA DONE. [time: 0.006535053253173828 s, all close: True, speed-up vs reference: 352.94]
REPETITION: 65/100:
APPROACH 1: QMATMUL_NAIVE_NUMBA_ST...
APPROACH 1: QMATMUL_NAIVE_NUMBA_ST DONE. [time: 2.2961740493774414 s, all close: True, speed-up vs reference: 1.00]
APPROACH 2: QMATMUL_NAIVE_NUMBA_PARALLEL...
APPROACH 2: QMATMUL_NAIVE_NUMBA_PARALLEL DONE. [time: 0.13646245002746582 s, all close: True, speed-up vs reference: 16.90]
APPROACH 3: QMATMUL_DIRECT_NUMPY_ST...
APPROACH 3: QMATMUL_DIRECT_NUMPY_ST DONE. [time: 0.009352684020996094 s, all close: True, speed-up vs reference: 246.62]
APPROACH 4: QMATMUL_DIRECT_NUMPY_PARALLEL...
APPROACH 4: QMATMUL_DIRECT_NUMPY_PARALLEL DONE. [time: 0.002960681915283203 s, all close: True, speed-up vs reference: 779.05]
APPROACH 5: QMATMUL_DIRECT_NUMBA_CUDA...
APPROACH 5: QMATMUL_DIRECT_NUMBA_CUDA DONE. [time: 0.002689361572265625 s, all close: True, speed-up vs reference: 857.64]
APPROACH 6: QMATMUL_ALGO_NUMPY_ST...
APPROACH 6: QMATMUL_ALGO_NUMPY_ST DONE. [time: 0.011563539505004883 s, all close: True, speed-up vs reference: 199.46]
APPROACH 7: QMATMUL_ALGO_NUMPY_PARALLEL...
APPROACH 7: QMATMUL_ALGO_NUMPY_PARALLEL DONE. [time: 0.0036203861236572266 s, all close: True, speed-up vs reference: 637.09]
APPROACH 8: QMATMUL_ALGO_NUMBA_CUDA...
APPROACH 8: QMATMUL_ALGO_NUMBA_CUDA DONE. [time: 0.006424903869628906 s, all close: True, speed-up vs reference: 359.00]
REPETITION: 66/100:
APPROACH 1: QMATMUL_NAIVE_NUMBA_ST...
APPROACH 1: QMATMUL_NAIVE_NUMBA_ST DONE. [time: 2.2672810554504395 s, all close: True, speed-up vs reference: 1.02]
APPROACH 2: QMATMUL_NAIVE_NUMBA_PARALLEL...
APPROACH 2: QMATMUL_NAIVE_NUMBA_PARALLEL DONE. [time: 0.13656973838806152 s, all close: True, speed-up vs reference: 16.89]
APPROACH 3: QMATMUL_DIRECT_NUMPY_ST...
APPROACH 3: QMATMUL_DIRECT_NUMPY_ST DONE. [time: 0.009267807006835938 s, all close: True, speed-up vs reference: 248.87]
APPROACH 4: QMATMUL_DIRECT_NUMPY_PARALLEL...
APPROACH 4: QMATMUL_DIRECT_NUMPY_PARALLEL DONE. [time: 0.0037641525268554688 s, all close: True, speed-up vs reference: 612.76]
APPROACH 5: QMATMUL_DIRECT_NUMBA_CUDA...
APPROACH 5: QMATMUL_DIRECT_NUMBA_CUDA DONE. [time: 0.002655506134033203 s, all close: True, speed-up vs reference: 868.58]
APPROACH 6: QMATMUL_ALGO_NUMPY_ST...
APPROACH 6: QMATMUL_ALGO_NUMPY_ST DONE. [time: 0.011453866958618164 s, all close: True, speed-up vs reference: 201.37]
APPROACH 7: QMATMUL_ALGO_NUMPY_PARALLEL...
APPROACH 7: QMATMUL_ALGO_NUMPY_PARALLEL DONE. [time: 0.0037696361541748047 s, all close: True, speed-up vs reference: 611.87]
APPROACH 8: QMATMUL_ALGO_NUMBA_CUDA...
APPROACH 8: QMATMUL_ALGO_NUMBA_CUDA DONE. [time: 0.005814313888549805 s, all close: True, speed-up vs reference: 396.70]
REPETITION: 67/100:
APPROACH 1: QMATMUL_NAIVE_NUMBA_ST...
APPROACH 1: QMATMUL_NAIVE_NUMBA_ST DONE. [time: 2.2669782638549805 s, all close: True, speed-up vs reference: 1.02]
APPROACH 2: QMATMUL_NAIVE_NUMBA_PARALLEL...
APPROACH 2: QMATMUL_NAIVE_NUMBA_PARALLEL DONE. [time: 0.13648438453674316 s, all close: True, speed-up vs reference: 16.90]
APPROACH 3: QMATMUL_DIRECT_NUMPY_ST...
APPROACH 3: QMATMUL_DIRECT_NUMPY_ST DONE. [time: 0.009268045425415039 s, all close: True, speed-up vs reference: 248.87]
APPROACH 4: QMATMUL_DIRECT_NUMPY_PARALLEL...
APPROACH 4: QMATMUL_DIRECT_NUMPY_PARALLEL DONE. [time: 0.002969503402709961 s, all close: True, speed-up vs reference: 776.73]
APPROACH 5: QMATMUL_DIRECT_NUMBA_CUDA...
APPROACH 5: QMATMUL_DIRECT_NUMBA_CUDA DONE. [time: 0.0033576488494873047 s, all close: True, speed-up vs reference: 686.94]
APPROACH 6: QMATMUL_ALGO_NUMPY_ST...
APPROACH 6: QMATMUL_ALGO_NUMPY_ST DONE. [time: 0.011609077453613281 s, all close: True, speed-up vs reference: 198.68]
APPROACH 7: QMATMUL_ALGO_NUMPY_PARALLEL...
APPROACH 7: QMATMUL_ALGO_NUMPY_PARALLEL DONE. [time: 0.003599882125854492 s, all close: True, speed-up vs reference: 640.72]
APPROACH 8: QMATMUL_ALGO_NUMBA_CUDA...
APPROACH 8: QMATMUL_ALGO_NUMBA_CUDA DONE. [time: 0.006003141403198242 s, all close: True, speed-up vs reference: 384.22]
REPETITION: 68/100:
APPROACH 1: QMATMUL_NAIVE_NUMBA_ST...
APPROACH 1: QMATMUL_NAIVE_NUMBA_ST DONE. [time: 2.2691643238067627 s, all close: True, speed-up vs reference: 1.02]
APPROACH 2: QMATMUL_NAIVE_NUMBA_PARALLEL...
APPROACH 2: QMATMUL_NAIVE_NUMBA_PARALLEL DONE. [time: 0.13642501831054688 s, all close: True, speed-up vs reference: 16.91]
APPROACH 3: QMATMUL_DIRECT_NUMPY_ST...
APPROACH 3: QMATMUL_DIRECT_NUMPY_ST DONE. [time: 0.009226322174072266 s, all close: True, speed-up vs reference: 249.99]
APPROACH 4: QMATMUL_DIRECT_NUMPY_PARALLEL...
APPROACH 4: QMATMUL_DIRECT_NUMPY_PARALLEL DONE. [time: 0.002929210662841797 s, all close: True, speed-up vs reference: 787.42]
APPROACH 5: QMATMUL_DIRECT_NUMBA_CUDA...
APPROACH 5: QMATMUL_DIRECT_NUMBA_CUDA DONE. [time: 0.0033330917358398438 s, all close: True, speed-up vs reference: 692.00]
APPROACH 6: QMATMUL_ALGO_NUMPY_ST...
APPROACH 6: QMATMUL_ALGO_NUMPY_ST DONE. [time: 0.011635541915893555 s, all close: True, speed-up vs reference: 198.23]
APPROACH 7: QMATMUL_ALGO_NUMPY_PARALLEL...
APPROACH 7: QMATMUL_ALGO_NUMPY_PARALLEL DONE. [time: 0.0036628246307373047 s, all close: True, speed-up vs reference: 629.71]
APPROACH 8: QMATMUL_ALGO_NUMBA_CUDA...
APPROACH 8: QMATMUL_ALGO_NUMBA_CUDA DONE. [time: 0.005911111831665039 s, all close: True, speed-up vs reference: 390.20]
REPETITION: 69/100:
APPROACH 1: QMATMUL_NAIVE_NUMBA_ST...
APPROACH 1: QMATMUL_NAIVE_NUMBA_ST DONE. [time: 2.366811990737915 s, all close: True, speed-up vs reference: 0.97]
APPROACH 2: QMATMUL_NAIVE_NUMBA_PARALLEL...
APPROACH 2: QMATMUL_NAIVE_NUMBA_PARALLEL DONE. [time: 0.1511385440826416 s, all close: True, speed-up vs reference: 15.26]
APPROACH 3: QMATMUL_DIRECT_NUMPY_ST...
APPROACH 3: QMATMUL_DIRECT_NUMPY_ST DONE. [time: 0.009295463562011719 s, all close: True, speed-up vs reference: 248.13]
APPROACH 4: QMATMUL_DIRECT_NUMPY_PARALLEL...
APPROACH 4: QMATMUL_DIRECT_NUMPY_PARALLEL DONE. [time: 0.002964496612548828 s, all close: True, speed-up vs reference: 778.05]
APPROACH 5: QMATMUL_DIRECT_NUMBA_CUDA...
APPROACH 5: QMATMUL_DIRECT_NUMBA_CUDA DONE. [time: 0.0036516189575195312 s, all close: True, speed-up vs reference: 631.64]
APPROACH 6: QMATMUL_ALGO_NUMPY_ST...
APPROACH 6: QMATMUL_ALGO_NUMPY_ST DONE. [time: 0.011618375778198242 s, all close: True, speed-up vs reference: 198.52]
APPROACH 7: QMATMUL_ALGO_NUMPY_PARALLEL...
APPROACH 7: QMATMUL_ALGO_NUMPY_PARALLEL DONE. [time: 0.003645658493041992 s, all close: True, speed-up vs reference: 632.67]
APPROACH 8: QMATMUL_ALGO_NUMBA_CUDA...
APPROACH 8: QMATMUL_ALGO_NUMBA_CUDA DONE. [time: 0.010519981384277344 s, all close: True, speed-up vs reference: 219.25]
REPETITION: 70/100:
APPROACH 1: QMATMUL_NAIVE_NUMBA_ST...
APPROACH 1: QMATMUL_NAIVE_NUMBA_ST DONE. [time: 2.2705767154693604 s, all close: True, speed-up vs reference: 1.02]
APPROACH 2: QMATMUL_NAIVE_NUMBA_PARALLEL...
APPROACH 2: QMATMUL_NAIVE_NUMBA_PARALLEL DONE. [time: 0.13655900955200195 s, all close: True, speed-up vs reference: 16.89]
APPROACH 3: QMATMUL_DIRECT_NUMPY_ST...
APPROACH 3: QMATMUL_DIRECT_NUMPY_ST DONE. [time: 0.009680509567260742 s, all close: True, speed-up vs reference: 238.26]
APPROACH 4: QMATMUL_DIRECT_NUMPY_PARALLEL...
APPROACH 4: QMATMUL_DIRECT_NUMPY_PARALLEL DONE. [time: 0.0030994415283203125 s, all close: True, speed-up vs reference: 744.17]
APPROACH 5: QMATMUL_DIRECT_NUMBA_CUDA...
APPROACH 5: QMATMUL_DIRECT_NUMBA_CUDA DONE. [time: 0.0033550262451171875 s, all close: True, speed-up vs reference: 687.48]
APPROACH 6: QMATMUL_ALGO_NUMPY_ST...
APPROACH 6: QMATMUL_ALGO_NUMPY_ST DONE. [time: 0.011659622192382812 s, all close: True, speed-up vs reference: 197.82]
APPROACH 7: QMATMUL_ALGO_NUMPY_PARALLEL...
APPROACH 7: QMATMUL_ALGO_NUMPY_PARALLEL DONE. [time: 0.0036890506744384766 s, all close: True, speed-up vs reference: 625.23]
APPROACH 8: QMATMUL_ALGO_NUMBA_CUDA...
APPROACH 8: QMATMUL_ALGO_NUMBA_CUDA DONE. [time: 0.005578517913818359 s, all close: True, speed-up vs reference: 413.46]
REPETITION: 71/100:
APPROACH 1: QMATMUL_NAIVE_NUMBA_ST...
APPROACH 1: QMATMUL_NAIVE_NUMBA_ST DONE. [time: 2.2702138423919678 s, all close: True, speed-up vs reference: 1.02]
APPROACH 2: QMATMUL_NAIVE_NUMBA_PARALLEL...
APPROACH 2: QMATMUL_NAIVE_NUMBA_PARALLEL DONE. [time: 0.13666009902954102 s, all close: True, speed-up vs reference: 16.88]
APPROACH 3: QMATMUL_DIRECT_NUMPY_ST...
APPROACH 3: QMATMUL_DIRECT_NUMPY_ST DONE. [time: 0.009403705596923828 s, all close: True, speed-up vs reference: 245.28]
APPROACH 4: QMATMUL_DIRECT_NUMPY_PARALLEL...
APPROACH 4: QMATMUL_DIRECT_NUMPY_PARALLEL DONE. [time: 0.00404047966003418 s, all close: True, speed-up vs reference: 570.85]
APPROACH 5: QMATMUL_DIRECT_NUMBA_CUDA...
APPROACH 5: QMATMUL_DIRECT_NUMBA_CUDA DONE. [time: 0.0029969215393066406 s, all close: True, speed-up vs reference: 769.63]
APPROACH 6: QMATMUL_ALGO_NUMPY_ST...
APPROACH 6: QMATMUL_ALGO_NUMPY_ST DONE. [time: 0.0077800750732421875 s, all close: True, speed-up vs reference: 296.46]
APPROACH 7: QMATMUL_ALGO_NUMPY_PARALLEL...
APPROACH 7: QMATMUL_ALGO_NUMPY_PARALLEL DONE. [time: 0.003925323486328125 s, all close: True, speed-up vs reference: 587.60]
APPROACH 8: QMATMUL_ALGO_NUMBA_CUDA...
APPROACH 8: QMATMUL_ALGO_NUMBA_CUDA DONE. [time: 0.005453824996948242 s, all close: True, speed-up vs reference: 422.92]
REPETITION: 72/100:
APPROACH 1: QMATMUL_NAIVE_NUMBA_ST...
APPROACH 1: QMATMUL_NAIVE_NUMBA_ST DONE. [time: 2.2958455085754395 s, all close: True, speed-up vs reference: 1.00]
APPROACH 2: QMATMUL_NAIVE_NUMBA_PARALLEL...
APPROACH 2: QMATMUL_NAIVE_NUMBA_PARALLEL DONE. [time: 0.1484692096710205 s, all close: True, speed-up vs reference: 15.54]
APPROACH 3: QMATMUL_DIRECT_NUMPY_ST...
APPROACH 3: QMATMUL_DIRECT_NUMPY_ST DONE. [time: 0.009584903717041016 s, all close: True, speed-up vs reference: 240.64]
APPROACH 4: QMATMUL_DIRECT_NUMPY_PARALLEL...
APPROACH 4: QMATMUL_DIRECT_NUMPY_PARALLEL DONE. [time: 0.0039043426513671875 s, all close: True, speed-up vs reference: 590.76]
APPROACH 5: QMATMUL_DIRECT_NUMBA_CUDA...
APPROACH 5: QMATMUL_DIRECT_NUMBA_CUDA DONE. [time: 0.003574848175048828 s, all close: True, speed-up vs reference: 645.21]
APPROACH 6: QMATMUL_ALGO_NUMPY_ST...
APPROACH 6: QMATMUL_ALGO_NUMPY_ST DONE. [time: 0.011657953262329102 s, all close: True, speed-up vs reference: 197.85]
APPROACH 7: QMATMUL_ALGO_NUMPY_PARALLEL...
APPROACH 7: QMATMUL_ALGO_NUMPY_PARALLEL DONE. [time: 0.004220485687255859 s, all close: True, speed-up vs reference: 546.50]
APPROACH 8: QMATMUL_ALGO_NUMBA_CUDA...
APPROACH 8: QMATMUL_ALGO_NUMBA_CUDA DONE. [time: 0.005602598190307617 s, all close: True, speed-up vs reference: 411.69]
REPETITION: 73/100:
APPROACH 1: QMATMUL_NAIVE_NUMBA_ST...
APPROACH 1: QMATMUL_NAIVE_NUMBA_ST DONE. [time: 2.2778828144073486 s, all close: True, speed-up vs reference: 1.01]
APPROACH 2: QMATMUL_NAIVE_NUMBA_PARALLEL...
APPROACH 2: QMATMUL_NAIVE_NUMBA_PARALLEL DONE. [time: 0.18803739547729492 s, all close: True, speed-up vs reference: 12.27]
APPROACH 3: QMATMUL_DIRECT_NUMPY_ST...
APPROACH 3: QMATMUL_DIRECT_NUMPY_ST DONE. [time: 0.009395360946655273 s, all close: True, speed-up vs reference: 245.49]
APPROACH 4: QMATMUL_DIRECT_NUMPY_PARALLEL...
APPROACH 4: QMATMUL_DIRECT_NUMPY_PARALLEL DONE. [time: 0.003794431686401367 s, all close: True, speed-up vs reference: 607.87]
APPROACH 5: QMATMUL_DIRECT_NUMBA_CUDA...
APPROACH 5: QMATMUL_DIRECT_NUMBA_CUDA DONE. [time: 0.0026464462280273438 s, all close: True, speed-up vs reference: 871.55]
APPROACH 6: QMATMUL_ALGO_NUMPY_ST...
APPROACH 6: QMATMUL_ALGO_NUMPY_ST DONE. [time: 0.011601924896240234 s, all close: True, speed-up vs reference: 198.80]
APPROACH 7: QMATMUL_ALGO_NUMPY_PARALLEL...
APPROACH 7: QMATMUL_ALGO_NUMPY_PARALLEL DONE. [time: 0.004161357879638672 s, all close: True, speed-up vs reference: 554.27]
APPROACH 8: QMATMUL_ALGO_NUMBA_CUDA...
APPROACH 8: QMATMUL_ALGO_NUMBA_CUDA DONE. [time: 0.0065762996673583984 s, all close: True, speed-up vs reference: 350.73]
REPETITION: 74/100:
APPROACH 1: QMATMUL_NAIVE_NUMBA_ST...
APPROACH 1: QMATMUL_NAIVE_NUMBA_ST DONE. [time: 2.2751057147979736 s, all close: True, speed-up vs reference: 1.01]
APPROACH 2: QMATMUL_NAIVE_NUMBA_PARALLEL...
APPROACH 2: QMATMUL_NAIVE_NUMBA_PARALLEL DONE. [time: 0.16541075706481934 s, all close: True, speed-up vs reference: 13.94]
APPROACH 3: QMATMUL_DIRECT_NUMPY_ST...
APPROACH 3: QMATMUL_DIRECT_NUMPY_ST DONE. [time: 0.009716987609863281 s, all close: True, speed-up vs reference: 237.37]
APPROACH 4: QMATMUL_DIRECT_NUMPY_PARALLEL...
APPROACH 4: QMATMUL_DIRECT_NUMPY_PARALLEL DONE. [time: 0.004136085510253906 s, all close: True, speed-up vs reference: 557.66]
APPROACH 5: QMATMUL_DIRECT_NUMBA_CUDA...
APPROACH 5: QMATMUL_DIRECT_NUMBA_CUDA DONE. [time: 0.002696514129638672 s, all close: True, speed-up vs reference: 855.37]
APPROACH 6: QMATMUL_ALGO_NUMPY_ST...
APPROACH 6: QMATMUL_ALGO_NUMPY_ST DONE. [time: 0.011463642120361328 s, all close: True, speed-up vs reference: 201.20]
APPROACH 7: QMATMUL_ALGO_NUMPY_PARALLEL...
APPROACH 7: QMATMUL_ALGO_NUMPY_PARALLEL DONE. [time: 0.004398822784423828 s, all close: True, speed-up vs reference: 524.35]
APPROACH 8: QMATMUL_ALGO_NUMBA_CUDA...
APPROACH 8: QMATMUL_ALGO_NUMBA_CUDA DONE. [time: 0.0067331790924072266 s, all close: True, speed-up vs reference: 342.56]
REPETITION: 75/100:
APPROACH 1: QMATMUL_NAIVE_NUMBA_ST...
APPROACH 1: QMATMUL_NAIVE_NUMBA_ST DONE. [time: 2.2828121185302734 s, all close: True, speed-up vs reference: 1.01]
APPROACH 2: QMATMUL_NAIVE_NUMBA_PARALLEL...
APPROACH 2: QMATMUL_NAIVE_NUMBA_PARALLEL DONE. [time: 0.16937732696533203 s, all close: True, speed-up vs reference: 13.62]
APPROACH 3: QMATMUL_DIRECT_NUMPY_ST...
APPROACH 3: QMATMUL_DIRECT_NUMPY_ST DONE. [time: 0.009456157684326172 s, all close: True, speed-up vs reference: 243.92]
APPROACH 4: QMATMUL_DIRECT_NUMPY_PARALLEL...
APPROACH 4: QMATMUL_DIRECT_NUMPY_PARALLEL DONE. [time: 0.0037832260131835938 s, all close: True, speed-up vs reference: 609.67]
APPROACH 5: QMATMUL_DIRECT_NUMBA_CUDA...
APPROACH 5: QMATMUL_DIRECT_NUMBA_CUDA DONE. [time: 0.0026924610137939453 s, all close: True, speed-up vs reference: 856.66]
APPROACH 6: QMATMUL_ALGO_NUMPY_ST...
APPROACH 6: QMATMUL_ALGO_NUMPY_ST DONE. [time: 0.011714458465576172 s, all close: True, speed-up vs reference: 196.89]
APPROACH 7: QMATMUL_ALGO_NUMPY_PARALLEL...
APPROACH 7: QMATMUL_ALGO_NUMPY_PARALLEL DONE. [time: 0.0061798095703125 s, all close: True, speed-up vs reference: 373.23]
APPROACH 8: QMATMUL_ALGO_NUMBA_CUDA...
APPROACH 8: QMATMUL_ALGO_NUMBA_CUDA DONE. [time: 0.006643772125244141 s, all close: True, speed-up vs reference: 347.17]
REPETITION: 76/100:
APPROACH 1: QMATMUL_NAIVE_NUMBA_ST...
APPROACH 1: QMATMUL_NAIVE_NUMBA_ST DONE. [time: 2.2997958660125732 s, all close: True, speed-up vs reference: 1.00]
APPROACH 2: QMATMUL_NAIVE_NUMBA_PARALLEL...
APPROACH 2: QMATMUL_NAIVE_NUMBA_PARALLEL DONE. [time: 0.1782996654510498 s, all close: True, speed-up vs reference: 12.94]
APPROACH 3: QMATMUL_DIRECT_NUMPY_ST...
APPROACH 3: QMATMUL_DIRECT_NUMPY_ST DONE. [time: 0.010293245315551758 s, all close: True, speed-up vs reference: 224.08]
APPROACH 4: QMATMUL_DIRECT_NUMPY_PARALLEL...
APPROACH 4: QMATMUL_DIRECT_NUMPY_PARALLEL DONE. [time: 0.00481867790222168 s, all close: True, speed-up vs reference: 478.66]
APPROACH 5: QMATMUL_DIRECT_NUMBA_CUDA...
APPROACH 5: QMATMUL_DIRECT_NUMBA_CUDA DONE. [time: 0.002739429473876953 s, all close: True, speed-up vs reference: 841.97]
APPROACH 6: QMATMUL_ALGO_NUMPY_ST...
APPROACH 6: QMATMUL_ALGO_NUMPY_ST DONE. [time: 0.011960268020629883 s, all close: True, speed-up vs reference: 192.85]
APPROACH 7: QMATMUL_ALGO_NUMPY_PARALLEL...
APPROACH 7: QMATMUL_ALGO_NUMPY_PARALLEL DONE. [time: 0.004404783248901367 s, all close: True, speed-up vs reference: 523.64]
APPROACH 8: QMATMUL_ALGO_NUMBA_CUDA...
APPROACH 8: QMATMUL_ALGO_NUMBA_CUDA DONE. [time: 0.00688624382019043 s, all close: True, speed-up vs reference: 334.94]
REPETITION: 77/100:
APPROACH 1: QMATMUL_NAIVE_NUMBA_ST...
APPROACH 1: QMATMUL_NAIVE_NUMBA_ST DONE. [time: 2.310060739517212 s, all close: True, speed-up vs reference: 1.00]
APPROACH 2: QMATMUL_NAIVE_NUMBA_PARALLEL...
APPROACH 2: QMATMUL_NAIVE_NUMBA_PARALLEL DONE. [time: 0.17603492736816406 s, all close: True, speed-up vs reference: 13.10]
APPROACH 3: QMATMUL_DIRECT_NUMPY_ST...
APPROACH 3: QMATMUL_DIRECT_NUMPY_ST DONE. [time: 0.010504722595214844 s, all close: True, speed-up vs reference: 219.57]
APPROACH 4: QMATMUL_DIRECT_NUMPY_PARALLEL...
APPROACH 4: QMATMUL_DIRECT_NUMPY_PARALLEL DONE. [time: 0.004561424255371094 s, all close: True, speed-up vs reference: 505.66]
APPROACH 5: QMATMUL_DIRECT_NUMBA_CUDA...
APPROACH 5: QMATMUL_DIRECT_NUMBA_CUDA DONE. [time: 0.0026586055755615234 s, all close: True, speed-up vs reference: 867.56]
APPROACH 6: QMATMUL_ALGO_NUMPY_ST...
APPROACH 6: QMATMUL_ALGO_NUMPY_ST DONE. [time: 0.012205839157104492 s, all close: True, speed-up vs reference: 188.97]
APPROACH 7: QMATMUL_ALGO_NUMPY_PARALLEL...
APPROACH 7: QMATMUL_ALGO_NUMPY_PARALLEL DONE. [time: 0.01787543296813965 s, all close: True, speed-up vs reference: 129.03]
APPROACH 8: QMATMUL_ALGO_NUMBA_CUDA...
APPROACH 8: QMATMUL_ALGO_NUMBA_CUDA DONE. [time: 0.005811452865600586 s, all close: True, speed-up vs reference: 396.89]
REPETITION: 78/100:
APPROACH 1: QMATMUL_NAIVE_NUMBA_ST...
APPROACH 1: QMATMUL_NAIVE_NUMBA_ST DONE. [time: 2.3051743507385254 s, all close: True, speed-up vs reference: 1.00]
APPROACH 2: QMATMUL_NAIVE_NUMBA_PARALLEL...
APPROACH 2: QMATMUL_NAIVE_NUMBA_PARALLEL DONE. [time: 0.170318603515625 s, all close: True, speed-up vs reference: 13.54]
APPROACH 3: QMATMUL_DIRECT_NUMPY_ST...
APPROACH 3: QMATMUL_DIRECT_NUMPY_ST DONE. [time: 0.009619712829589844 s, all close: True, speed-up vs reference: 239.77]
APPROACH 4: QMATMUL_DIRECT_NUMPY_PARALLEL...
APPROACH 4: QMATMUL_DIRECT_NUMPY_PARALLEL DONE. [time: 0.0041048526763916016 s, all close: True, speed-up vs reference: 561.90]
APPROACH 5: QMATMUL_DIRECT_NUMBA_CUDA...
APPROACH 5: QMATMUL_DIRECT_NUMBA_CUDA DONE. [time: 0.003364086151123047 s, all close: True, speed-up vs reference: 685.63]
APPROACH 6: QMATMUL_ALGO_NUMPY_ST...
APPROACH 6: QMATMUL_ALGO_NUMPY_ST DONE. [time: 0.011621236801147461 s, all close: True, speed-up vs reference: 198.47]
APPROACH 7: QMATMUL_ALGO_NUMPY_PARALLEL...
APPROACH 7: QMATMUL_ALGO_NUMPY_PARALLEL DONE. [time: 0.004400968551635742 s, all close: True, speed-up vs reference: 524.09]
APPROACH 8: QMATMUL_ALGO_NUMBA_CUDA...
APPROACH 8: QMATMUL_ALGO_NUMBA_CUDA DONE. [time: 0.005667209625244141 s, all close: True, speed-up vs reference: 406.99]
REPETITION: 79/100:
APPROACH 1: QMATMUL_NAIVE_NUMBA_ST...
APPROACH 1: QMATMUL_NAIVE_NUMBA_ST DONE. [time: 2.301516056060791 s, all close: True, speed-up vs reference: 1.00]
APPROACH 2: QMATMUL_NAIVE_NUMBA_PARALLEL...
APPROACH 2: QMATMUL_NAIVE_NUMBA_PARALLEL DONE. [time: 0.1893928050994873 s, all close: True, speed-up vs reference: 12.18]
APPROACH 3: QMATMUL_DIRECT_NUMPY_ST...
APPROACH 3: QMATMUL_DIRECT_NUMPY_ST DONE. [time: 0.009673357009887695 s, all close: True, speed-up vs reference: 238.44]
APPROACH 4: QMATMUL_DIRECT_NUMPY_PARALLEL...
APPROACH 4: QMATMUL_DIRECT_NUMPY_PARALLEL DONE. [time: 0.004181861877441406 s, all close: True, speed-up vs reference: 551.55]
APPROACH 5: QMATMUL_DIRECT_NUMBA_CUDA...
APPROACH 5: QMATMUL_DIRECT_NUMBA_CUDA DONE. [time: 0.0033626556396484375 s, all close: True, speed-up vs reference: 685.92]
APPROACH 6: QMATMUL_ALGO_NUMPY_ST...
APPROACH 6: QMATMUL_ALGO_NUMPY_ST DONE. [time: 0.01149439811706543 s, all close: True, speed-up vs reference: 200.66]
APPROACH 7: QMATMUL_ALGO_NUMPY_PARALLEL...
APPROACH 7: QMATMUL_ALGO_NUMPY_PARALLEL DONE. [time: 0.004364013671875 s, all close: True, speed-up vs reference: 528.53]
APPROACH 8: QMATMUL_ALGO_NUMBA_CUDA...
APPROACH 8: QMATMUL_ALGO_NUMBA_CUDA DONE. [time: 0.0060193538665771484 s, all close: True, speed-up vs reference: 383.18]
REPETITION: 80/100:
APPROACH 1: QMATMUL_NAIVE_NUMBA_ST...
APPROACH 1: QMATMUL_NAIVE_NUMBA_ST DONE. [time: 2.296494722366333 s, all close: True, speed-up vs reference: 1.00]
APPROACH 2: QMATMUL_NAIVE_NUMBA_PARALLEL...
APPROACH 2: QMATMUL_NAIVE_NUMBA_PARALLEL DONE. [time: 0.16984176635742188 s, all close: True, speed-up vs reference: 13.58]
APPROACH 3: QMATMUL_DIRECT_NUMPY_ST...
APPROACH 3: QMATMUL_DIRECT_NUMPY_ST DONE. [time: 0.009534120559692383 s, all close: True, speed-up vs reference: 241.92]
APPROACH 4: QMATMUL_DIRECT_NUMPY_PARALLEL...
APPROACH 4: QMATMUL_DIRECT_NUMPY_PARALLEL DONE. [time: 0.004029273986816406 s, all close: True, speed-up vs reference: 572.44]
APPROACH 5: QMATMUL_DIRECT_NUMBA_CUDA...
APPROACH 5: QMATMUL_DIRECT_NUMBA_CUDA DONE. [time: 0.0033617019653320312 s, all close: True, speed-up vs reference: 686.11]
APPROACH 6: QMATMUL_ALGO_NUMPY_ST...
APPROACH 6: QMATMUL_ALGO_NUMPY_ST DONE. [time: 0.011640548706054688 s, all close: True, speed-up vs reference: 198.14]
APPROACH 7: QMATMUL_ALGO_NUMPY_PARALLEL...
APPROACH 7: QMATMUL_ALGO_NUMPY_PARALLEL DONE. [time: 0.004218339920043945 s, all close: True, speed-up vs reference: 546.78]
APPROACH 8: QMATMUL_ALGO_NUMBA_CUDA...
APPROACH 8: QMATMUL_ALGO_NUMBA_CUDA DONE. [time: 0.005789041519165039 s, all close: True, speed-up vs reference: 398.43]
REPETITION: 81/100:
APPROACH 1: QMATMUL_NAIVE_NUMBA_ST...
APPROACH 1: QMATMUL_NAIVE_NUMBA_ST DONE. [time: 2.284597873687744 s, all close: True, speed-up vs reference: 1.01]
APPROACH 2: QMATMUL_NAIVE_NUMBA_PARALLEL...
APPROACH 2: QMATMUL_NAIVE_NUMBA_PARALLEL DONE. [time: 0.13670086860656738 s, all close: True, speed-up vs reference: 16.87]
APPROACH 3: QMATMUL_DIRECT_NUMPY_ST...
APPROACH 3: QMATMUL_DIRECT_NUMPY_ST DONE. [time: 0.009231090545654297 s, all close: True, speed-up vs reference: 249.86]
APPROACH 4: QMATMUL_DIRECT_NUMPY_PARALLEL...
APPROACH 4: QMATMUL_DIRECT_NUMPY_PARALLEL DONE. [time: 0.004000425338745117 s, all close: True, speed-up vs reference: 576.57]
APPROACH 5: QMATMUL_DIRECT_NUMBA_CUDA...
APPROACH 5: QMATMUL_DIRECT_NUMBA_CUDA DONE. [time: 0.003354787826538086 s, all close: True, speed-up vs reference: 687.53]
APPROACH 6: QMATMUL_ALGO_NUMPY_ST...
APPROACH 6: QMATMUL_ALGO_NUMPY_ST DONE. [time: 0.011433839797973633 s, all close: True, speed-up vs reference: 201.73]
APPROACH 7: QMATMUL_ALGO_NUMPY_PARALLEL...
APPROACH 7: QMATMUL_ALGO_NUMPY_PARALLEL DONE. [time: 0.0036153793334960938 s, all close: True, speed-up vs reference: 637.97]
APPROACH 8: QMATMUL_ALGO_NUMBA_CUDA...
APPROACH 8: QMATMUL_ALGO_NUMBA_CUDA DONE. [time: 0.005767822265625 s, all close: True, speed-up vs reference: 399.89]
REPETITION: 82/100:
APPROACH 1: QMATMUL_NAIVE_NUMBA_ST...
APPROACH 1: QMATMUL_NAIVE_NUMBA_ST DONE. [time: 2.276010036468506 s, all close: True, speed-up vs reference: 1.01]
APPROACH 2: QMATMUL_NAIVE_NUMBA_PARALLEL...
APPROACH 2: QMATMUL_NAIVE_NUMBA_PARALLEL DONE. [time: 0.13697385787963867 s, all close: True, speed-up vs reference: 16.84]
APPROACH 3: QMATMUL_DIRECT_NUMPY_ST...
APPROACH 3: QMATMUL_DIRECT_NUMPY_ST DONE. [time: 0.009380102157592773 s, all close: True, speed-up vs reference: 245.89]
APPROACH 4: QMATMUL_DIRECT_NUMPY_PARALLEL...
APPROACH 4: QMATMUL_DIRECT_NUMPY_PARALLEL DONE. [time: 0.003933429718017578 s, all close: True, speed-up vs reference: 586.39]
APPROACH 5: QMATMUL_DIRECT_NUMBA_CUDA...
APPROACH 5: QMATMUL_DIRECT_NUMBA_CUDA DONE. [time: 0.0030333995819091797 s, all close: True, speed-up vs reference: 760.37]
APPROACH 6: QMATMUL_ALGO_NUMPY_ST...
APPROACH 6: QMATMUL_ALGO_NUMPY_ST DONE. [time: 0.0077762603759765625 s, all close: True, speed-up vs reference: 296.61]
APPROACH 7: QMATMUL_ALGO_NUMPY_PARALLEL...
APPROACH 7: QMATMUL_ALGO_NUMPY_PARALLEL DONE. [time: 0.003909111022949219 s, all close: True, speed-up vs reference: 590.04]
APPROACH 8: QMATMUL_ALGO_NUMBA_CUDA...
APPROACH 8: QMATMUL_ALGO_NUMBA_CUDA DONE. [time: 0.004357337951660156 s, all close: True, speed-up vs reference: 529.34]
REPETITION: 83/100:
APPROACH 1: QMATMUL_NAIVE_NUMBA_ST...
APPROACH 1: QMATMUL_NAIVE_NUMBA_ST DONE. [time: 2.357276201248169 s, all close: True, speed-up vs reference: 0.98]
APPROACH 2: QMATMUL_NAIVE_NUMBA_PARALLEL...
APPROACH 2: QMATMUL_NAIVE_NUMBA_PARALLEL DONE. [time: 0.13659143447875977 s, all close: True, speed-up vs reference: 16.89]
APPROACH 3: QMATMUL_DIRECT_NUMPY_ST...
APPROACH 3: QMATMUL_DIRECT_NUMPY_ST DONE. [time: 0.009337663650512695 s, all close: True, speed-up vs reference: 247.01]
APPROACH 4: QMATMUL_DIRECT_NUMPY_PARALLEL...
APPROACH 4: QMATMUL_DIRECT_NUMPY_PARALLEL DONE. [time: 0.003947019577026367 s, all close: True, speed-up vs reference: 584.37]
APPROACH 5: QMATMUL_DIRECT_NUMBA_CUDA...
APPROACH 5: QMATMUL_DIRECT_NUMBA_CUDA DONE. [time: 0.0035572052001953125 s, all close: True, speed-up vs reference: 648.41]
APPROACH 6: QMATMUL_ALGO_NUMPY_ST...
APPROACH 6: QMATMUL_ALGO_NUMPY_ST DONE. [time: 0.011558055877685547 s, all close: True, speed-up vs reference: 199.56]
APPROACH 7: QMATMUL_ALGO_NUMPY_PARALLEL...
APPROACH 7: QMATMUL_ALGO_NUMPY_PARALLEL DONE. [time: 0.003623485565185547 s, all close: True, speed-up vs reference: 636.55]
APPROACH 8: QMATMUL_ALGO_NUMBA_CUDA...
APPROACH 8: QMATMUL_ALGO_NUMBA_CUDA DONE. [time: 0.00557708740234375 s, all close: True, speed-up vs reference: 413.57]
REPETITION: 84/100:
APPROACH 1: QMATMUL_NAIVE_NUMBA_ST...
APPROACH 1: QMATMUL_NAIVE_NUMBA_ST DONE. [time: 2.271182060241699 s, all close: True, speed-up vs reference: 1.02]
APPROACH 2: QMATMUL_NAIVE_NUMBA_PARALLEL...
APPROACH 2: QMATMUL_NAIVE_NUMBA_PARALLEL DONE. [time: 0.1377253532409668 s, all close: True, speed-up vs reference: 16.75]
APPROACH 3: QMATMUL_DIRECT_NUMPY_ST...
APPROACH 3: QMATMUL_DIRECT_NUMPY_ST DONE. [time: 0.009311437606811523 s, all close: True, speed-up vs reference: 247.71]
APPROACH 4: QMATMUL_DIRECT_NUMPY_PARALLEL...
APPROACH 4: QMATMUL_DIRECT_NUMPY_PARALLEL DONE. [time: 0.0029668807983398438 s, all close: True, speed-up vs reference: 777.42]
APPROACH 5: QMATMUL_DIRECT_NUMBA_CUDA...
APPROACH 5: QMATMUL_DIRECT_NUMBA_CUDA DONE. [time: 0.0025801658630371094 s, all close: True, speed-up vs reference: 893.94]
APPROACH 6: QMATMUL_ALGO_NUMPY_ST...
APPROACH 6: QMATMUL_ALGO_NUMPY_ST DONE. [time: 0.011575460433959961 s, all close: True, speed-up vs reference: 199.26]
APPROACH 7: QMATMUL_ALGO_NUMPY_PARALLEL...
APPROACH 7: QMATMUL_ALGO_NUMPY_PARALLEL DONE. [time: 0.008177042007446289 s, all close: True, speed-up vs reference: 282.07]
APPROACH 8: QMATMUL_ALGO_NUMBA_CUDA...
APPROACH 8: QMATMUL_ALGO_NUMBA_CUDA DONE. [time: 0.0065155029296875 s, all close: True, speed-up vs reference: 354.00]
REPETITION: 85/100:
APPROACH 1: QMATMUL_NAIVE_NUMBA_ST...
APPROACH 1: QMATMUL_NAIVE_NUMBA_ST DONE. [time: 2.2664873600006104 s, all close: True, speed-up vs reference: 1.02]
APPROACH 2: QMATMUL_NAIVE_NUMBA_PARALLEL...
APPROACH 2: QMATMUL_NAIVE_NUMBA_PARALLEL DONE. [time: 0.14557433128356934 s, all close: True, speed-up vs reference: 15.84]
APPROACH 3: QMATMUL_DIRECT_NUMPY_ST...
APPROACH 3: QMATMUL_DIRECT_NUMPY_ST DONE. [time: 0.00923609733581543 s, all close: True, speed-up vs reference: 249.73]
APPROACH 4: QMATMUL_DIRECT_NUMPY_PARALLEL...
APPROACH 4: QMATMUL_DIRECT_NUMPY_PARALLEL DONE. [time: 0.0030090808868408203 s, all close: True, speed-up vs reference: 766.52]
APPROACH 5: QMATMUL_DIRECT_NUMBA_CUDA...
APPROACH 5: QMATMUL_DIRECT_NUMBA_CUDA DONE. [time: 0.002645254135131836 s, all close: True, speed-up vs reference: 871.94]
APPROACH 6: QMATMUL_ALGO_NUMPY_ST...
APPROACH 6: QMATMUL_ALGO_NUMPY_ST DONE. [time: 0.011602401733398438 s, all close: True, speed-up vs reference: 198.80]
APPROACH 7: QMATMUL_ALGO_NUMPY_PARALLEL...
APPROACH 7: QMATMUL_ALGO_NUMPY_PARALLEL DONE. [time: 0.003744363784790039 s, all close: True, speed-up vs reference: 616.00]
APPROACH 8: QMATMUL_ALGO_NUMBA_CUDA...
APPROACH 8: QMATMUL_ALGO_NUMBA_CUDA DONE. [time: 0.00660252571105957 s, all close: True, speed-up vs reference: 349.34]
REPETITION: 86/100:
APPROACH 1: QMATMUL_NAIVE_NUMBA_ST...
APPROACH 1: QMATMUL_NAIVE_NUMBA_ST DONE. [time: 2.267087459564209 s, all close: True, speed-up vs reference: 1.02]
APPROACH 2: QMATMUL_NAIVE_NUMBA_PARALLEL...
APPROACH 2: QMATMUL_NAIVE_NUMBA_PARALLEL DONE. [time: 0.13651728630065918 s, all close: True, speed-up vs reference: 16.90]
APPROACH 3: QMATMUL_DIRECT_NUMPY_ST...
APPROACH 3: QMATMUL_DIRECT_NUMPY_ST DONE. [time: 0.00932765007019043 s, all close: True, speed-up vs reference: 247.28]
APPROACH 4: QMATMUL_DIRECT_NUMPY_PARALLEL...
APPROACH 4: QMATMUL_DIRECT_NUMPY_PARALLEL DONE. [time: 0.002959728240966797 s, all close: True, speed-up vs reference: 779.30]
APPROACH 5: QMATMUL_DIRECT_NUMBA_CUDA...
APPROACH 5: QMATMUL_DIRECT_NUMBA_CUDA DONE. [time: 0.0026640892028808594 s, all close: True, speed-up vs reference: 865.78]
APPROACH 6: QMATMUL_ALGO_NUMPY_ST...
APPROACH 6: QMATMUL_ALGO_NUMPY_ST DONE. [time: 0.011433839797973633 s, all close: True, speed-up vs reference: 201.73]
APPROACH 7: QMATMUL_ALGO_NUMPY_PARALLEL...
APPROACH 7: QMATMUL_ALGO_NUMPY_PARALLEL DONE. [time: 0.0036852359771728516 s, all close: True, speed-up vs reference: 625.88]
APPROACH 8: QMATMUL_ALGO_NUMBA_CUDA...
APPROACH 8: QMATMUL_ALGO_NUMBA_CUDA DONE. [time: 0.0066986083984375 s, all close: True, speed-up vs reference: 344.33]
REPETITION: 87/100:
APPROACH 1: QMATMUL_NAIVE_NUMBA_ST...
APPROACH 1: QMATMUL_NAIVE_NUMBA_ST DONE. [time: 2.2918026447296143 s, all close: True, speed-up vs reference: 1.01]
APPROACH 2: QMATMUL_NAIVE_NUMBA_PARALLEL...
APPROACH 2: QMATMUL_NAIVE_NUMBA_PARALLEL DONE. [time: 0.1491842269897461 s, all close: True, speed-up vs reference: 15.46]
APPROACH 3: QMATMUL_DIRECT_NUMPY_ST...
APPROACH 3: QMATMUL_DIRECT_NUMPY_ST DONE. [time: 0.00936269760131836 s, all close: True, speed-up vs reference: 246.35]
APPROACH 4: QMATMUL_DIRECT_NUMPY_PARALLEL...
APPROACH 4: QMATMUL_DIRECT_NUMPY_PARALLEL DONE. [time: 0.004082441329956055 s, all close: True, speed-up vs reference: 564.98]
APPROACH 5: QMATMUL_DIRECT_NUMBA_CUDA...
APPROACH 5: QMATMUL_DIRECT_NUMBA_CUDA DONE. [time: 0.0026590824127197266 s, all close: True, speed-up vs reference: 867.41]
APPROACH 6: QMATMUL_ALGO_NUMPY_ST...
APPROACH 6: QMATMUL_ALGO_NUMPY_ST DONE. [time: 0.011574506759643555 s, all close: True, speed-up vs reference: 199.28]
APPROACH 7: QMATMUL_ALGO_NUMPY_PARALLEL...
APPROACH 7: QMATMUL_ALGO_NUMPY_PARALLEL DONE. [time: 0.0036132335662841797 s, all close: True, speed-up vs reference: 638.35]
APPROACH 8: QMATMUL_ALGO_NUMBA_CUDA...
APPROACH 8: QMATMUL_ALGO_NUMBA_CUDA DONE. [time: 0.006436586380004883 s, all close: True, speed-up vs reference: 358.34]
REPETITION: 88/100:
APPROACH 1: QMATMUL_NAIVE_NUMBA_ST...
APPROACH 1: QMATMUL_NAIVE_NUMBA_ST DONE. [time: 2.2711470127105713 s, all close: True, speed-up vs reference: 1.02]
APPROACH 2: QMATMUL_NAIVE_NUMBA_PARALLEL...
APPROACH 2: QMATMUL_NAIVE_NUMBA_PARALLEL DONE. [time: 0.16376543045043945 s, all close: True, speed-up vs reference: 14.08]
APPROACH 3: QMATMUL_DIRECT_NUMPY_ST...
APPROACH 3: QMATMUL_DIRECT_NUMPY_ST DONE. [time: 0.009415864944458008 s, all close: True, speed-up vs reference: 244.96]
APPROACH 4: QMATMUL_DIRECT_NUMPY_PARALLEL...
APPROACH 4: QMATMUL_DIRECT_NUMPY_PARALLEL DONE. [time: 0.0029900074005126953 s, all close: True, speed-up vs reference: 771.41]
APPROACH 5: QMATMUL_DIRECT_NUMBA_CUDA...
APPROACH 5: QMATMUL_DIRECT_NUMBA_CUDA DONE. [time: 0.0026819705963134766 s, all close: True, speed-up vs reference: 860.01]
APPROACH 6: QMATMUL_ALGO_NUMPY_ST...
APPROACH 6: QMATMUL_ALGO_NUMPY_ST DONE. [time: 0.011549234390258789 s, all close: True, speed-up vs reference: 199.71]
APPROACH 7: QMATMUL_ALGO_NUMPY_PARALLEL...
APPROACH 7: QMATMUL_ALGO_NUMPY_PARALLEL DONE. [time: 0.014885663986206055 s, all close: True, speed-up vs reference: 154.95]
APPROACH 8: QMATMUL_ALGO_NUMBA_CUDA...
APPROACH 8: QMATMUL_ALGO_NUMBA_CUDA DONE. [time: 0.005834817886352539 s, all close: True, speed-up vs reference: 395.30]
REPETITION: 89/100:
APPROACH 1: QMATMUL_NAIVE_NUMBA_ST...
APPROACH 1: QMATMUL_NAIVE_NUMBA_ST DONE. [time: 2.2783472537994385 s, all close: True, speed-up vs reference: 1.01]
APPROACH 2: QMATMUL_NAIVE_NUMBA_PARALLEL...
APPROACH 2: QMATMUL_NAIVE_NUMBA_PARALLEL DONE. [time: 0.1365489959716797 s, all close: True, speed-up vs reference: 16.89]
APPROACH 3: QMATMUL_DIRECT_NUMPY_ST...
APPROACH 3: QMATMUL_DIRECT_NUMPY_ST DONE. [time: 0.009173154830932617 s, all close: True, speed-up vs reference: 251.44]
APPROACH 4: QMATMUL_DIRECT_NUMPY_PARALLEL...
APPROACH 4: QMATMUL_DIRECT_NUMPY_PARALLEL DONE. [time: 0.0029201507568359375 s, all close: True, speed-up vs reference: 789.86]
APPROACH 5: QMATMUL_DIRECT_NUMBA_CUDA...
APPROACH 5: QMATMUL_DIRECT_NUMBA_CUDA DONE. [time: 0.003318309783935547 s, all close: True, speed-up vs reference: 695.09]
APPROACH 6: QMATMUL_ALGO_NUMPY_ST...
APPROACH 6: QMATMUL_ALGO_NUMPY_ST DONE. [time: 0.011639833450317383 s, all close: True, speed-up vs reference: 198.16]
APPROACH 7: QMATMUL_ALGO_NUMPY_PARALLEL...
APPROACH 7: QMATMUL_ALGO_NUMPY_PARALLEL DONE. [time: 0.004240751266479492 s, all close: True, speed-up vs reference: 543.89]
APPROACH 8: QMATMUL_ALGO_NUMBA_CUDA...
APPROACH 8: QMATMUL_ALGO_NUMBA_CUDA DONE. [time: 0.005827426910400391 s, all close: True, speed-up vs reference: 395.80]
REPETITION: 90/100:
APPROACH 1: QMATMUL_NAIVE_NUMBA_ST...
APPROACH 1: QMATMUL_NAIVE_NUMBA_ST DONE. [time: 2.296049118041992 s, all close: True, speed-up vs reference: 1.00]
APPROACH 2: QMATMUL_NAIVE_NUMBA_PARALLEL...
APPROACH 2: QMATMUL_NAIVE_NUMBA_PARALLEL DONE. [time: 0.14247751235961914 s, all close: True, speed-up vs reference: 16.19]
APPROACH 3: QMATMUL_DIRECT_NUMPY_ST...
APPROACH 3: QMATMUL_DIRECT_NUMPY_ST DONE. [time: 0.009392023086547852 s, all close: True, speed-up vs reference: 245.58]
APPROACH 4: QMATMUL_DIRECT_NUMPY_PARALLEL...
APPROACH 4: QMATMUL_DIRECT_NUMPY_PARALLEL DONE. [time: 0.0030517578125 s, all close: True, speed-up vs reference: 755.80]
APPROACH 5: QMATMUL_DIRECT_NUMBA_CUDA...
APPROACH 5: QMATMUL_DIRECT_NUMBA_CUDA DONE. [time: 0.0033195018768310547 s, all close: True, speed-up vs reference: 694.84]
APPROACH 6: QMATMUL_ALGO_NUMPY_ST...
APPROACH 6: QMATMUL_ALGO_NUMPY_ST DONE. [time: 0.01159811019897461 s, all close: True, speed-up vs reference: 198.87]
APPROACH 7: QMATMUL_ALGO_NUMPY_PARALLEL...
APPROACH 7: QMATMUL_ALGO_NUMPY_PARALLEL DONE. [time: 0.0036325454711914062 s, all close: True, speed-up vs reference: 634.96]
APPROACH 8: QMATMUL_ALGO_NUMBA_CUDA...
APPROACH 8: QMATMUL_ALGO_NUMBA_CUDA DONE. [time: 0.005645751953125 s, all close: True, speed-up vs reference: 408.54]
REPETITION: 91/100:
APPROACH 1: QMATMUL_NAIVE_NUMBA_ST...
APPROACH 1: QMATMUL_NAIVE_NUMBA_ST DONE. [time: 2.379894971847534 s, all close: True, speed-up vs reference: 0.97]
APPROACH 2: QMATMUL_NAIVE_NUMBA_PARALLEL...
APPROACH 2: QMATMUL_NAIVE_NUMBA_PARALLEL DONE. [time: 0.1489880084991455 s, all close: True, speed-up vs reference: 15.48]
APPROACH 3: QMATMUL_DIRECT_NUMPY_ST...
APPROACH 3: QMATMUL_DIRECT_NUMPY_ST DONE. [time: 0.009311437606811523 s, all close: True, speed-up vs reference: 247.71]
APPROACH 4: QMATMUL_DIRECT_NUMPY_PARALLEL...
APPROACH 4: QMATMUL_DIRECT_NUMPY_PARALLEL DONE. [time: 0.0029129981994628906 s, all close: True, speed-up vs reference: 791.80]
APPROACH 5: QMATMUL_DIRECT_NUMBA_CUDA...
APPROACH 5: QMATMUL_DIRECT_NUMBA_CUDA DONE. [time: 0.0033228397369384766 s, all close: True, speed-up vs reference: 694.14]
APPROACH 6: QMATMUL_ALGO_NUMPY_ST...
APPROACH 6: QMATMUL_ALGO_NUMPY_ST DONE. [time: 0.01141667366027832 s, all close: True, speed-up vs reference: 202.03]
APPROACH 7: QMATMUL_ALGO_NUMPY_PARALLEL...
APPROACH 7: QMATMUL_ALGO_NUMPY_PARALLEL DONE. [time: 0.0036482810974121094 s, all close: True, speed-up vs reference: 632.22]
APPROACH 8: QMATMUL_ALGO_NUMBA_CUDA...
APPROACH 8: QMATMUL_ALGO_NUMBA_CUDA DONE. [time: 0.005968809127807617 s, all close: True, speed-up vs reference: 386.43]
REPETITION: 92/100:
APPROACH 1: QMATMUL_NAIVE_NUMBA_ST...
APPROACH 1: QMATMUL_NAIVE_NUMBA_ST DONE. [time: 2.301058769226074 s, all close: True, speed-up vs reference: 1.00]
APPROACH 2: QMATMUL_NAIVE_NUMBA_PARALLEL...
APPROACH 2: QMATMUL_NAIVE_NUMBA_PARALLEL DONE. [time: 0.17225265502929688 s, all close: True, speed-up vs reference: 13.39]
APPROACH 3: QMATMUL_DIRECT_NUMPY_ST...
APPROACH 3: QMATMUL_DIRECT_NUMPY_ST DONE. [time: 0.009339332580566406 s, all close: True, speed-up vs reference: 246.97]
APPROACH 4: QMATMUL_DIRECT_NUMPY_PARALLEL...
APPROACH 4: QMATMUL_DIRECT_NUMPY_PARALLEL DONE. [time: 0.002934694290161133 s, all close: True, speed-up vs reference: 785.95]
APPROACH 5: QMATMUL_DIRECT_NUMBA_CUDA...
APPROACH 5: QMATMUL_DIRECT_NUMBA_CUDA DONE. [time: 0.0033216476440429688 s, all close: True, speed-up vs reference: 694.39]
APPROACH 6: QMATMUL_ALGO_NUMPY_ST...
APPROACH 6: QMATMUL_ALGO_NUMPY_ST DONE. [time: 0.011599302291870117 s, all close: True, speed-up vs reference: 198.85]
APPROACH 7: QMATMUL_ALGO_NUMPY_PARALLEL...
APPROACH 7: QMATMUL_ALGO_NUMPY_PARALLEL DONE. [time: 0.003632783889770508 s, all close: True, speed-up vs reference: 634.92]
APPROACH 8: QMATMUL_ALGO_NUMBA_CUDA...
APPROACH 8: QMATMUL_ALGO_NUMBA_CUDA DONE. [time: 0.005629539489746094 s, all close: True, speed-up vs reference: 409.72]
REPETITION: 93/100:
APPROACH 1: QMATMUL_NAIVE_NUMBA_ST...
APPROACH 1: QMATMUL_NAIVE_NUMBA_ST DONE. [time: 2.304239511489868 s, all close: True, speed-up vs reference: 1.00]
APPROACH 2: QMATMUL_NAIVE_NUMBA_PARALLEL...
APPROACH 2: QMATMUL_NAIVE_NUMBA_PARALLEL DONE. [time: 0.16756629943847656 s, all close: True, speed-up vs reference: 13.76]
APPROACH 3: QMATMUL_DIRECT_NUMPY_ST...
APPROACH 3: QMATMUL_DIRECT_NUMPY_ST DONE. [time: 0.009521007537841797 s, all close: True, speed-up vs reference: 242.26]
APPROACH 4: QMATMUL_DIRECT_NUMPY_PARALLEL...
APPROACH 4: QMATMUL_DIRECT_NUMPY_PARALLEL DONE. [time: 0.003141164779663086 s, all close: True, speed-up vs reference: 734.29]
APPROACH 5: QMATMUL_DIRECT_NUMBA_CUDA...
APPROACH 5: QMATMUL_DIRECT_NUMBA_CUDA DONE. [time: 0.0034508705139160156 s, all close: True, speed-up vs reference: 668.39]
APPROACH 6: QMATMUL_ALGO_NUMPY_ST...
APPROACH 6: QMATMUL_ALGO_NUMPY_ST DONE. [time: 0.011493444442749023 s, all close: True, speed-up vs reference: 200.68]
APPROACH 7: QMATMUL_ALGO_NUMPY_PARALLEL...
APPROACH 7: QMATMUL_ALGO_NUMPY_PARALLEL DONE. [time: 0.012540817260742188 s, all close: True, speed-up vs reference: 183.92]
APPROACH 8: QMATMUL_ALGO_NUMBA_CUDA...
APPROACH 8: QMATMUL_ALGO_NUMBA_CUDA DONE. [time: 0.005589485168457031 s, all close: True, speed-up vs reference: 412.65]
REPETITION: 94/100:
APPROACH 1: QMATMUL_NAIVE_NUMBA_ST...
APPROACH 1: QMATMUL_NAIVE_NUMBA_ST DONE. [time: 2.2859065532684326 s, all close: True, speed-up vs reference: 1.01]
APPROACH 2: QMATMUL_NAIVE_NUMBA_PARALLEL...
APPROACH 2: QMATMUL_NAIVE_NUMBA_PARALLEL DONE. [time: 0.14059042930603027 s, all close: True, speed-up vs reference: 16.41]
APPROACH 3: QMATMUL_DIRECT_NUMPY_ST...
APPROACH 3: QMATMUL_DIRECT_NUMPY_ST DONE. [time: 0.00934600830078125 s, all close: True, speed-up vs reference: 246.79]
APPROACH 4: QMATMUL_DIRECT_NUMPY_PARALLEL...
APPROACH 4: QMATMUL_DIRECT_NUMPY_PARALLEL DONE. [time: 0.0040569305419921875 s, all close: True, speed-up vs reference: 568.54]
APPROACH 5: QMATMUL_DIRECT_NUMBA_CUDA...
APPROACH 5: QMATMUL_DIRECT_NUMBA_CUDA DONE. [time: 0.0035691261291503906 s, all close: True, speed-up vs reference: 646.24]
APPROACH 6: QMATMUL_ALGO_NUMPY_ST...
APPROACH 6: QMATMUL_ALGO_NUMPY_ST DONE. [time: 0.011604547500610352 s, all close: True, speed-up vs reference: 198.76]
APPROACH 7: QMATMUL_ALGO_NUMPY_PARALLEL...
APPROACH 7: QMATMUL_ALGO_NUMPY_PARALLEL DONE. [time: 0.003671884536743164 s, all close: True, speed-up vs reference: 628.16]
APPROACH 8: QMATMUL_ALGO_NUMBA_CUDA...
APPROACH 8: QMATMUL_ALGO_NUMBA_CUDA DONE. [time: 0.005568504333496094 s, all close: True, speed-up vs reference: 414.21]
REPETITION: 95/100:
APPROACH 1: QMATMUL_NAIVE_NUMBA_ST...
APPROACH 1: QMATMUL_NAIVE_NUMBA_ST DONE. [time: 2.2743163108825684 s, all close: True, speed-up vs reference: 1.01]
APPROACH 2: QMATMUL_NAIVE_NUMBA_PARALLEL...
APPROACH 2: QMATMUL_NAIVE_NUMBA_PARALLEL DONE. [time: 0.1376197338104248 s, all close: True, speed-up vs reference: 16.76]
APPROACH 3: QMATMUL_DIRECT_NUMPY_ST...
APPROACH 3: QMATMUL_DIRECT_NUMPY_ST DONE. [time: 0.009259223937988281 s, all close: True, speed-up vs reference: 249.10]
APPROACH 4: QMATMUL_DIRECT_NUMPY_PARALLEL...
APPROACH 4: QMATMUL_DIRECT_NUMPY_PARALLEL DONE. [time: 0.0029449462890625 s, all close: True, speed-up vs reference: 783.21]
APPROACH 5: QMATMUL_DIRECT_NUMBA_CUDA...
APPROACH 5: QMATMUL_DIRECT_NUMBA_CUDA DONE. [time: 0.002576589584350586 s, all close: True, speed-up vs reference: 895.18]
APPROACH 6: QMATMUL_ALGO_NUMPY_ST...
APPROACH 6: QMATMUL_ALGO_NUMPY_ST DONE. [time: 0.011574506759643555 s, all close: True, speed-up vs reference: 199.28]
APPROACH 7: QMATMUL_ALGO_NUMPY_PARALLEL...
APPROACH 7: QMATMUL_ALGO_NUMPY_PARALLEL DONE. [time: 0.0036270618438720703 s, all close: True, speed-up vs reference: 635.92]
APPROACH 8: QMATMUL_ALGO_NUMBA_CUDA...
APPROACH 8: QMATMUL_ALGO_NUMBA_CUDA DONE. [time: 0.00636744499206543 s, all close: True, speed-up vs reference: 362.24]
REPETITION: 96/100:
APPROACH 1: QMATMUL_NAIVE_NUMBA_ST...
APPROACH 1: QMATMUL_NAIVE_NUMBA_ST DONE. [time: 2.274339437484741 s, all close: True, speed-up vs reference: 1.01]
APPROACH 2: QMATMUL_NAIVE_NUMBA_PARALLEL...
APPROACH 2: QMATMUL_NAIVE_NUMBA_PARALLEL DONE. [time: 0.14958453178405762 s, all close: True, speed-up vs reference: 15.42]
APPROACH 3: QMATMUL_DIRECT_NUMPY_ST...
APPROACH 3: QMATMUL_DIRECT_NUMPY_ST DONE. [time: 0.009327411651611328 s, all close: True, speed-up vs reference: 247.28]
APPROACH 4: QMATMUL_DIRECT_NUMPY_PARALLEL...
APPROACH 4: QMATMUL_DIRECT_NUMPY_PARALLEL DONE. [time: 0.002933502197265625 s, all close: True, speed-up vs reference: 786.27]
APPROACH 5: QMATMUL_DIRECT_NUMBA_CUDA...
APPROACH 5: QMATMUL_DIRECT_NUMBA_CUDA DONE. [time: 0.0026502609252929688 s, all close: True, speed-up vs reference: 870.30]
APPROACH 6: QMATMUL_ALGO_NUMPY_ST...
APPROACH 6: QMATMUL_ALGO_NUMPY_ST DONE. [time: 0.011457443237304688 s, all close: True, speed-up vs reference: 201.31]
APPROACH 7: QMATMUL_ALGO_NUMPY_PARALLEL...
APPROACH 7: QMATMUL_ALGO_NUMPY_PARALLEL DONE. [time: 0.0036344528198242188 s, all close: True, speed-up vs reference: 634.62]
APPROACH 8: QMATMUL_ALGO_NUMBA_CUDA...
APPROACH 8: QMATMUL_ALGO_NUMBA_CUDA DONE. [time: 0.0065958499908447266 s, all close: True, speed-up vs reference: 349.69]
REPETITION: 97/100:
APPROACH 1: QMATMUL_NAIVE_NUMBA_ST...
APPROACH 1: QMATMUL_NAIVE_NUMBA_ST DONE. [time: 2.275125741958618 s, all close: True, speed-up vs reference: 1.01]
APPROACH 2: QMATMUL_NAIVE_NUMBA_PARALLEL...
APPROACH 2: QMATMUL_NAIVE_NUMBA_PARALLEL DONE. [time: 0.13744449615478516 s, all close: True, speed-up vs reference: 16.78]
APPROACH 3: QMATMUL_DIRECT_NUMPY_ST...
APPROACH 3: QMATMUL_DIRECT_NUMPY_ST DONE. [time: 0.00927734375 s, all close: True, speed-up vs reference: 248.62]
APPROACH 4: QMATMUL_DIRECT_NUMPY_PARALLEL...
APPROACH 4: QMATMUL_DIRECT_NUMPY_PARALLEL DONE. [time: 0.0029299259185791016 s, all close: True, speed-up vs reference: 787.23]
APPROACH 5: QMATMUL_DIRECT_NUMBA_CUDA...
APPROACH 5: QMATMUL_DIRECT_NUMBA_CUDA DONE. [time: 0.002665281295776367 s, all close: True, speed-up vs reference: 865.39]
APPROACH 6: QMATMUL_ALGO_NUMPY_ST...
APPROACH 6: QMATMUL_ALGO_NUMPY_ST DONE. [time: 0.011598348617553711 s, all close: True, speed-up vs reference: 198.87]
APPROACH 7: QMATMUL_ALGO_NUMPY_PARALLEL...
APPROACH 7: QMATMUL_ALGO_NUMPY_PARALLEL DONE. [time: 0.0036356449127197266 s, all close: True, speed-up vs reference: 634.42]
APPROACH 8: QMATMUL_ALGO_NUMBA_CUDA...
APPROACH 8: QMATMUL_ALGO_NUMBA_CUDA DONE. [time: 0.006633758544921875 s, all close: True, speed-up vs reference: 347.69]
REPETITION: 98/100:
APPROACH 1: QMATMUL_NAIVE_NUMBA_ST...
APPROACH 1: QMATMUL_NAIVE_NUMBA_ST DONE. [time: 2.283449411392212 s, all close: True, speed-up vs reference: 1.01]
APPROACH 2: QMATMUL_NAIVE_NUMBA_PARALLEL...
APPROACH 2: QMATMUL_NAIVE_NUMBA_PARALLEL DONE. [time: 0.13972258567810059 s, all close: True, speed-up vs reference: 16.51]
APPROACH 3: QMATMUL_DIRECT_NUMPY_ST...
APPROACH 3: QMATMUL_DIRECT_NUMPY_ST DONE. [time: 0.009303808212280273 s, all close: True, speed-up vs reference: 247.91]
APPROACH 4: QMATMUL_DIRECT_NUMPY_PARALLEL...
APPROACH 4: QMATMUL_DIRECT_NUMPY_PARALLEL DONE. [time: 0.0051119327545166016 s, all close: True, speed-up vs reference: 451.20]
APPROACH 5: QMATMUL_DIRECT_NUMBA_CUDA...
APPROACH 5: QMATMUL_DIRECT_NUMBA_CUDA DONE. [time: 0.0027811527252197266 s, all close: True, speed-up vs reference: 829.34]
APPROACH 6: QMATMUL_ALGO_NUMPY_ST...
APPROACH 6: QMATMUL_ALGO_NUMPY_ST DONE. [time: 0.011678695678710938 s, all close: True, speed-up vs reference: 197.50]
APPROACH 7: QMATMUL_ALGO_NUMPY_PARALLEL...
APPROACH 7: QMATMUL_ALGO_NUMPY_PARALLEL DONE. [time: 0.00434565544128418 s, all close: True, speed-up vs reference: 530.76]
APPROACH 8: QMATMUL_ALGO_NUMBA_CUDA...
APPROACH 8: QMATMUL_ALGO_NUMBA_CUDA DONE. [time: 0.006869316101074219 s, all close: True, speed-up vs reference: 335.77]
REPETITION: 99/100:
APPROACH 1: QMATMUL_NAIVE_NUMBA_ST...
APPROACH 1: QMATMUL_NAIVE_NUMBA_ST DONE. [time: 2.2798376083374023 s, all close: True, speed-up vs reference: 1.01]
APPROACH 2: QMATMUL_NAIVE_NUMBA_PARALLEL...
APPROACH 2: QMATMUL_NAIVE_NUMBA_PARALLEL DONE. [time: 0.14768671989440918 s, all close: True, speed-up vs reference: 15.62]
APPROACH 3: QMATMUL_DIRECT_NUMPY_ST...
APPROACH 3: QMATMUL_DIRECT_NUMPY_ST DONE. [time: 0.009307861328125 s, all close: True, speed-up vs reference: 247.80]
APPROACH 4: QMATMUL_DIRECT_NUMPY_PARALLEL...
APPROACH 4: QMATMUL_DIRECT_NUMPY_PARALLEL DONE. [time: 0.0029904842376708984 s, all close: True, speed-up vs reference: 771.28]
APPROACH 5: QMATMUL_DIRECT_NUMBA_CUDA...
APPROACH 5: QMATMUL_DIRECT_NUMBA_CUDA DONE. [time: 0.0026810169219970703 s, all close: True, speed-up vs reference: 860.31]
APPROACH 6: QMATMUL_ALGO_NUMPY_ST...
APPROACH 6: QMATMUL_ALGO_NUMPY_ST DONE. [time: 0.011636734008789062 s, all close: True, speed-up vs reference: 198.21]
APPROACH 7: QMATMUL_ALGO_NUMPY_PARALLEL...
APPROACH 7: QMATMUL_ALGO_NUMPY_PARALLEL DONE. [time: 0.003676891326904297 s, all close: True, speed-up vs reference: 627.30]
APPROACH 8: QMATMUL_ALGO_NUMBA_CUDA...
APPROACH 8: QMATMUL_ALGO_NUMBA_CUDA DONE. [time: 0.00566411018371582 s, all close: True, speed-up vs reference: 407.22]
REPETITION: 100/100:
APPROACH 1: QMATMUL_NAIVE_NUMBA_ST...
APPROACH 1: QMATMUL_NAIVE_NUMBA_ST DONE. [time: 2.269888162612915 s, all close: True, speed-up vs reference: 1.02]
APPROACH 2: QMATMUL_NAIVE_NUMBA_PARALLEL...
APPROACH 2: QMATMUL_NAIVE_NUMBA_PARALLEL DONE. [time: 0.13662242889404297 s, all close: True, speed-up vs reference: 16.88]
APPROACH 3: QMATMUL_DIRECT_NUMPY_ST...
APPROACH 3: QMATMUL_DIRECT_NUMPY_ST DONE. [time: 0.009277105331420898 s, all close: True, speed-up vs reference: 248.62]
APPROACH 4: QMATMUL_DIRECT_NUMPY_PARALLEL...
APPROACH 4: QMATMUL_DIRECT_NUMPY_PARALLEL DONE. [time: 0.0030808448791503906 s, all close: True, speed-up vs reference: 748.66]
APPROACH 5: QMATMUL_DIRECT_NUMBA_CUDA...
APPROACH 5: QMATMUL_DIRECT_NUMBA_CUDA DONE. [time: 0.0033321380615234375 s, all close: True, speed-up vs reference: 692.20]
APPROACH 6: QMATMUL_ALGO_NUMPY_ST...
APPROACH 6: QMATMUL_ALGO_NUMPY_ST DONE. [time: 0.011447429656982422 s, all close: True, speed-up vs reference: 201.49]
APPROACH 7: QMATMUL_ALGO_NUMPY_PARALLEL...
APPROACH 7: QMATMUL_ALGO_NUMPY_PARALLEL DONE. [time: 0.0035953521728515625 s, all close: True, speed-up vs reference: 641.53]
APPROACH 8: QMATMUL_ALGO_NUMBA_CUDA...
APPROACH 8: QMATMUL_ALGO_NUMBA_CUDA DONE. [time: 0.0058155059814453125 s, all close: True, speed-up vs reference: 396.61]
================================================================================================================================================================================================================
SUMMARY:
APPROACH 1: QMATMUL_NAIVE_NUMBA_ST (REFERENCE) -> MEAN TIME: 2.2952148151397704 s, TIME STD: 0.03265271424520345 s, STD_%: 1.4%, SPEED-UP: 1.00
APPROACH 2: QMATMUL_NAIVE_NUMBA_PARALLEL -> MEAN TIME: 0.1554552936553955 s, TIME STD: 0.019685422271578733 s, STD_%: 12.7%, SPEED-UP: 14.76
APPROACH 3: QMATMUL_DIRECT_NUMPY_ST -> MEAN TIME: 0.009593698978424072 s, TIME STD: 0.0007910099925012661 s, STD_%: 8.2%, SPEED-UP: 239.24
APPROACH 4: QMATMUL_DIRECT_NUMPY_PARALLEL -> MEAN TIME: 0.003605172634124756 s, TIME STD: 0.0012032616100635834 s, STD_%: 33.4%, SPEED-UP: 636.64
APPROACH 5: QMATMUL_DIRECT_NUMBA_CUDA -> MEAN TIME: 0.003272695541381836 s, TIME STD: 0.001052510913224601 s, STD_%: 32.2%, SPEED-UP: 701.32
APPROACH 6: QMATMUL_ALGO_NUMPY_ST -> MEAN TIME: 0.01177541732788086 s, TIME STD: 0.0014807221789453968 s, STD_%: 12.6%, SPEED-UP: 194.92
APPROACH 7: QMATMUL_ALGO_NUMPY_PARALLEL -> MEAN TIME: 0.005349593162536621 s, TIME STD: 0.0035616326910057326 s, STD_%: 66.6%, SPEED-UP: 429.04
APPROACH 8: QMATMUL_ALGO_NUMBA_CUDA -> MEAN TIME: 0.006311764717102051 s, TIME STD: 0.0012794591567923206 s, STD_%: 20.3%, SPEED-UP: 363.64
================================================================================================================================================================================================================
QUATERNIONS MAIN DONE. [hash string: 0202625476_31127_565_[300;300;300;2.0;float32;100;TTTTTTTT], time: 251.12238550186157 s]
