QUATERNIONS MAIN...
HASH STRING: 0216655143_01236_565_[100;300;200;2.0;float32;100;TTTTTTTT]
================================================================================================================================================================================================================
EXPERIMENT INFO:
{
  M: 100,
  N: 300,
  P: 200,
  SEED: 0,
  RANGE: 2.0,
  DTYPE: <class 'numpy.float32'>,
  REPETITIONS: 100,
  QMATMUL_NAIVE_NUMBA_ST: (True, 'qmatmul_naive_numba_st_float32'),
  QMATMUL_NAIVE_NUMBA_PARALLEL: (True, 'qmatmul_naive_numba_parallel_float32'),
  QMATMUL_DIRECT_NUMPY_ST: (True, 'qmatmul_direct_numpy_st'),
  QMATMUL_DIRECT_NUMPY_PARALLEL: (True, 'qmatmul_direct_numpy_parallel'),
  QMATMUL_DIRECT_NUMBA_CUDA: (True, 'qmatmul_direct_numba_cuda_float32'),
  QMATMUL_ALGO_NUMPY_ST: (True, 'qmatmul_algo_numpy_st'),
  QMATMUL_ALGO_NUMPY_PARALLEL: (True, 'qmatmul_algo_numpy_parallel'),
  QMATMUL_ALGO_NUMBA_CUDA: (True, 'qmatmul_algo_numba_cuda_float32')
}
================================================================================================================================================================================================================
CPU AND SYSTEM PROPS:
{
  cpu_name: Intel(R) Core(TM) i7-10700 CPU @ 2.90GHz,
  ram_size: 125.7 GB,
  os_name: Linux 6.8.0-106-generic,
  os_version: #106-Ubuntu SMP PREEMPT_DYNAMIC Fri Mar  6 07:58:08 UTC 2026,
  os_machine: x86_64
}
GPU PROPS:
{
  name: NVIDIA GeForce RTX 3090,
  max_threads_per_block: 1024,
  max_block_dim_x: 1024,
  max_block_dim_y: 1024,
  max_block_dim_z: 64,
  max_grid_dim_x: 2147483647,
  max_grid_dim_y: 65535,
  max_grid_dim_z: 65535,
  max_shared_memory_per_block: 49152,
  async_engine_count: 2,
  can_map_host_memory: 1,
  multiprocessor_count: 82,
  warp_size: 32,
  unified_addressing: 1,
  pci_bus_id: 1,
  pci_device_id: 0,
  compute_capability: ComputeCapability(major=8, minor=6),
  cores_per_SM: 128,
  cores_total: 10496
}
================================================================================================================================================================================================================
MEMORY INFO:
A: 0.458 MiB
B: 0.916 MiB
C: 0.31 MiB
================================================================================================================================================================================================================
WARM-UP:
WARM-UP FOR APPROACH 1: QMATMUL_NAIVE_NUMBA_ST...
WARM-UP FOR APPROACH 1: QMATMUL_NAIVE_NUMBA_ST DONE. [time: 0.08313822746276855 s]
WARM-UP FOR APPROACH 2: QMATMUL_NAIVE_NUMBA_PARALLEL...
WARM-UP FOR APPROACH 2: QMATMUL_NAIVE_NUMBA_PARALLEL DONE. [time: 0.005495548248291016 s]
WARM-UP FOR APPROACH 3: QMATMUL_DIRECT_NUMPY_ST...
WARM-UP FOR APPROACH 3: QMATMUL_DIRECT_NUMPY_ST DONE. [time: 0.006010293960571289 s]
WARM-UP FOR APPROACH 4: QMATMUL_DIRECT_NUMPY_PARALLEL...
WARM-UP FOR APPROACH 4: QMATMUL_DIRECT_NUMPY_PARALLEL DONE. [time: 0.0004277229309082031 s]
WARM-UP FOR APPROACH 5: QMATMUL_DIRECT_NUMBA_CUDA...
WARM-UP FOR APPROACH 5: QMATMUL_DIRECT_NUMBA_CUDA DONE. [time: 0.001828908920288086 s]
WARM-UP FOR APPROACH 6: QMATMUL_ALGO_NUMPY_ST...
WARM-UP FOR APPROACH 6: QMATMUL_ALGO_NUMPY_ST DONE. [time: 0.0016674995422363281 s]
WARM-UP FOR APPROACH 7: QMATMUL_ALGO_NUMPY_PARALLEL...
WARM-UP FOR APPROACH 7: QMATMUL_ALGO_NUMPY_PARALLEL DONE. [time: 0.000492095947265625 s]
WARM-UP FOR APPROACH 8: QMATMUL_ALGO_NUMBA_CUDA...
WARM-UP FOR APPROACH 8: QMATMUL_ALGO_NUMBA_CUDA DONE. [time: 0.0025937557220458984 s]
================================================================================================================================================================================================================
REPETITION: 1/100:
APPROACH 1: QMATMUL_NAIVE_NUMBA_ST...
APPROACH 1: QMATMUL_NAIVE_NUMBA_ST DONE. [time: 0.5146255493164062 s, all close: True, speed-up vs reference: 1.00, reference]
APPROACH 2: QMATMUL_NAIVE_NUMBA_PARALLEL...
APPROACH 2: QMATMUL_NAIVE_NUMBA_PARALLEL DONE. [time: 0.03358006477355957 s, all close: True, speed-up vs reference: 15.33]
APPROACH 3: QMATMUL_DIRECT_NUMPY_ST...
APPROACH 3: QMATMUL_DIRECT_NUMPY_ST DONE. [time: 0.003058195114135742 s, all close: True, speed-up vs reference: 168.28]
APPROACH 4: QMATMUL_DIRECT_NUMPY_PARALLEL...
APPROACH 4: QMATMUL_DIRECT_NUMPY_PARALLEL DONE. [time: 0.0011186599731445312 s, all close: True, speed-up vs reference: 460.04]
APPROACH 5: QMATMUL_DIRECT_NUMBA_CUDA...
APPROACH 5: QMATMUL_DIRECT_NUMBA_CUDA DONE. [time: 0.0017979145050048828 s, all close: True, speed-up vs reference: 286.23]
APPROACH 6: QMATMUL_ALGO_NUMPY_ST...
APPROACH 6: QMATMUL_ALGO_NUMPY_ST DONE. [time: 0.003908634185791016 s, all close: True, speed-up vs reference: 131.66]
APPROACH 7: QMATMUL_ALGO_NUMPY_PARALLEL...
APPROACH 7: QMATMUL_ALGO_NUMPY_PARALLEL DONE. [time: 0.001422882080078125 s, all close: True, speed-up vs reference: 361.68]
APPROACH 8: QMATMUL_ALGO_NUMBA_CUDA...
APPROACH 8: QMATMUL_ALGO_NUMBA_CUDA DONE. [time: 0.005977630615234375 s, all close: True, speed-up vs reference: 86.09]
REPETITION: 2/100:
APPROACH 1: QMATMUL_NAIVE_NUMBA_ST...
APPROACH 1: QMATMUL_NAIVE_NUMBA_ST DONE. [time: 0.5153954029083252 s, all close: True, speed-up vs reference: 1.00]
APPROACH 2: QMATMUL_NAIVE_NUMBA_PARALLEL...
APPROACH 2: QMATMUL_NAIVE_NUMBA_PARALLEL DONE. [time: 0.03354024887084961 s, all close: True, speed-up vs reference: 15.34]
APPROACH 3: QMATMUL_DIRECT_NUMPY_ST...
APPROACH 3: QMATMUL_DIRECT_NUMPY_ST DONE. [time: 0.0031332969665527344 s, all close: True, speed-up vs reference: 164.24]
APPROACH 4: QMATMUL_DIRECT_NUMPY_PARALLEL...
APPROACH 4: QMATMUL_DIRECT_NUMPY_PARALLEL DONE. [time: 0.0010204315185546875 s, all close: True, speed-up vs reference: 504.32]
APPROACH 5: QMATMUL_DIRECT_NUMBA_CUDA...
APPROACH 5: QMATMUL_DIRECT_NUMBA_CUDA DONE. [time: 0.0017724037170410156 s, all close: True, speed-up vs reference: 290.35]
APPROACH 6: QMATMUL_ALGO_NUMPY_ST...
APPROACH 6: QMATMUL_ALGO_NUMPY_ST DONE. [time: 0.0038864612579345703 s, all close: True, speed-up vs reference: 132.41]
APPROACH 7: QMATMUL_ALGO_NUMPY_PARALLEL...
APPROACH 7: QMATMUL_ALGO_NUMPY_PARALLEL DONE. [time: 0.0013949871063232422 s, all close: True, speed-up vs reference: 368.91]
APPROACH 8: QMATMUL_ALGO_NUMBA_CUDA...
APPROACH 8: QMATMUL_ALGO_NUMBA_CUDA DONE. [time: 0.0032279491424560547 s, all close: True, speed-up vs reference: 159.43]
REPETITION: 3/100:
APPROACH 1: QMATMUL_NAIVE_NUMBA_ST...
APPROACH 1: QMATMUL_NAIVE_NUMBA_ST DONE. [time: 0.516411542892456 s, all close: True, speed-up vs reference: 1.00]
APPROACH 2: QMATMUL_NAIVE_NUMBA_PARALLEL...
APPROACH 2: QMATMUL_NAIVE_NUMBA_PARALLEL DONE. [time: 0.038634538650512695 s, all close: True, speed-up vs reference: 13.32]
APPROACH 3: QMATMUL_DIRECT_NUMPY_ST...
APPROACH 3: QMATMUL_DIRECT_NUMPY_ST DONE. [time: 0.0031647682189941406 s, all close: True, speed-up vs reference: 162.61]
APPROACH 4: QMATMUL_DIRECT_NUMPY_PARALLEL...
APPROACH 4: QMATMUL_DIRECT_NUMPY_PARALLEL DONE. [time: 0.0013284683227539062 s, all close: True, speed-up vs reference: 387.38]
APPROACH 5: QMATMUL_DIRECT_NUMBA_CUDA...
APPROACH 5: QMATMUL_DIRECT_NUMBA_CUDA DONE. [time: 0.0016188621520996094 s, all close: True, speed-up vs reference: 317.89]
APPROACH 6: QMATMUL_ALGO_NUMPY_ST...
APPROACH 6: QMATMUL_ALGO_NUMPY_ST DONE. [time: 0.0038776397705078125 s, all close: True, speed-up vs reference: 132.72]
APPROACH 7: QMATMUL_ALGO_NUMPY_PARALLEL...
APPROACH 7: QMATMUL_ALGO_NUMPY_PARALLEL DONE. [time: 0.008895158767700195 s, all close: True, speed-up vs reference: 57.85]
APPROACH 8: QMATMUL_ALGO_NUMBA_CUDA...
APPROACH 8: QMATMUL_ALGO_NUMBA_CUDA DONE. [time: 0.006506204605102539 s, all close: True, speed-up vs reference: 79.10]
REPETITION: 4/100:
APPROACH 1: QMATMUL_NAIVE_NUMBA_ST...
APPROACH 1: QMATMUL_NAIVE_NUMBA_ST DONE. [time: 0.5149166584014893 s, all close: True, speed-up vs reference: 1.00]
APPROACH 2: QMATMUL_NAIVE_NUMBA_PARALLEL...
APPROACH 2: QMATMUL_NAIVE_NUMBA_PARALLEL DONE. [time: 0.04550290107727051 s, all close: True, speed-up vs reference: 11.31]
APPROACH 3: QMATMUL_DIRECT_NUMPY_ST...
APPROACH 3: QMATMUL_DIRECT_NUMPY_ST DONE. [time: 0.0033261775970458984 s, all close: True, speed-up vs reference: 154.72]
APPROACH 4: QMATMUL_DIRECT_NUMPY_PARALLEL...
APPROACH 4: QMATMUL_DIRECT_NUMPY_PARALLEL DONE. [time: 0.0012850761413574219 s, all close: True, speed-up vs reference: 400.46]
APPROACH 5: QMATMUL_DIRECT_NUMBA_CUDA...
APPROACH 5: QMATMUL_DIRECT_NUMBA_CUDA DONE. [time: 0.0017621517181396484 s, all close: True, speed-up vs reference: 292.04]
APPROACH 6: QMATMUL_ALGO_NUMPY_ST...
APPROACH 6: QMATMUL_ALGO_NUMPY_ST DONE. [time: 0.003980159759521484 s, all close: True, speed-up vs reference: 129.30]
APPROACH 7: QMATMUL_ALGO_NUMPY_PARALLEL...
APPROACH 7: QMATMUL_ALGO_NUMPY_PARALLEL DONE. [time: 0.0015728473663330078 s, all close: True, speed-up vs reference: 327.19]
APPROACH 8: QMATMUL_ALGO_NUMBA_CUDA...
APPROACH 8: QMATMUL_ALGO_NUMBA_CUDA DONE. [time: 0.003203868865966797 s, all close: True, speed-up vs reference: 160.63]
REPETITION: 5/100:
APPROACH 1: QMATMUL_NAIVE_NUMBA_ST...
APPROACH 1: QMATMUL_NAIVE_NUMBA_ST DONE. [time: 0.5165379047393799 s, all close: True, speed-up vs reference: 1.00]
APPROACH 2: QMATMUL_NAIVE_NUMBA_PARALLEL...
APPROACH 2: QMATMUL_NAIVE_NUMBA_PARALLEL DONE. [time: 0.03873634338378906 s, all close: True, speed-up vs reference: 13.29]
APPROACH 3: QMATMUL_DIRECT_NUMPY_ST...
APPROACH 3: QMATMUL_DIRECT_NUMPY_ST DONE. [time: 0.0031304359436035156 s, all close: True, speed-up vs reference: 164.39]
APPROACH 4: QMATMUL_DIRECT_NUMPY_PARALLEL...
APPROACH 4: QMATMUL_DIRECT_NUMPY_PARALLEL DONE. [time: 0.0010285377502441406 s, all close: True, speed-up vs reference: 500.35]
APPROACH 5: QMATMUL_DIRECT_NUMBA_CUDA...
APPROACH 5: QMATMUL_DIRECT_NUMBA_CUDA DONE. [time: 0.0017864704132080078 s, all close: True, speed-up vs reference: 288.07]
APPROACH 6: QMATMUL_ALGO_NUMPY_ST...
APPROACH 6: QMATMUL_ALGO_NUMPY_ST DONE. [time: 0.0038836002349853516 s, all close: True, speed-up vs reference: 132.51]
APPROACH 7: QMATMUL_ALGO_NUMPY_PARALLEL...
APPROACH 7: QMATMUL_ALGO_NUMPY_PARALLEL DONE. [time: 0.0014057159423828125 s, all close: True, speed-up vs reference: 366.09]
APPROACH 8: QMATMUL_ALGO_NUMBA_CUDA...
APPROACH 8: QMATMUL_ALGO_NUMBA_CUDA DONE. [time: 0.0030994415283203125 s, all close: True, speed-up vs reference: 166.04]
REPETITION: 6/100:
APPROACH 1: QMATMUL_NAIVE_NUMBA_ST...
APPROACH 1: QMATMUL_NAIVE_NUMBA_ST DONE. [time: 0.5144021511077881 s, all close: True, speed-up vs reference: 1.00]
APPROACH 2: QMATMUL_NAIVE_NUMBA_PARALLEL...
APPROACH 2: QMATMUL_NAIVE_NUMBA_PARALLEL DONE. [time: 0.03349113464355469 s, all close: True, speed-up vs reference: 15.37]
APPROACH 3: QMATMUL_DIRECT_NUMPY_ST...
APPROACH 3: QMATMUL_DIRECT_NUMPY_ST DONE. [time: 0.003102540969848633 s, all close: True, speed-up vs reference: 165.87]
APPROACH 4: QMATMUL_DIRECT_NUMPY_PARALLEL...
APPROACH 4: QMATMUL_DIRECT_NUMPY_PARALLEL DONE. [time: 0.0010285377502441406 s, all close: True, speed-up vs reference: 500.35]
APPROACH 5: QMATMUL_DIRECT_NUMBA_CUDA...
APPROACH 5: QMATMUL_DIRECT_NUMBA_CUDA DONE. [time: 0.0018105506896972656 s, all close: True, speed-up vs reference: 284.24]
APPROACH 6: QMATMUL_ALGO_NUMPY_ST...
APPROACH 6: QMATMUL_ALGO_NUMPY_ST DONE. [time: 0.003870725631713867 s, all close: True, speed-up vs reference: 132.95]
APPROACH 7: QMATMUL_ALGO_NUMPY_PARALLEL...
APPROACH 7: QMATMUL_ALGO_NUMPY_PARALLEL DONE. [time: 0.0013880729675292969 s, all close: True, speed-up vs reference: 370.75]
APPROACH 8: QMATMUL_ALGO_NUMBA_CUDA...
APPROACH 8: QMATMUL_ALGO_NUMBA_CUDA DONE. [time: 0.0031468868255615234 s, all close: True, speed-up vs reference: 163.53]
REPETITION: 7/100:
APPROACH 1: QMATMUL_NAIVE_NUMBA_ST...
APPROACH 1: QMATMUL_NAIVE_NUMBA_ST DONE. [time: 0.5162572860717773 s, all close: True, speed-up vs reference: 1.00]
APPROACH 2: QMATMUL_NAIVE_NUMBA_PARALLEL...
APPROACH 2: QMATMUL_NAIVE_NUMBA_PARALLEL DONE. [time: 0.031275272369384766 s, all close: True, speed-up vs reference: 16.45]
APPROACH 3: QMATMUL_DIRECT_NUMPY_ST...
APPROACH 3: QMATMUL_DIRECT_NUMPY_ST DONE. [time: 0.0031104087829589844 s, all close: True, speed-up vs reference: 165.45]
APPROACH 4: QMATMUL_DIRECT_NUMPY_PARALLEL...
APPROACH 4: QMATMUL_DIRECT_NUMPY_PARALLEL DONE. [time: 0.0010228157043457031 s, all close: True, speed-up vs reference: 503.15]
APPROACH 5: QMATMUL_DIRECT_NUMBA_CUDA...
APPROACH 5: QMATMUL_DIRECT_NUMBA_CUDA DONE. [time: 0.0014331340789794922 s, all close: True, speed-up vs reference: 359.09]
APPROACH 6: QMATMUL_ALGO_NUMPY_ST...
APPROACH 6: QMATMUL_ALGO_NUMPY_ST DONE. [time: 0.003873586654663086 s, all close: True, speed-up vs reference: 132.86]
APPROACH 7: QMATMUL_ALGO_NUMPY_PARALLEL...
APPROACH 7: QMATMUL_ALGO_NUMPY_PARALLEL DONE. [time: 0.001390695571899414 s, all close: True, speed-up vs reference: 370.05]
APPROACH 8: QMATMUL_ALGO_NUMBA_CUDA...
APPROACH 8: QMATMUL_ALGO_NUMBA_CUDA DONE. [time: 0.0042705535888671875 s, all close: True, speed-up vs reference: 120.51]
REPETITION: 8/100:
APPROACH 1: QMATMUL_NAIVE_NUMBA_ST...
APPROACH 1: QMATMUL_NAIVE_NUMBA_ST DONE. [time: 0.5150971412658691 s, all close: True, speed-up vs reference: 1.00]
APPROACH 2: QMATMUL_NAIVE_NUMBA_PARALLEL...
APPROACH 2: QMATMUL_NAIVE_NUMBA_PARALLEL DONE. [time: 0.03139042854309082 s, all close: True, speed-up vs reference: 16.39]
APPROACH 3: QMATMUL_DIRECT_NUMPY_ST...
APPROACH 3: QMATMUL_DIRECT_NUMPY_ST DONE. [time: 0.0031037330627441406 s, all close: True, speed-up vs reference: 165.81]
APPROACH 4: QMATMUL_DIRECT_NUMPY_PARALLEL...
APPROACH 4: QMATMUL_DIRECT_NUMPY_PARALLEL DONE. [time: 0.0010023117065429688 s, all close: True, speed-up vs reference: 513.44]
APPROACH 5: QMATMUL_DIRECT_NUMBA_CUDA...
APPROACH 5: QMATMUL_DIRECT_NUMBA_CUDA DONE. [time: 0.0014905929565429688 s, all close: True, speed-up vs reference: 345.25]
APPROACH 6: QMATMUL_ALGO_NUMPY_ST...
APPROACH 6: QMATMUL_ALGO_NUMPY_ST DONE. [time: 0.0038788318634033203 s, all close: True, speed-up vs reference: 132.68]
APPROACH 7: QMATMUL_ALGO_NUMPY_PARALLEL...
APPROACH 7: QMATMUL_ALGO_NUMPY_PARALLEL DONE. [time: 0.0013866424560546875 s, all close: True, speed-up vs reference: 371.13]
APPROACH 8: QMATMUL_ALGO_NUMBA_CUDA...
APPROACH 8: QMATMUL_ALGO_NUMBA_CUDA DONE. [time: 0.003548860549926758 s, all close: True, speed-up vs reference: 145.01]
REPETITION: 9/100:
APPROACH 1: QMATMUL_NAIVE_NUMBA_ST...
APPROACH 1: QMATMUL_NAIVE_NUMBA_ST DONE. [time: 0.5158069133758545 s, all close: True, speed-up vs reference: 1.00]
APPROACH 2: QMATMUL_NAIVE_NUMBA_PARALLEL...
APPROACH 2: QMATMUL_NAIVE_NUMBA_PARALLEL DONE. [time: 0.03127622604370117 s, all close: True, speed-up vs reference: 16.45]
APPROACH 3: QMATMUL_DIRECT_NUMPY_ST...
APPROACH 3: QMATMUL_DIRECT_NUMPY_ST DONE. [time: 0.0032930374145507812 s, all close: True, speed-up vs reference: 156.28]
APPROACH 4: QMATMUL_DIRECT_NUMPY_PARALLEL...
APPROACH 4: QMATMUL_DIRECT_NUMPY_PARALLEL DONE. [time: 0.0010080337524414062 s, all close: True, speed-up vs reference: 510.52]
APPROACH 5: QMATMUL_DIRECT_NUMBA_CUDA...
APPROACH 5: QMATMUL_DIRECT_NUMBA_CUDA DONE. [time: 0.0015971660614013672 s, all close: True, speed-up vs reference: 322.21]
APPROACH 6: QMATMUL_ALGO_NUMPY_ST...
APPROACH 6: QMATMUL_ALGO_NUMPY_ST DONE. [time: 0.003891468048095703 s, all close: True, speed-up vs reference: 132.24]
APPROACH 7: QMATMUL_ALGO_NUMPY_PARALLEL...
APPROACH 7: QMATMUL_ALGO_NUMPY_PARALLEL DONE. [time: 0.0014214515686035156 s, all close: True, speed-up vs reference: 362.04]
APPROACH 8: QMATMUL_ALGO_NUMBA_CUDA...
APPROACH 8: QMATMUL_ALGO_NUMBA_CUDA DONE. [time: 0.003520965576171875 s, all close: True, speed-up vs reference: 146.16]
REPETITION: 10/100:
APPROACH 1: QMATMUL_NAIVE_NUMBA_ST...
APPROACH 1: QMATMUL_NAIVE_NUMBA_ST DONE. [time: 0.5155715942382812 s, all close: True, speed-up vs reference: 1.00]
APPROACH 2: QMATMUL_NAIVE_NUMBA_PARALLEL...
APPROACH 2: QMATMUL_NAIVE_NUMBA_PARALLEL DONE. [time: 0.040447235107421875 s, all close: True, speed-up vs reference: 12.72]
APPROACH 3: QMATMUL_DIRECT_NUMPY_ST...
APPROACH 3: QMATMUL_DIRECT_NUMPY_ST DONE. [time: 0.0030918121337890625 s, all close: True, speed-up vs reference: 166.45]
APPROACH 4: QMATMUL_DIRECT_NUMPY_PARALLEL...
APPROACH 4: QMATMUL_DIRECT_NUMPY_PARALLEL DONE. [time: 0.0010132789611816406 s, all close: True, speed-up vs reference: 507.88]
APPROACH 5: QMATMUL_DIRECT_NUMBA_CUDA...
APPROACH 5: QMATMUL_DIRECT_NUMBA_CUDA DONE. [time: 0.0015289783477783203 s, all close: True, speed-up vs reference: 336.58]
APPROACH 6: QMATMUL_ALGO_NUMPY_ST...
APPROACH 6: QMATMUL_ALGO_NUMPY_ST DONE. [time: 0.0038678646087646484 s, all close: True, speed-up vs reference: 133.05]
APPROACH 7: QMATMUL_ALGO_NUMPY_PARALLEL...
APPROACH 7: QMATMUL_ALGO_NUMPY_PARALLEL DONE. [time: 0.0013837814331054688 s, all close: True, speed-up vs reference: 371.90]
APPROACH 8: QMATMUL_ALGO_NUMBA_CUDA...
APPROACH 8: QMATMUL_ALGO_NUMBA_CUDA DONE. [time: 0.0035741329193115234 s, all close: True, speed-up vs reference: 143.99]
REPETITION: 11/100:
APPROACH 1: QMATMUL_NAIVE_NUMBA_ST...
APPROACH 1: QMATMUL_NAIVE_NUMBA_ST DONE. [time: 0.5158977508544922 s, all close: True, speed-up vs reference: 1.00]
APPROACH 2: QMATMUL_NAIVE_NUMBA_PARALLEL...
APPROACH 2: QMATMUL_NAIVE_NUMBA_PARALLEL DONE. [time: 0.03136038780212402 s, all close: True, speed-up vs reference: 16.41]
APPROACH 3: QMATMUL_DIRECT_NUMPY_ST...
APPROACH 3: QMATMUL_DIRECT_NUMPY_ST DONE. [time: 0.00308990478515625 s, all close: True, speed-up vs reference: 166.55]
APPROACH 4: QMATMUL_DIRECT_NUMPY_PARALLEL...
APPROACH 4: QMATMUL_DIRECT_NUMPY_PARALLEL DONE. [time: 0.0010058879852294922 s, all close: True, speed-up vs reference: 511.61]
APPROACH 5: QMATMUL_DIRECT_NUMBA_CUDA...
APPROACH 5: QMATMUL_DIRECT_NUMBA_CUDA DONE. [time: 0.0016243457794189453 s, all close: True, speed-up vs reference: 316.82]
APPROACH 6: QMATMUL_ALGO_NUMPY_ST...
APPROACH 6: QMATMUL_ALGO_NUMPY_ST DONE. [time: 0.003862619400024414 s, all close: True, speed-up vs reference: 133.23]
APPROACH 7: QMATMUL_ALGO_NUMPY_PARALLEL...
APPROACH 7: QMATMUL_ALGO_NUMPY_PARALLEL DONE. [time: 0.0013875961303710938 s, all close: True, speed-up vs reference: 370.88]
APPROACH 8: QMATMUL_ALGO_NUMBA_CUDA...
APPROACH 8: QMATMUL_ALGO_NUMBA_CUDA DONE. [time: 0.0032982826232910156 s, all close: True, speed-up vs reference: 156.03]
REPETITION: 12/100:
APPROACH 1: QMATMUL_NAIVE_NUMBA_ST...
APPROACH 1: QMATMUL_NAIVE_NUMBA_ST DONE. [time: 0.5148441791534424 s, all close: True, speed-up vs reference: 1.00]
APPROACH 2: QMATMUL_NAIVE_NUMBA_PARALLEL...
APPROACH 2: QMATMUL_NAIVE_NUMBA_PARALLEL DONE. [time: 0.033692121505737305 s, all close: True, speed-up vs reference: 15.27]
APPROACH 3: QMATMUL_DIRECT_NUMPY_ST...
APPROACH 3: QMATMUL_DIRECT_NUMPY_ST DONE. [time: 0.0031480789184570312 s, all close: True, speed-up vs reference: 163.47]
APPROACH 4: QMATMUL_DIRECT_NUMPY_PARALLEL...
APPROACH 4: QMATMUL_DIRECT_NUMPY_PARALLEL DONE. [time: 0.0010249614715576172 s, all close: True, speed-up vs reference: 502.09]
APPROACH 5: QMATMUL_DIRECT_NUMBA_CUDA...
APPROACH 5: QMATMUL_DIRECT_NUMBA_CUDA DONE. [time: 0.0016837120056152344 s, all close: True, speed-up vs reference: 305.65]
APPROACH 6: QMATMUL_ALGO_NUMPY_ST...
APPROACH 6: QMATMUL_ALGO_NUMPY_ST DONE. [time: 0.0038678646087646484 s, all close: True, speed-up vs reference: 133.05]
APPROACH 7: QMATMUL_ALGO_NUMPY_PARALLEL...
APPROACH 7: QMATMUL_ALGO_NUMPY_PARALLEL DONE. [time: 0.0013880729675292969 s, all close: True, speed-up vs reference: 370.75]
APPROACH 8: QMATMUL_ALGO_NUMBA_CUDA...
APPROACH 8: QMATMUL_ALGO_NUMBA_CUDA DONE. [time: 0.003271818161010742 s, all close: True, speed-up vs reference: 157.29]
REPETITION: 13/100:
APPROACH 1: QMATMUL_NAIVE_NUMBA_ST...
APPROACH 1: QMATMUL_NAIVE_NUMBA_ST DONE. [time: 0.5155088901519775 s, all close: True, speed-up vs reference: 1.00]
APPROACH 2: QMATMUL_NAIVE_NUMBA_PARALLEL...
APPROACH 2: QMATMUL_NAIVE_NUMBA_PARALLEL DONE. [time: 0.033925771713256836 s, all close: True, speed-up vs reference: 15.17]
APPROACH 3: QMATMUL_DIRECT_NUMPY_ST...
APPROACH 3: QMATMUL_DIRECT_NUMPY_ST DONE. [time: 0.003117799758911133 s, all close: True, speed-up vs reference: 165.06]
APPROACH 4: QMATMUL_DIRECT_NUMPY_PARALLEL...
APPROACH 4: QMATMUL_DIRECT_NUMPY_PARALLEL DONE. [time: 0.001270294189453125 s, all close: True, speed-up vs reference: 405.12]
APPROACH 5: QMATMUL_DIRECT_NUMBA_CUDA...
APPROACH 5: QMATMUL_DIRECT_NUMBA_CUDA DONE. [time: 0.0018148422241210938 s, all close: True, speed-up vs reference: 283.56]
APPROACH 6: QMATMUL_ALGO_NUMPY_ST...
APPROACH 6: QMATMUL_ALGO_NUMPY_ST DONE. [time: 0.0038673877716064453 s, all close: True, speed-up vs reference: 133.07]
APPROACH 7: QMATMUL_ALGO_NUMPY_PARALLEL...
APPROACH 7: QMATMUL_ALGO_NUMPY_PARALLEL DONE. [time: 0.0015478134155273438 s, all close: True, speed-up vs reference: 332.49]
APPROACH 8: QMATMUL_ALGO_NUMBA_CUDA...
APPROACH 8: QMATMUL_ALGO_NUMBA_CUDA DONE. [time: 0.0033936500549316406 s, all close: True, speed-up vs reference: 151.64]
REPETITION: 14/100:
APPROACH 1: QMATMUL_NAIVE_NUMBA_ST...
APPROACH 1: QMATMUL_NAIVE_NUMBA_ST DONE. [time: 0.5148582458496094 s, all close: True, speed-up vs reference: 1.00]
APPROACH 2: QMATMUL_NAIVE_NUMBA_PARALLEL...
APPROACH 2: QMATMUL_NAIVE_NUMBA_PARALLEL DONE. [time: 0.03366446495056152 s, all close: True, speed-up vs reference: 15.29]
APPROACH 3: QMATMUL_DIRECT_NUMPY_ST...
APPROACH 3: QMATMUL_DIRECT_NUMPY_ST DONE. [time: 0.0031256675720214844 s, all close: True, speed-up vs reference: 164.65]
APPROACH 4: QMATMUL_DIRECT_NUMPY_PARALLEL...
APPROACH 4: QMATMUL_DIRECT_NUMPY_PARALLEL DONE. [time: 0.0010335445404052734 s, all close: True, speed-up vs reference: 497.92]
APPROACH 5: QMATMUL_DIRECT_NUMBA_CUDA...
APPROACH 5: QMATMUL_DIRECT_NUMBA_CUDA DONE. [time: 0.0016772747039794922 s, all close: True, speed-up vs reference: 306.82]
APPROACH 6: QMATMUL_ALGO_NUMPY_ST...
APPROACH 6: QMATMUL_ALGO_NUMPY_ST DONE. [time: 0.003895282745361328 s, all close: True, speed-up vs reference: 132.12]
APPROACH 7: QMATMUL_ALGO_NUMPY_PARALLEL...
APPROACH 7: QMATMUL_ALGO_NUMPY_PARALLEL DONE. [time: 0.008201837539672852 s, all close: True, speed-up vs reference: 62.75]
APPROACH 8: QMATMUL_ALGO_NUMBA_CUDA...
APPROACH 8: QMATMUL_ALGO_NUMBA_CUDA DONE. [time: 0.0035474300384521484 s, all close: True, speed-up vs reference: 145.07]
REPETITION: 15/100:
APPROACH 1: QMATMUL_NAIVE_NUMBA_ST...
APPROACH 1: QMATMUL_NAIVE_NUMBA_ST DONE. [time: 0.5136983394622803 s, all close: True, speed-up vs reference: 1.00]
APPROACH 2: QMATMUL_NAIVE_NUMBA_PARALLEL...
APPROACH 2: QMATMUL_NAIVE_NUMBA_PARALLEL DONE. [time: 0.03881120681762695 s, all close: True, speed-up vs reference: 13.26]
APPROACH 3: QMATMUL_DIRECT_NUMPY_ST...
APPROACH 3: QMATMUL_DIRECT_NUMPY_ST DONE. [time: 0.0031185150146484375 s, all close: True, speed-up vs reference: 165.02]
APPROACH 4: QMATMUL_DIRECT_NUMPY_PARALLEL...
APPROACH 4: QMATMUL_DIRECT_NUMPY_PARALLEL DONE. [time: 0.0010306835174560547 s, all close: True, speed-up vs reference: 499.31]
APPROACH 5: QMATMUL_DIRECT_NUMBA_CUDA...
APPROACH 5: QMATMUL_DIRECT_NUMBA_CUDA DONE. [time: 0.0016720294952392578 s, all close: True, speed-up vs reference: 307.78]
APPROACH 6: QMATMUL_ALGO_NUMPY_ST...
APPROACH 6: QMATMUL_ALGO_NUMPY_ST DONE. [time: 0.0038661956787109375 s, all close: True, speed-up vs reference: 133.11]
APPROACH 7: QMATMUL_ALGO_NUMPY_PARALLEL...
APPROACH 7: QMATMUL_ALGO_NUMPY_PARALLEL DONE. [time: 0.0014042854309082031 s, all close: True, speed-up vs reference: 366.47]
APPROACH 8: QMATMUL_ALGO_NUMBA_CUDA...
APPROACH 8: QMATMUL_ALGO_NUMBA_CUDA DONE. [time: 0.0029647350311279297 s, all close: True, speed-up vs reference: 173.58]
REPETITION: 16/100:
APPROACH 1: QMATMUL_NAIVE_NUMBA_ST...
APPROACH 1: QMATMUL_NAIVE_NUMBA_ST DONE. [time: 0.5160109996795654 s, all close: True, speed-up vs reference: 1.00]
APPROACH 2: QMATMUL_NAIVE_NUMBA_PARALLEL...
APPROACH 2: QMATMUL_NAIVE_NUMBA_PARALLEL DONE. [time: 0.03133749961853027 s, all close: True, speed-up vs reference: 16.42]
APPROACH 3: QMATMUL_DIRECT_NUMPY_ST...
APPROACH 3: QMATMUL_DIRECT_NUMPY_ST DONE. [time: 0.0030951499938964844 s, all close: True, speed-up vs reference: 166.27]
APPROACH 4: QMATMUL_DIRECT_NUMPY_PARALLEL...
APPROACH 4: QMATMUL_DIRECT_NUMPY_PARALLEL DONE. [time: 0.0010128021240234375 s, all close: True, speed-up vs reference: 508.12]
APPROACH 5: QMATMUL_DIRECT_NUMBA_CUDA...
APPROACH 5: QMATMUL_DIRECT_NUMBA_CUDA DONE. [time: 0.001768350601196289 s, all close: True, speed-up vs reference: 291.02]
APPROACH 6: QMATMUL_ALGO_NUMPY_ST...
APPROACH 6: QMATMUL_ALGO_NUMPY_ST DONE. [time: 0.00386810302734375 s, all close: True, speed-up vs reference: 133.04]
APPROACH 7: QMATMUL_ALGO_NUMPY_PARALLEL...
APPROACH 7: QMATMUL_ALGO_NUMPY_PARALLEL DONE. [time: 0.0013859272003173828 s, all close: True, speed-up vs reference: 371.32]
APPROACH 8: QMATMUL_ALGO_NUMBA_CUDA...
APPROACH 8: QMATMUL_ALGO_NUMBA_CUDA DONE. [time: 0.0030372142791748047 s, all close: True, speed-up vs reference: 169.44]
REPETITION: 17/100:
APPROACH 1: QMATMUL_NAIVE_NUMBA_ST...
APPROACH 1: QMATMUL_NAIVE_NUMBA_ST DONE. [time: 0.5149235725402832 s, all close: True, speed-up vs reference: 1.00]
APPROACH 2: QMATMUL_NAIVE_NUMBA_PARALLEL...
APPROACH 2: QMATMUL_NAIVE_NUMBA_PARALLEL DONE. [time: 0.038652896881103516 s, all close: True, speed-up vs reference: 13.31]
APPROACH 3: QMATMUL_DIRECT_NUMPY_ST...
APPROACH 3: QMATMUL_DIRECT_NUMPY_ST DONE. [time: 0.003175020217895508 s, all close: True, speed-up vs reference: 162.09]
APPROACH 4: QMATMUL_DIRECT_NUMPY_PARALLEL...
APPROACH 4: QMATMUL_DIRECT_NUMPY_PARALLEL DONE. [time: 0.0010170936584472656 s, all close: True, speed-up vs reference: 505.98]
APPROACH 5: QMATMUL_DIRECT_NUMBA_CUDA...
APPROACH 5: QMATMUL_DIRECT_NUMBA_CUDA DONE. [time: 0.0018508434295654297 s, all close: True, speed-up vs reference: 278.05]
APPROACH 6: QMATMUL_ALGO_NUMPY_ST...
APPROACH 6: QMATMUL_ALGO_NUMPY_ST DONE. [time: 0.003873109817504883 s, all close: True, speed-up vs reference: 132.87]
APPROACH 7: QMATMUL_ALGO_NUMPY_PARALLEL...
APPROACH 7: QMATMUL_ALGO_NUMPY_PARALLEL DONE. [time: 0.0013842582702636719 s, all close: True, speed-up vs reference: 371.77]
APPROACH 8: QMATMUL_ALGO_NUMBA_CUDA...
APPROACH 8: QMATMUL_ALGO_NUMBA_CUDA DONE. [time: 0.003125429153442383 s, all close: True, speed-up vs reference: 164.66]
REPETITION: 18/100:
APPROACH 1: QMATMUL_NAIVE_NUMBA_ST...
APPROACH 1: QMATMUL_NAIVE_NUMBA_ST DONE. [time: 0.5149164199829102 s, all close: True, speed-up vs reference: 1.00]
APPROACH 2: QMATMUL_NAIVE_NUMBA_PARALLEL...
APPROACH 2: QMATMUL_NAIVE_NUMBA_PARALLEL DONE. [time: 0.031373023986816406 s, all close: True, speed-up vs reference: 16.40]
APPROACH 3: QMATMUL_DIRECT_NUMPY_ST...
APPROACH 3: QMATMUL_DIRECT_NUMPY_ST DONE. [time: 0.0030944347381591797 s, all close: True, speed-up vs reference: 166.31]
APPROACH 4: QMATMUL_DIRECT_NUMPY_PARALLEL...
APPROACH 4: QMATMUL_DIRECT_NUMPY_PARALLEL DONE. [time: 0.001010894775390625 s, all close: True, speed-up vs reference: 509.08]
APPROACH 5: QMATMUL_DIRECT_NUMBA_CUDA...
APPROACH 5: QMATMUL_DIRECT_NUMBA_CUDA DONE. [time: 0.0014088153839111328 s, all close: True, speed-up vs reference: 365.29]
APPROACH 6: QMATMUL_ALGO_NUMPY_ST...
APPROACH 6: QMATMUL_ALGO_NUMPY_ST DONE. [time: 0.0038671493530273438 s, all close: True, speed-up vs reference: 133.08]
APPROACH 7: QMATMUL_ALGO_NUMPY_PARALLEL...
APPROACH 7: QMATMUL_ALGO_NUMPY_PARALLEL DONE. [time: 0.0013713836669921875 s, all close: True, speed-up vs reference: 375.26]
APPROACH 8: QMATMUL_ALGO_NUMBA_CUDA...
APPROACH 8: QMATMUL_ALGO_NUMBA_CUDA DONE. [time: 0.0033981800079345703 s, all close: True, speed-up vs reference: 151.44]
REPETITION: 19/100:
APPROACH 1: QMATMUL_NAIVE_NUMBA_ST...
APPROACH 1: QMATMUL_NAIVE_NUMBA_ST DONE. [time: 0.5144293308258057 s, all close: True, speed-up vs reference: 1.00]
APPROACH 2: QMATMUL_NAIVE_NUMBA_PARALLEL...
APPROACH 2: QMATMUL_NAIVE_NUMBA_PARALLEL DONE. [time: 0.03376650810241699 s, all close: True, speed-up vs reference: 15.24]
APPROACH 3: QMATMUL_DIRECT_NUMPY_ST...
APPROACH 3: QMATMUL_DIRECT_NUMPY_ST DONE. [time: 0.00319671630859375 s, all close: True, speed-up vs reference: 160.99]
APPROACH 4: QMATMUL_DIRECT_NUMPY_PARALLEL...
APPROACH 4: QMATMUL_DIRECT_NUMPY_PARALLEL DONE. [time: 0.0010597705841064453 s, all close: True, speed-up vs reference: 485.60]
APPROACH 5: QMATMUL_DIRECT_NUMBA_CUDA...
APPROACH 5: QMATMUL_DIRECT_NUMBA_CUDA DONE. [time: 0.0015091896057128906 s, all close: True, speed-up vs reference: 340.99]
APPROACH 6: QMATMUL_ALGO_NUMPY_ST...
APPROACH 6: QMATMUL_ALGO_NUMPY_ST DONE. [time: 0.003873586654663086 s, all close: True, speed-up vs reference: 132.86]
APPROACH 7: QMATMUL_ALGO_NUMPY_PARALLEL...
APPROACH 7: QMATMUL_ALGO_NUMPY_PARALLEL DONE. [time: 0.0013892650604248047 s, all close: True, speed-up vs reference: 370.43]
APPROACH 8: QMATMUL_ALGO_NUMBA_CUDA...
APPROACH 8: QMATMUL_ALGO_NUMBA_CUDA DONE. [time: 0.0036509037017822266 s, all close: True, speed-up vs reference: 140.96]
REPETITION: 20/100:
APPROACH 1: QMATMUL_NAIVE_NUMBA_ST...
APPROACH 1: QMATMUL_NAIVE_NUMBA_ST DONE. [time: 0.5162358283996582 s, all close: True, speed-up vs reference: 1.00]
APPROACH 2: QMATMUL_NAIVE_NUMBA_PARALLEL...
APPROACH 2: QMATMUL_NAIVE_NUMBA_PARALLEL DONE. [time: 0.0386199951171875 s, all close: True, speed-up vs reference: 13.33]
APPROACH 3: QMATMUL_DIRECT_NUMPY_ST...
APPROACH 3: QMATMUL_DIRECT_NUMPY_ST DONE. [time: 0.0031337738037109375 s, all close: True, speed-up vs reference: 164.22]
APPROACH 4: QMATMUL_DIRECT_NUMPY_PARALLEL...
APPROACH 4: QMATMUL_DIRECT_NUMPY_PARALLEL DONE. [time: 0.0010180473327636719 s, all close: True, speed-up vs reference: 505.50]
APPROACH 5: QMATMUL_DIRECT_NUMBA_CUDA...
APPROACH 5: QMATMUL_DIRECT_NUMBA_CUDA DONE. [time: 0.0015735626220703125 s, all close: True, speed-up vs reference: 327.04]
APPROACH 6: QMATMUL_ALGO_NUMPY_ST...
APPROACH 6: QMATMUL_ALGO_NUMPY_ST DONE. [time: 0.0038728713989257812 s, all close: True, speed-up vs reference: 132.88]
APPROACH 7: QMATMUL_ALGO_NUMPY_PARALLEL...
APPROACH 7: QMATMUL_ALGO_NUMPY_PARALLEL DONE. [time: 0.001383066177368164 s, all close: True, speed-up vs reference: 372.09]
APPROACH 8: QMATMUL_ALGO_NUMBA_CUDA...
APPROACH 8: QMATMUL_ALGO_NUMBA_CUDA DONE. [time: 0.0036160945892333984 s, all close: True, speed-up vs reference: 142.32]
REPETITION: 21/100:
APPROACH 1: QMATMUL_NAIVE_NUMBA_ST...
APPROACH 1: QMATMUL_NAIVE_NUMBA_ST DONE. [time: 0.5150349140167236 s, all close: True, speed-up vs reference: 1.00]
APPROACH 2: QMATMUL_NAIVE_NUMBA_PARALLEL...
APPROACH 2: QMATMUL_NAIVE_NUMBA_PARALLEL DONE. [time: 0.03865313529968262 s, all close: True, speed-up vs reference: 13.31]
APPROACH 3: QMATMUL_DIRECT_NUMPY_ST...
APPROACH 3: QMATMUL_DIRECT_NUMPY_ST DONE. [time: 0.0031201839447021484 s, all close: True, speed-up vs reference: 164.93]
APPROACH 4: QMATMUL_DIRECT_NUMPY_PARALLEL...
APPROACH 4: QMATMUL_DIRECT_NUMPY_PARALLEL DONE. [time: 0.0010225772857666016 s, all close: True, speed-up vs reference: 503.26]
APPROACH 5: QMATMUL_DIRECT_NUMBA_CUDA...
APPROACH 5: QMATMUL_DIRECT_NUMBA_CUDA DONE. [time: 0.0015535354614257812 s, all close: True, speed-up vs reference: 331.26]
APPROACH 6: QMATMUL_ALGO_NUMPY_ST...
APPROACH 6: QMATMUL_ALGO_NUMPY_ST DONE. [time: 0.0038712024688720703 s, all close: True, speed-up vs reference: 132.94]
APPROACH 7: QMATMUL_ALGO_NUMPY_PARALLEL...
APPROACH 7: QMATMUL_ALGO_NUMPY_PARALLEL DONE. [time: 0.0013897418975830078 s, all close: True, speed-up vs reference: 370.30]
APPROACH 8: QMATMUL_ALGO_NUMBA_CUDA...
APPROACH 8: QMATMUL_ALGO_NUMBA_CUDA DONE. [time: 0.003595590591430664 s, all close: True, speed-up vs reference: 143.13]
REPETITION: 22/100:
APPROACH 1: QMATMUL_NAIVE_NUMBA_ST...
APPROACH 1: QMATMUL_NAIVE_NUMBA_ST DONE. [time: 0.5146689414978027 s, all close: True, speed-up vs reference: 1.00]
APPROACH 2: QMATMUL_NAIVE_NUMBA_PARALLEL...
APPROACH 2: QMATMUL_NAIVE_NUMBA_PARALLEL DONE. [time: 0.03354072570800781 s, all close: True, speed-up vs reference: 15.34]
APPROACH 3: QMATMUL_DIRECT_NUMPY_ST...
APPROACH 3: QMATMUL_DIRECT_NUMPY_ST DONE. [time: 0.003081798553466797 s, all close: True, speed-up vs reference: 166.99]
APPROACH 4: QMATMUL_DIRECT_NUMPY_PARALLEL...
APPROACH 4: QMATMUL_DIRECT_NUMPY_PARALLEL DONE. [time: 0.0010116100311279297 s, all close: True, speed-up vs reference: 508.72]
APPROACH 5: QMATMUL_DIRECT_NUMBA_CUDA...
APPROACH 5: QMATMUL_DIRECT_NUMBA_CUDA DONE. [time: 0.0016400814056396484 s, all close: True, speed-up vs reference: 313.78]
APPROACH 6: QMATMUL_ALGO_NUMPY_ST...
APPROACH 6: QMATMUL_ALGO_NUMPY_ST DONE. [time: 0.0038764476776123047 s, all close: True, speed-up vs reference: 132.76]
APPROACH 7: QMATMUL_ALGO_NUMPY_PARALLEL...
APPROACH 7: QMATMUL_ALGO_NUMPY_PARALLEL DONE. [time: 0.0013768672943115234 s, all close: True, speed-up vs reference: 373.77]
APPROACH 8: QMATMUL_ALGO_NUMBA_CUDA...
APPROACH 8: QMATMUL_ALGO_NUMBA_CUDA DONE. [time: 0.003294229507446289 s, all close: True, speed-up vs reference: 156.22]
REPETITION: 23/100:
APPROACH 1: QMATMUL_NAIVE_NUMBA_ST...
APPROACH 1: QMATMUL_NAIVE_NUMBA_ST DONE. [time: 0.514885663986206 s, all close: True, speed-up vs reference: 1.00]
APPROACH 2: QMATMUL_NAIVE_NUMBA_PARALLEL...
APPROACH 2: QMATMUL_NAIVE_NUMBA_PARALLEL DONE. [time: 0.038962364196777344 s, all close: True, speed-up vs reference: 13.21]
APPROACH 3: QMATMUL_DIRECT_NUMPY_ST...
APPROACH 3: QMATMUL_DIRECT_NUMPY_ST DONE. [time: 0.0031266212463378906 s, all close: True, speed-up vs reference: 164.59]
APPROACH 4: QMATMUL_DIRECT_NUMPY_PARALLEL...
APPROACH 4: QMATMUL_DIRECT_NUMPY_PARALLEL DONE. [time: 0.0010259151458740234 s, all close: True, speed-up vs reference: 501.63]
APPROACH 5: QMATMUL_DIRECT_NUMBA_CUDA...
APPROACH 5: QMATMUL_DIRECT_NUMBA_CUDA DONE. [time: 0.001689910888671875 s, all close: True, speed-up vs reference: 304.53]
APPROACH 6: QMATMUL_ALGO_NUMPY_ST...
APPROACH 6: QMATMUL_ALGO_NUMPY_ST DONE. [time: 0.003873109817504883 s, all close: True, speed-up vs reference: 132.87]
APPROACH 7: QMATMUL_ALGO_NUMPY_PARALLEL...
APPROACH 7: QMATMUL_ALGO_NUMPY_PARALLEL DONE. [time: 0.0013909339904785156 s, all close: True, speed-up vs reference: 369.99]
APPROACH 8: QMATMUL_ALGO_NUMBA_CUDA...
APPROACH 8: QMATMUL_ALGO_NUMBA_CUDA DONE. [time: 0.0032935142517089844 s, all close: True, speed-up vs reference: 156.25]
REPETITION: 24/100:
APPROACH 1: QMATMUL_NAIVE_NUMBA_ST...
APPROACH 1: QMATMUL_NAIVE_NUMBA_ST DONE. [time: 0.5267841815948486 s, all close: True, speed-up vs reference: 0.98]
APPROACH 2: QMATMUL_NAIVE_NUMBA_PARALLEL...
APPROACH 2: QMATMUL_NAIVE_NUMBA_PARALLEL DONE. [time: 0.041600942611694336 s, all close: True, speed-up vs reference: 12.37]
APPROACH 3: QMATMUL_DIRECT_NUMPY_ST...
APPROACH 3: QMATMUL_DIRECT_NUMPY_ST DONE. [time: 0.00322723388671875 s, all close: True, speed-up vs reference: 159.46]
APPROACH 4: QMATMUL_DIRECT_NUMPY_PARALLEL...
APPROACH 4: QMATMUL_DIRECT_NUMPY_PARALLEL DONE. [time: 0.0014009475708007812 s, all close: True, speed-up vs reference: 367.34]
APPROACH 5: QMATMUL_DIRECT_NUMBA_CUDA...
APPROACH 5: QMATMUL_DIRECT_NUMBA_CUDA DONE. [time: 0.0019049644470214844 s, all close: True, speed-up vs reference: 270.15]
APPROACH 6: QMATMUL_ALGO_NUMPY_ST...
APPROACH 6: QMATMUL_ALGO_NUMPY_ST DONE. [time: 0.0041599273681640625 s, all close: True, speed-up vs reference: 123.71]
APPROACH 7: QMATMUL_ALGO_NUMPY_PARALLEL...
APPROACH 7: QMATMUL_ALGO_NUMPY_PARALLEL DONE. [time: 0.0016064643859863281 s, all close: True, speed-up vs reference: 320.35]
APPROACH 8: QMATMUL_ALGO_NUMBA_CUDA...
APPROACH 8: QMATMUL_ALGO_NUMBA_CUDA DONE. [time: 0.0034880638122558594 s, all close: True, speed-up vs reference: 147.54]
REPETITION: 25/100:
APPROACH 1: QMATMUL_NAIVE_NUMBA_ST...
APPROACH 1: QMATMUL_NAIVE_NUMBA_ST DONE. [time: 0.5217576026916504 s, all close: True, speed-up vs reference: 0.99]
APPROACH 2: QMATMUL_NAIVE_NUMBA_PARALLEL...
APPROACH 2: QMATMUL_NAIVE_NUMBA_PARALLEL DONE. [time: 0.03661942481994629 s, all close: True, speed-up vs reference: 14.05]
APPROACH 3: QMATMUL_DIRECT_NUMPY_ST...
APPROACH 3: QMATMUL_DIRECT_NUMPY_ST DONE. [time: 0.0031745433807373047 s, all close: True, speed-up vs reference: 162.11]
APPROACH 4: QMATMUL_DIRECT_NUMPY_PARALLEL...
APPROACH 4: QMATMUL_DIRECT_NUMPY_PARALLEL DONE. [time: 0.0011398792266845703 s, all close: True, speed-up vs reference: 451.47]
APPROACH 5: QMATMUL_DIRECT_NUMBA_CUDA...
APPROACH 5: QMATMUL_DIRECT_NUMBA_CUDA DONE. [time: 0.0017158985137939453 s, all close: True, speed-up vs reference: 299.92]
APPROACH 6: QMATMUL_ALGO_NUMPY_ST...
APPROACH 6: QMATMUL_ALGO_NUMPY_ST DONE. [time: 0.0039081573486328125 s, all close: True, speed-up vs reference: 131.68]
APPROACH 7: QMATMUL_ALGO_NUMPY_PARALLEL...
APPROACH 7: QMATMUL_ALGO_NUMPY_PARALLEL DONE. [time: 0.008027791976928711 s, all close: True, speed-up vs reference: 64.11]
APPROACH 8: QMATMUL_ALGO_NUMBA_CUDA...
APPROACH 8: QMATMUL_ALGO_NUMBA_CUDA DONE. [time: 0.0036165714263916016 s, all close: True, speed-up vs reference: 142.30]
REPETITION: 26/100:
APPROACH 1: QMATMUL_NAIVE_NUMBA_ST...
APPROACH 1: QMATMUL_NAIVE_NUMBA_ST DONE. [time: 0.5187199115753174 s, all close: True, speed-up vs reference: 0.99]
APPROACH 2: QMATMUL_NAIVE_NUMBA_PARALLEL...
APPROACH 2: QMATMUL_NAIVE_NUMBA_PARALLEL DONE. [time: 0.03731536865234375 s, all close: True, speed-up vs reference: 13.79]
APPROACH 3: QMATMUL_DIRECT_NUMPY_ST...
APPROACH 3: QMATMUL_DIRECT_NUMPY_ST DONE. [time: 0.003223419189453125 s, all close: True, speed-up vs reference: 159.65]
APPROACH 4: QMATMUL_DIRECT_NUMPY_PARALLEL...
APPROACH 4: QMATMUL_DIRECT_NUMPY_PARALLEL DONE. [time: 0.0028269290924072266 s, all close: True, speed-up vs reference: 182.04]
APPROACH 5: QMATMUL_DIRECT_NUMBA_CUDA...
APPROACH 5: QMATMUL_DIRECT_NUMBA_CUDA DONE. [time: 0.0018467903137207031 s, all close: True, speed-up vs reference: 278.66]
APPROACH 6: QMATMUL_ALGO_NUMPY_ST...
APPROACH 6: QMATMUL_ALGO_NUMPY_ST DONE. [time: 0.004073381423950195 s, all close: True, speed-up vs reference: 126.34]
APPROACH 7: QMATMUL_ALGO_NUMPY_PARALLEL...
APPROACH 7: QMATMUL_ALGO_NUMPY_PARALLEL DONE. [time: 0.0015285015106201172 s, all close: True, speed-up vs reference: 336.69]
APPROACH 8: QMATMUL_ALGO_NUMBA_CUDA...
APPROACH 8: QMATMUL_ALGO_NUMBA_CUDA DONE. [time: 0.0031785964965820312 s, all close: True, speed-up vs reference: 161.90]
REPETITION: 27/100:
APPROACH 1: QMATMUL_NAIVE_NUMBA_ST...
APPROACH 1: QMATMUL_NAIVE_NUMBA_ST DONE. [time: 0.5179946422576904 s, all close: True, speed-up vs reference: 0.99]
APPROACH 2: QMATMUL_NAIVE_NUMBA_PARALLEL...
APPROACH 2: QMATMUL_NAIVE_NUMBA_PARALLEL DONE. [time: 0.03659248352050781 s, all close: True, speed-up vs reference: 14.06]
APPROACH 3: QMATMUL_DIRECT_NUMPY_ST...
APPROACH 3: QMATMUL_DIRECT_NUMPY_ST DONE. [time: 0.0031516551971435547 s, all close: True, speed-up vs reference: 163.29]
APPROACH 4: QMATMUL_DIRECT_NUMPY_PARALLEL...
APPROACH 4: QMATMUL_DIRECT_NUMPY_PARALLEL DONE. [time: 0.0010268688201904297 s, all close: True, speed-up vs reference: 501.16]
APPROACH 5: QMATMUL_DIRECT_NUMBA_CUDA...
APPROACH 5: QMATMUL_DIRECT_NUMBA_CUDA DONE. [time: 0.002057790756225586 s, all close: True, speed-up vs reference: 250.09]
APPROACH 6: QMATMUL_ALGO_NUMPY_ST...
APPROACH 6: QMATMUL_ALGO_NUMPY_ST DONE. [time: 0.005608320236206055 s, all close: True, speed-up vs reference: 91.76]
APPROACH 7: QMATMUL_ALGO_NUMPY_PARALLEL...
APPROACH 7: QMATMUL_ALGO_NUMPY_PARALLEL DONE. [time: 0.0015673637390136719 s, all close: True, speed-up vs reference: 328.34]
APPROACH 8: QMATMUL_ALGO_NUMBA_CUDA...
APPROACH 8: QMATMUL_ALGO_NUMBA_CUDA DONE. [time: 0.006136417388916016 s, all close: True, speed-up vs reference: 83.86]
REPETITION: 28/100:
APPROACH 1: QMATMUL_NAIVE_NUMBA_ST...
APPROACH 1: QMATMUL_NAIVE_NUMBA_ST DONE. [time: 0.581566333770752 s, all close: True, speed-up vs reference: 0.88]
APPROACH 2: QMATMUL_NAIVE_NUMBA_PARALLEL...
APPROACH 2: QMATMUL_NAIVE_NUMBA_PARALLEL DONE. [time: 0.04324197769165039 s, all close: True, speed-up vs reference: 11.90]
APPROACH 3: QMATMUL_DIRECT_NUMPY_ST...
APPROACH 3: QMATMUL_DIRECT_NUMPY_ST DONE. [time: 0.0032739639282226562 s, all close: True, speed-up vs reference: 157.19]
APPROACH 4: QMATMUL_DIRECT_NUMPY_PARALLEL...
APPROACH 4: QMATMUL_DIRECT_NUMPY_PARALLEL DONE. [time: 0.001066446304321289 s, all close: True, speed-up vs reference: 482.56]
APPROACH 5: QMATMUL_DIRECT_NUMBA_CUDA...
APPROACH 5: QMATMUL_DIRECT_NUMBA_CUDA DONE. [time: 0.0018842220306396484 s, all close: True, speed-up vs reference: 273.12]
APPROACH 6: QMATMUL_ALGO_NUMPY_ST...
APPROACH 6: QMATMUL_ALGO_NUMPY_ST DONE. [time: 0.003968477249145508 s, all close: True, speed-up vs reference: 129.68]
APPROACH 7: QMATMUL_ALGO_NUMPY_PARALLEL...
APPROACH 7: QMATMUL_ALGO_NUMPY_PARALLEL DONE. [time: 0.003656625747680664 s, all close: True, speed-up vs reference: 140.74]
APPROACH 8: QMATMUL_ALGO_NUMBA_CUDA...
APPROACH 8: QMATMUL_ALGO_NUMBA_CUDA DONE. [time: 0.0033767223358154297 s, all close: True, speed-up vs reference: 152.40]
REPETITION: 29/100:
APPROACH 1: QMATMUL_NAIVE_NUMBA_ST...
APPROACH 1: QMATMUL_NAIVE_NUMBA_ST DONE. [time: 0.5194435119628906 s, all close: True, speed-up vs reference: 0.99]
APPROACH 2: QMATMUL_NAIVE_NUMBA_PARALLEL...
APPROACH 2: QMATMUL_NAIVE_NUMBA_PARALLEL DONE. [time: 0.04073810577392578 s, all close: True, speed-up vs reference: 12.63]
APPROACH 3: QMATMUL_DIRECT_NUMPY_ST...
APPROACH 3: QMATMUL_DIRECT_NUMPY_ST DONE. [time: 0.0032911300659179688 s, all close: True, speed-up vs reference: 156.37]
APPROACH 4: QMATMUL_DIRECT_NUMPY_PARALLEL...
APPROACH 4: QMATMUL_DIRECT_NUMPY_PARALLEL DONE. [time: 0.0010478496551513672 s, all close: True, speed-up vs reference: 491.13]
APPROACH 5: QMATMUL_DIRECT_NUMBA_CUDA...
APPROACH 5: QMATMUL_DIRECT_NUMBA_CUDA DONE. [time: 0.0014696121215820312 s, all close: True, speed-up vs reference: 350.18]
APPROACH 6: QMATMUL_ALGO_NUMPY_ST...
APPROACH 6: QMATMUL_ALGO_NUMPY_ST DONE. [time: 0.004044294357299805 s, all close: True, speed-up vs reference: 127.25]
APPROACH 7: QMATMUL_ALGO_NUMPY_PARALLEL...
APPROACH 7: QMATMUL_ALGO_NUMPY_PARALLEL DONE. [time: 0.005251169204711914 s, all close: True, speed-up vs reference: 98.00]
APPROACH 8: QMATMUL_ALGO_NUMBA_CUDA...
APPROACH 8: QMATMUL_ALGO_NUMBA_CUDA DONE. [time: 0.003638029098510742 s, all close: True, speed-up vs reference: 141.46]
REPETITION: 30/100:
APPROACH 1: QMATMUL_NAIVE_NUMBA_ST...
APPROACH 1: QMATMUL_NAIVE_NUMBA_ST DONE. [time: 0.5214736461639404 s, all close: True, speed-up vs reference: 0.99]
APPROACH 2: QMATMUL_NAIVE_NUMBA_PARALLEL...
APPROACH 2: QMATMUL_NAIVE_NUMBA_PARALLEL DONE. [time: 0.03685164451599121 s, all close: True, speed-up vs reference: 13.96]
APPROACH 3: QMATMUL_DIRECT_NUMPY_ST...
APPROACH 3: QMATMUL_DIRECT_NUMPY_ST DONE. [time: 0.0031893253326416016 s, all close: True, speed-up vs reference: 161.36]
APPROACH 4: QMATMUL_DIRECT_NUMPY_PARALLEL...
APPROACH 4: QMATMUL_DIRECT_NUMPY_PARALLEL DONE. [time: 0.0012617111206054688 s, all close: True, speed-up vs reference: 407.88]
APPROACH 5: QMATMUL_DIRECT_NUMBA_CUDA...
APPROACH 5: QMATMUL_DIRECT_NUMBA_CUDA DONE. [time: 0.0015659332275390625 s, all close: True, speed-up vs reference: 328.64]
APPROACH 6: QMATMUL_ALGO_NUMPY_ST...
APPROACH 6: QMATMUL_ALGO_NUMPY_ST DONE. [time: 0.00391077995300293 s, all close: True, speed-up vs reference: 131.59]
APPROACH 7: QMATMUL_ALGO_NUMPY_PARALLEL...
APPROACH 7: QMATMUL_ALGO_NUMPY_PARALLEL DONE. [time: 0.0021424293518066406 s, all close: True, speed-up vs reference: 240.21]
APPROACH 8: QMATMUL_ALGO_NUMBA_CUDA...
APPROACH 8: QMATMUL_ALGO_NUMBA_CUDA DONE. [time: 0.0037069320678710938 s, all close: True, speed-up vs reference: 138.83]
REPETITION: 31/100:
APPROACH 1: QMATMUL_NAIVE_NUMBA_ST...
APPROACH 1: QMATMUL_NAIVE_NUMBA_ST DONE. [time: 0.5160212516784668 s, all close: True, speed-up vs reference: 1.00]
APPROACH 2: QMATMUL_NAIVE_NUMBA_PARALLEL...
APPROACH 2: QMATMUL_NAIVE_NUMBA_PARALLEL DONE. [time: 0.03126645088195801 s, all close: True, speed-up vs reference: 16.46]
APPROACH 3: QMATMUL_DIRECT_NUMPY_ST...
APPROACH 3: QMATMUL_DIRECT_NUMPY_ST DONE. [time: 0.0031232833862304688 s, all close: True, speed-up vs reference: 164.77]
APPROACH 4: QMATMUL_DIRECT_NUMPY_PARALLEL...
APPROACH 4: QMATMUL_DIRECT_NUMPY_PARALLEL DONE. [time: 0.0010144710540771484 s, all close: True, speed-up vs reference: 507.28]
APPROACH 5: QMATMUL_DIRECT_NUMBA_CUDA...
APPROACH 5: QMATMUL_DIRECT_NUMBA_CUDA DONE. [time: 0.0015537738800048828 s, all close: True, speed-up vs reference: 331.21]
APPROACH 6: QMATMUL_ALGO_NUMPY_ST...
APPROACH 6: QMATMUL_ALGO_NUMPY_ST DONE. [time: 0.00386810302734375 s, all close: True, speed-up vs reference: 133.04]
APPROACH 7: QMATMUL_ALGO_NUMPY_PARALLEL...
APPROACH 7: QMATMUL_ALGO_NUMPY_PARALLEL DONE. [time: 0.0013785362243652344 s, all close: True, speed-up vs reference: 373.31]
APPROACH 8: QMATMUL_ALGO_NUMBA_CUDA...
APPROACH 8: QMATMUL_ALGO_NUMBA_CUDA DONE. [time: 0.0036878585815429688 s, all close: True, speed-up vs reference: 139.55]
REPETITION: 32/100:
APPROACH 1: QMATMUL_NAIVE_NUMBA_ST...
APPROACH 1: QMATMUL_NAIVE_NUMBA_ST DONE. [time: 0.5145108699798584 s, all close: True, speed-up vs reference: 1.00]
APPROACH 2: QMATMUL_NAIVE_NUMBA_PARALLEL...
APPROACH 2: QMATMUL_NAIVE_NUMBA_PARALLEL DONE. [time: 0.03636646270751953 s, all close: True, speed-up vs reference: 14.15]
APPROACH 3: QMATMUL_DIRECT_NUMPY_ST...
APPROACH 3: QMATMUL_DIRECT_NUMPY_ST DONE. [time: 0.0031213760375976562 s, all close: True, speed-up vs reference: 164.87]
APPROACH 4: QMATMUL_DIRECT_NUMPY_PARALLEL...
APPROACH 4: QMATMUL_DIRECT_NUMPY_PARALLEL DONE. [time: 0.0010623931884765625 s, all close: True, speed-up vs reference: 484.40]
APPROACH 5: QMATMUL_DIRECT_NUMBA_CUDA...
APPROACH 5: QMATMUL_DIRECT_NUMBA_CUDA DONE. [time: 0.001550912857055664 s, all close: True, speed-up vs reference: 331.82]
APPROACH 6: QMATMUL_ALGO_NUMPY_ST...
APPROACH 6: QMATMUL_ALGO_NUMPY_ST DONE. [time: 0.0038597583770751953 s, all close: True, speed-up vs reference: 133.33]
APPROACH 7: QMATMUL_ALGO_NUMPY_PARALLEL...
APPROACH 7: QMATMUL_ALGO_NUMPY_PARALLEL DONE. [time: 0.0013937950134277344 s, all close: True, speed-up vs reference: 369.23]
APPROACH 8: QMATMUL_ALGO_NUMBA_CUDA...
APPROACH 8: QMATMUL_ALGO_NUMBA_CUDA DONE. [time: 0.0036628246307373047 s, all close: True, speed-up vs reference: 140.50]
REPETITION: 33/100:
APPROACH 1: QMATMUL_NAIVE_NUMBA_ST...
APPROACH 1: QMATMUL_NAIVE_NUMBA_ST DONE. [time: 0.5157887935638428 s, all close: True, speed-up vs reference: 1.00]
APPROACH 2: QMATMUL_NAIVE_NUMBA_PARALLEL...
APPROACH 2: QMATMUL_NAIVE_NUMBA_PARALLEL DONE. [time: 0.0313572883605957 s, all close: True, speed-up vs reference: 16.41]
APPROACH 3: QMATMUL_DIRECT_NUMPY_ST...
APPROACH 3: QMATMUL_DIRECT_NUMPY_ST DONE. [time: 0.003089427947998047 s, all close: True, speed-up vs reference: 166.58]
APPROACH 4: QMATMUL_DIRECT_NUMPY_PARALLEL...
APPROACH 4: QMATMUL_DIRECT_NUMPY_PARALLEL DONE. [time: 0.0010139942169189453 s, all close: True, speed-up vs reference: 507.52]
APPROACH 5: QMATMUL_DIRECT_NUMBA_CUDA...
APPROACH 5: QMATMUL_DIRECT_NUMBA_CUDA DONE. [time: 0.0016303062438964844 s, all close: True, speed-up vs reference: 315.66]
APPROACH 6: QMATMUL_ALGO_NUMPY_ST...
APPROACH 6: QMATMUL_ALGO_NUMPY_ST DONE. [time: 0.003865957260131836 s, all close: True, speed-up vs reference: 133.12]
APPROACH 7: QMATMUL_ALGO_NUMPY_PARALLEL...
APPROACH 7: QMATMUL_ALGO_NUMPY_PARALLEL DONE. [time: 0.0013844966888427734 s, all close: True, speed-up vs reference: 371.71]
APPROACH 8: QMATMUL_ALGO_NUMBA_CUDA...
APPROACH 8: QMATMUL_ALGO_NUMBA_CUDA DONE. [time: 0.003299236297607422 s, all close: True, speed-up vs reference: 155.98]
REPETITION: 34/100:
APPROACH 1: QMATMUL_NAIVE_NUMBA_ST...
APPROACH 1: QMATMUL_NAIVE_NUMBA_ST DONE. [time: 0.5152699947357178 s, all close: True, speed-up vs reference: 1.00]
APPROACH 2: QMATMUL_NAIVE_NUMBA_PARALLEL...
APPROACH 2: QMATMUL_NAIVE_NUMBA_PARALLEL DONE. [time: 0.03365945816040039 s, all close: True, speed-up vs reference: 15.29]
APPROACH 3: QMATMUL_DIRECT_NUMPY_ST...
APPROACH 3: QMATMUL_DIRECT_NUMPY_ST DONE. [time: 0.0031685829162597656 s, all close: True, speed-up vs reference: 162.42]
APPROACH 4: QMATMUL_DIRECT_NUMPY_PARALLEL...
APPROACH 4: QMATMUL_DIRECT_NUMPY_PARALLEL DONE. [time: 0.001209259033203125 s, all close: True, speed-up vs reference: 425.57]
APPROACH 5: QMATMUL_DIRECT_NUMBA_CUDA...
APPROACH 5: QMATMUL_DIRECT_NUMBA_CUDA DONE. [time: 0.0016937255859375 s, all close: True, speed-up vs reference: 303.84]
APPROACH 6: QMATMUL_ALGO_NUMPY_ST...
APPROACH 6: QMATMUL_ALGO_NUMPY_ST DONE. [time: 0.0038793087005615234 s, all close: True, speed-up vs reference: 132.66]
APPROACH 7: QMATMUL_ALGO_NUMPY_PARALLEL...
APPROACH 7: QMATMUL_ALGO_NUMPY_PARALLEL DONE. [time: 0.00150299072265625 s, all close: True, speed-up vs reference: 342.40]
APPROACH 8: QMATMUL_ALGO_NUMBA_CUDA...
APPROACH 8: QMATMUL_ALGO_NUMBA_CUDA DONE. [time: 0.0032596588134765625 s, all close: True, speed-up vs reference: 157.88]
REPETITION: 35/100:
APPROACH 1: QMATMUL_NAIVE_NUMBA_ST...
APPROACH 1: QMATMUL_NAIVE_NUMBA_ST DONE. [time: 0.5168356895446777 s, all close: True, speed-up vs reference: 1.00]
APPROACH 2: QMATMUL_NAIVE_NUMBA_PARALLEL...
APPROACH 2: QMATMUL_NAIVE_NUMBA_PARALLEL DONE. [time: 0.043064117431640625 s, all close: True, speed-up vs reference: 11.95]
APPROACH 3: QMATMUL_DIRECT_NUMPY_ST...
APPROACH 3: QMATMUL_DIRECT_NUMPY_ST DONE. [time: 0.0031282901763916016 s, all close: True, speed-up vs reference: 164.51]
APPROACH 4: QMATMUL_DIRECT_NUMPY_PARALLEL...
APPROACH 4: QMATMUL_DIRECT_NUMPY_PARALLEL DONE. [time: 0.001028299331665039 s, all close: True, speed-up vs reference: 500.46]
APPROACH 5: QMATMUL_DIRECT_NUMBA_CUDA...
APPROACH 5: QMATMUL_DIRECT_NUMBA_CUDA DONE. [time: 0.0018000602722167969 s, all close: True, speed-up vs reference: 285.89]
APPROACH 6: QMATMUL_ALGO_NUMPY_ST...
APPROACH 6: QMATMUL_ALGO_NUMPY_ST DONE. [time: 0.003879070281982422 s, all close: True, speed-up vs reference: 132.67]
APPROACH 7: QMATMUL_ALGO_NUMPY_PARALLEL...
APPROACH 7: QMATMUL_ALGO_NUMPY_PARALLEL DONE. [time: 0.0013844966888427734 s, all close: True, speed-up vs reference: 371.71]
APPROACH 8: QMATMUL_ALGO_NUMBA_CUDA...
APPROACH 8: QMATMUL_ALGO_NUMBA_CUDA DONE. [time: 0.0031812191009521484 s, all close: True, speed-up vs reference: 161.77]
REPETITION: 36/100:
APPROACH 1: QMATMUL_NAIVE_NUMBA_ST...
APPROACH 1: QMATMUL_NAIVE_NUMBA_ST DONE. [time: 0.5158262252807617 s, all close: True, speed-up vs reference: 1.00]
APPROACH 2: QMATMUL_NAIVE_NUMBA_PARALLEL...
APPROACH 2: QMATMUL_NAIVE_NUMBA_PARALLEL DONE. [time: 0.036318063735961914 s, all close: True, speed-up vs reference: 14.17]
APPROACH 3: QMATMUL_DIRECT_NUMPY_ST...
APPROACH 3: QMATMUL_DIRECT_NUMPY_ST DONE. [time: 0.003119945526123047 s, all close: True, speed-up vs reference: 164.95]
APPROACH 4: QMATMUL_DIRECT_NUMPY_PARALLEL...
APPROACH 4: QMATMUL_DIRECT_NUMPY_PARALLEL DONE. [time: 0.001033782958984375 s, all close: True, speed-up vs reference: 497.81]
APPROACH 5: QMATMUL_DIRECT_NUMBA_CUDA...
APPROACH 5: QMATMUL_DIRECT_NUMBA_CUDA DONE. [time: 0.0016579627990722656 s, all close: True, speed-up vs reference: 310.40]
APPROACH 6: QMATMUL_ALGO_NUMPY_ST...
APPROACH 6: QMATMUL_ALGO_NUMPY_ST DONE. [time: 0.003865480422973633 s, all close: True, speed-up vs reference: 133.13]
APPROACH 7: QMATMUL_ALGO_NUMPY_PARALLEL...
APPROACH 7: QMATMUL_ALGO_NUMPY_PARALLEL DONE. [time: 0.0013778209686279297 s, all close: True, speed-up vs reference: 373.51]
APPROACH 8: QMATMUL_ALGO_NUMBA_CUDA...
APPROACH 8: QMATMUL_ALGO_NUMBA_CUDA DONE. [time: 0.00324249267578125 s, all close: True, speed-up vs reference: 158.71]
REPETITION: 37/100:
APPROACH 1: QMATMUL_NAIVE_NUMBA_ST...
APPROACH 1: QMATMUL_NAIVE_NUMBA_ST DONE. [time: 0.5164551734924316 s, all close: True, speed-up vs reference: 1.00]
APPROACH 2: QMATMUL_NAIVE_NUMBA_PARALLEL...
APPROACH 2: QMATMUL_NAIVE_NUMBA_PARALLEL DONE. [time: 0.038976430892944336 s, all close: True, speed-up vs reference: 13.20]
APPROACH 3: QMATMUL_DIRECT_NUMPY_ST...
APPROACH 3: QMATMUL_DIRECT_NUMPY_ST DONE. [time: 0.0031244754791259766 s, all close: True, speed-up vs reference: 164.71]
APPROACH 4: QMATMUL_DIRECT_NUMPY_PARALLEL...
APPROACH 4: QMATMUL_DIRECT_NUMPY_PARALLEL DONE. [time: 0.0010194778442382812 s, all close: True, speed-up vs reference: 504.79]
APPROACH 5: QMATMUL_DIRECT_NUMBA_CUDA...
APPROACH 5: QMATMUL_DIRECT_NUMBA_CUDA DONE. [time: 0.001668691635131836 s, all close: True, speed-up vs reference: 308.40]
APPROACH 6: QMATMUL_ALGO_NUMPY_ST...
APPROACH 6: QMATMUL_ALGO_NUMPY_ST DONE. [time: 0.0038759708404541016 s, all close: True, speed-up vs reference: 132.77]
APPROACH 7: QMATMUL_ALGO_NUMPY_PARALLEL...
APPROACH 7: QMATMUL_ALGO_NUMPY_PARALLEL DONE. [time: 0.0013968944549560547 s, all close: True, speed-up vs reference: 368.41]
APPROACH 8: QMATMUL_ALGO_NUMBA_CUDA...
APPROACH 8: QMATMUL_ALGO_NUMBA_CUDA DONE. [time: 0.0031478404998779297 s, all close: True, speed-up vs reference: 163.49]
REPETITION: 38/100:
APPROACH 1: QMATMUL_NAIVE_NUMBA_ST...
APPROACH 1: QMATMUL_NAIVE_NUMBA_ST DONE. [time: 0.5149149894714355 s, all close: True, speed-up vs reference: 1.00]
APPROACH 2: QMATMUL_NAIVE_NUMBA_PARALLEL...
APPROACH 2: QMATMUL_NAIVE_NUMBA_PARALLEL DONE. [time: 0.03362703323364258 s, all close: True, speed-up vs reference: 15.30]
APPROACH 3: QMATMUL_DIRECT_NUMPY_ST...
APPROACH 3: QMATMUL_DIRECT_NUMPY_ST DONE. [time: 0.0031213760375976562 s, all close: True, speed-up vs reference: 164.87]
APPROACH 4: QMATMUL_DIRECT_NUMPY_PARALLEL...
APPROACH 4: QMATMUL_DIRECT_NUMPY_PARALLEL DONE. [time: 0.001026153564453125 s, all close: True, speed-up vs reference: 501.51]
APPROACH 5: QMATMUL_DIRECT_NUMBA_CUDA...
APPROACH 5: QMATMUL_DIRECT_NUMBA_CUDA DONE. [time: 0.0017731189727783203 s, all close: True, speed-up vs reference: 290.24]
APPROACH 6: QMATMUL_ALGO_NUMPY_ST...
APPROACH 6: QMATMUL_ALGO_NUMPY_ST DONE. [time: 0.003881692886352539 s, all close: True, speed-up vs reference: 132.58]
APPROACH 7: QMATMUL_ALGO_NUMPY_PARALLEL...
APPROACH 7: QMATMUL_ALGO_NUMPY_PARALLEL DONE. [time: 0.001386404037475586 s, all close: True, speed-up vs reference: 371.19]
APPROACH 8: QMATMUL_ALGO_NUMBA_CUDA...
APPROACH 8: QMATMUL_ALGO_NUMBA_CUDA DONE. [time: 0.003123760223388672 s, all close: True, speed-up vs reference: 164.75]
REPETITION: 39/100:
APPROACH 1: QMATMUL_NAIVE_NUMBA_ST...
APPROACH 1: QMATMUL_NAIVE_NUMBA_ST DONE. [time: 0.5143077373504639 s, all close: True, speed-up vs reference: 1.00]
APPROACH 2: QMATMUL_NAIVE_NUMBA_PARALLEL...
APPROACH 2: QMATMUL_NAIVE_NUMBA_PARALLEL DONE. [time: 0.03134918212890625 s, all close: True, speed-up vs reference: 16.42]
APPROACH 3: QMATMUL_DIRECT_NUMPY_ST...
APPROACH 3: QMATMUL_DIRECT_NUMPY_ST DONE. [time: 0.003084421157836914 s, all close: True, speed-up vs reference: 166.85]
APPROACH 4: QMATMUL_DIRECT_NUMPY_PARALLEL...
APPROACH 4: QMATMUL_DIRECT_NUMPY_PARALLEL DONE. [time: 0.0010139942169189453 s, all close: True, speed-up vs reference: 507.52]
APPROACH 5: QMATMUL_DIRECT_NUMBA_CUDA...
APPROACH 5: QMATMUL_DIRECT_NUMBA_CUDA DONE. [time: 0.001832723617553711 s, all close: True, speed-up vs reference: 280.80]
APPROACH 6: QMATMUL_ALGO_NUMPY_ST...
APPROACH 6: QMATMUL_ALGO_NUMPY_ST DONE. [time: 0.003875732421875 s, all close: True, speed-up vs reference: 132.78]
APPROACH 7: QMATMUL_ALGO_NUMPY_PARALLEL...
APPROACH 7: QMATMUL_ALGO_NUMPY_PARALLEL DONE. [time: 0.0013933181762695312 s, all close: True, speed-up vs reference: 369.35]
APPROACH 8: QMATMUL_ALGO_NUMBA_CUDA...
APPROACH 8: QMATMUL_ALGO_NUMBA_CUDA DONE. [time: 0.003122091293334961 s, all close: True, speed-up vs reference: 164.83]
REPETITION: 40/100:
APPROACH 1: QMATMUL_NAIVE_NUMBA_ST...
APPROACH 1: QMATMUL_NAIVE_NUMBA_ST DONE. [time: 0.5150046348571777 s, all close: True, speed-up vs reference: 1.00]
APPROACH 2: QMATMUL_NAIVE_NUMBA_PARALLEL...
APPROACH 2: QMATMUL_NAIVE_NUMBA_PARALLEL DONE. [time: 0.03370833396911621 s, all close: True, speed-up vs reference: 15.27]
APPROACH 3: QMATMUL_DIRECT_NUMPY_ST...
APPROACH 3: QMATMUL_DIRECT_NUMPY_ST DONE. [time: 0.003122568130493164 s, all close: True, speed-up vs reference: 164.81]
APPROACH 4: QMATMUL_DIRECT_NUMPY_PARALLEL...
APPROACH 4: QMATMUL_DIRECT_NUMPY_PARALLEL DONE. [time: 0.0010297298431396484 s, all close: True, speed-up vs reference: 499.77]
APPROACH 5: QMATMUL_DIRECT_NUMBA_CUDA...
APPROACH 5: QMATMUL_DIRECT_NUMBA_CUDA DONE. [time: 0.0014252662658691406 s, all close: True, speed-up vs reference: 361.07]
APPROACH 6: QMATMUL_ALGO_NUMPY_ST...
APPROACH 6: QMATMUL_ALGO_NUMPY_ST DONE. [time: 0.003879070281982422 s, all close: True, speed-up vs reference: 132.67]
APPROACH 7: QMATMUL_ALGO_NUMPY_PARALLEL...
APPROACH 7: QMATMUL_ALGO_NUMPY_PARALLEL DONE. [time: 0.0013976097106933594 s, all close: True, speed-up vs reference: 368.22]
APPROACH 8: QMATMUL_ALGO_NUMBA_CUDA...
APPROACH 8: QMATMUL_ALGO_NUMBA_CUDA DONE. [time: 0.003417491912841797 s, all close: True, speed-up vs reference: 150.59]
REPETITION: 41/100:
APPROACH 1: QMATMUL_NAIVE_NUMBA_ST...
APPROACH 1: QMATMUL_NAIVE_NUMBA_ST DONE. [time: 0.5146987438201904 s, all close: True, speed-up vs reference: 1.00]
APPROACH 2: QMATMUL_NAIVE_NUMBA_PARALLEL...
APPROACH 2: QMATMUL_NAIVE_NUMBA_PARALLEL DONE. [time: 0.04463624954223633 s, all close: True, speed-up vs reference: 11.53]
APPROACH 3: QMATMUL_DIRECT_NUMPY_ST...
APPROACH 3: QMATMUL_DIRECT_NUMPY_ST DONE. [time: 0.0031278133392333984 s, all close: True, speed-up vs reference: 164.53]
APPROACH 4: QMATMUL_DIRECT_NUMPY_PARALLEL...
APPROACH 4: QMATMUL_DIRECT_NUMPY_PARALLEL DONE. [time: 0.0010418891906738281 s, all close: True, speed-up vs reference: 493.94]
APPROACH 5: QMATMUL_DIRECT_NUMBA_CUDA...
APPROACH 5: QMATMUL_DIRECT_NUMBA_CUDA DONE. [time: 0.0015087127685546875 s, all close: True, speed-up vs reference: 341.10]
APPROACH 6: QMATMUL_ALGO_NUMPY_ST...
APPROACH 6: QMATMUL_ALGO_NUMPY_ST DONE. [time: 0.0038709640502929688 s, all close: True, speed-up vs reference: 132.95]
APPROACH 7: QMATMUL_ALGO_NUMPY_PARALLEL...
APPROACH 7: QMATMUL_ALGO_NUMPY_PARALLEL DONE. [time: 0.00139617919921875 s, all close: True, speed-up vs reference: 368.60]
APPROACH 8: QMATMUL_ALGO_NUMBA_CUDA...
APPROACH 8: QMATMUL_ALGO_NUMBA_CUDA DONE. [time: 0.0034677982330322266 s, all close: True, speed-up vs reference: 148.40]
REPETITION: 42/100:
APPROACH 1: QMATMUL_NAIVE_NUMBA_ST...
APPROACH 1: QMATMUL_NAIVE_NUMBA_ST DONE. [time: 0.5151557922363281 s, all close: True, speed-up vs reference: 1.00]
APPROACH 2: QMATMUL_NAIVE_NUMBA_PARALLEL...
APPROACH 2: QMATMUL_NAIVE_NUMBA_PARALLEL DONE. [time: 0.03335094451904297 s, all close: True, speed-up vs reference: 15.43]
APPROACH 3: QMATMUL_DIRECT_NUMPY_ST...
APPROACH 3: QMATMUL_DIRECT_NUMPY_ST DONE. [time: 0.0030946731567382812 s, all close: True, speed-up vs reference: 166.29]
APPROACH 4: QMATMUL_DIRECT_NUMPY_PARALLEL...
APPROACH 4: QMATMUL_DIRECT_NUMPY_PARALLEL DONE. [time: 0.0010089874267578125 s, all close: True, speed-up vs reference: 510.04]
APPROACH 5: QMATMUL_DIRECT_NUMBA_CUDA...
APPROACH 5: QMATMUL_DIRECT_NUMBA_CUDA DONE. [time: 0.0015573501586914062 s, all close: True, speed-up vs reference: 330.45]
APPROACH 6: QMATMUL_ALGO_NUMPY_ST...
APPROACH 6: QMATMUL_ALGO_NUMPY_ST DONE. [time: 0.003874540328979492 s, all close: True, speed-up vs reference: 132.82]
APPROACH 7: QMATMUL_ALGO_NUMPY_PARALLEL...
APPROACH 7: QMATMUL_ALGO_NUMPY_PARALLEL DONE. [time: 0.0013971328735351562 s, all close: True, speed-up vs reference: 368.34]
APPROACH 8: QMATMUL_ALGO_NUMBA_CUDA...
APPROACH 8: QMATMUL_ALGO_NUMBA_CUDA DONE. [time: 0.003525257110595703 s, all close: True, speed-up vs reference: 145.98]
REPETITION: 43/100:
APPROACH 1: QMATMUL_NAIVE_NUMBA_ST...
APPROACH 1: QMATMUL_NAIVE_NUMBA_ST DONE. [time: 0.5144269466400146 s, all close: True, speed-up vs reference: 1.00]
APPROACH 2: QMATMUL_NAIVE_NUMBA_PARALLEL...
APPROACH 2: QMATMUL_NAIVE_NUMBA_PARALLEL DONE. [time: 0.03335762023925781 s, all close: True, speed-up vs reference: 15.43]
APPROACH 3: QMATMUL_DIRECT_NUMPY_ST...
APPROACH 3: QMATMUL_DIRECT_NUMPY_ST DONE. [time: 0.003099679946899414 s, all close: True, speed-up vs reference: 166.03]
APPROACH 4: QMATMUL_DIRECT_NUMPY_PARALLEL...
APPROACH 4: QMATMUL_DIRECT_NUMPY_PARALLEL DONE. [time: 0.00101470947265625 s, all close: True, speed-up vs reference: 507.17]
APPROACH 5: QMATMUL_DIRECT_NUMBA_CUDA...
APPROACH 5: QMATMUL_DIRECT_NUMBA_CUDA DONE. [time: 0.001547098159790039 s, all close: True, speed-up vs reference: 332.64]
APPROACH 6: QMATMUL_ALGO_NUMPY_ST...
APPROACH 6: QMATMUL_ALGO_NUMPY_ST DONE. [time: 0.003865957260131836 s, all close: True, speed-up vs reference: 133.12]
APPROACH 7: QMATMUL_ALGO_NUMPY_PARALLEL...
APPROACH 7: QMATMUL_ALGO_NUMPY_PARALLEL DONE. [time: 0.0013840198516845703 s, all close: True, speed-up vs reference: 371.83]
APPROACH 8: QMATMUL_ALGO_NUMBA_CUDA...
APPROACH 8: QMATMUL_ALGO_NUMBA_CUDA DONE. [time: 0.0037615299224853516 s, all close: True, speed-up vs reference: 136.81]
REPETITION: 44/100:
APPROACH 1: QMATMUL_NAIVE_NUMBA_ST...
APPROACH 1: QMATMUL_NAIVE_NUMBA_ST DONE. [time: 0.5151283740997314 s, all close: True, speed-up vs reference: 1.00]
APPROACH 2: QMATMUL_NAIVE_NUMBA_PARALLEL...
APPROACH 2: QMATMUL_NAIVE_NUMBA_PARALLEL DONE. [time: 0.03367877006530762 s, all close: True, speed-up vs reference: 15.28]
APPROACH 3: QMATMUL_DIRECT_NUMPY_ST...
APPROACH 3: QMATMUL_DIRECT_NUMPY_ST DONE. [time: 0.003126382827758789 s, all close: True, speed-up vs reference: 164.61]
APPROACH 4: QMATMUL_DIRECT_NUMPY_PARALLEL...
APPROACH 4: QMATMUL_DIRECT_NUMPY_PARALLEL DONE. [time: 0.0010652542114257812 s, all close: True, speed-up vs reference: 483.10]
APPROACH 5: QMATMUL_DIRECT_NUMBA_CUDA...
APPROACH 5: QMATMUL_DIRECT_NUMBA_CUDA DONE. [time: 0.0016438961029052734 s, all close: True, speed-up vs reference: 313.05]
APPROACH 6: QMATMUL_ALGO_NUMPY_ST...
APPROACH 6: QMATMUL_ALGO_NUMPY_ST DONE. [time: 0.003868579864501953 s, all close: True, speed-up vs reference: 133.03]
APPROACH 7: QMATMUL_ALGO_NUMPY_PARALLEL...
APPROACH 7: QMATMUL_ALGO_NUMPY_PARALLEL DONE. [time: 0.001386880874633789 s, all close: True, speed-up vs reference: 371.07]
APPROACH 8: QMATMUL_ALGO_NUMBA_CUDA...
APPROACH 8: QMATMUL_ALGO_NUMBA_CUDA DONE. [time: 0.003382444381713867 s, all close: True, speed-up vs reference: 152.15]
REPETITION: 45/100:
APPROACH 1: QMATMUL_NAIVE_NUMBA_ST...
APPROACH 1: QMATMUL_NAIVE_NUMBA_ST DONE. [time: 0.5148334503173828 s, all close: True, speed-up vs reference: 1.00]
APPROACH 2: QMATMUL_NAIVE_NUMBA_PARALLEL...
APPROACH 2: QMATMUL_NAIVE_NUMBA_PARALLEL DONE. [time: 0.033592939376831055 s, all close: True, speed-up vs reference: 15.32]
APPROACH 3: QMATMUL_DIRECT_NUMPY_ST...
APPROACH 3: QMATMUL_DIRECT_NUMPY_ST DONE. [time: 0.003142833709716797 s, all close: True, speed-up vs reference: 163.75]
APPROACH 4: QMATMUL_DIRECT_NUMPY_PARALLEL...
APPROACH 4: QMATMUL_DIRECT_NUMPY_PARALLEL DONE. [time: 0.0010268688201904297 s, all close: True, speed-up vs reference: 501.16]
APPROACH 5: QMATMUL_DIRECT_NUMBA_CUDA...
APPROACH 5: QMATMUL_DIRECT_NUMBA_CUDA DONE. [time: 0.0016508102416992188 s, all close: True, speed-up vs reference: 311.74]
APPROACH 6: QMATMUL_ALGO_NUMPY_ST...
APPROACH 6: QMATMUL_ALGO_NUMPY_ST DONE. [time: 0.003874063491821289 s, all close: True, speed-up vs reference: 132.84]
APPROACH 7: QMATMUL_ALGO_NUMPY_PARALLEL...
APPROACH 7: QMATMUL_ALGO_NUMPY_PARALLEL DONE. [time: 0.0013802051544189453 s, all close: True, speed-up vs reference: 372.86]
APPROACH 8: QMATMUL_ALGO_NUMBA_CUDA...
APPROACH 8: QMATMUL_ALGO_NUMBA_CUDA DONE. [time: 0.0032732486724853516 s, all close: True, speed-up vs reference: 157.22]
REPETITION: 46/100:
APPROACH 1: QMATMUL_NAIVE_NUMBA_ST...
APPROACH 1: QMATMUL_NAIVE_NUMBA_ST DONE. [time: 0.5147531032562256 s, all close: True, speed-up vs reference: 1.00]
APPROACH 2: QMATMUL_NAIVE_NUMBA_PARALLEL...
APPROACH 2: QMATMUL_NAIVE_NUMBA_PARALLEL DONE. [time: 0.043752193450927734 s, all close: True, speed-up vs reference: 11.76]
APPROACH 3: QMATMUL_DIRECT_NUMPY_ST...
APPROACH 3: QMATMUL_DIRECT_NUMPY_ST DONE. [time: 0.003088712692260742 s, all close: True, speed-up vs reference: 166.61]
APPROACH 4: QMATMUL_DIRECT_NUMPY_PARALLEL...
APPROACH 4: QMATMUL_DIRECT_NUMPY_PARALLEL DONE. [time: 0.0010080337524414062 s, all close: True, speed-up vs reference: 510.52]
APPROACH 5: QMATMUL_DIRECT_NUMBA_CUDA...
APPROACH 5: QMATMUL_DIRECT_NUMBA_CUDA DONE. [time: 0.0017957687377929688 s, all close: True, speed-up vs reference: 286.58]
APPROACH 6: QMATMUL_ALGO_NUMPY_ST...
APPROACH 6: QMATMUL_ALGO_NUMPY_ST DONE. [time: 0.003871440887451172 s, all close: True, speed-up vs reference: 132.93]
APPROACH 7: QMATMUL_ALGO_NUMPY_PARALLEL...
APPROACH 7: QMATMUL_ALGO_NUMPY_PARALLEL DONE. [time: 0.0013871192932128906 s, all close: True, speed-up vs reference: 371.00]
APPROACH 8: QMATMUL_ALGO_NUMBA_CUDA...
APPROACH 8: QMATMUL_ALGO_NUMBA_CUDA DONE. [time: 0.003164052963256836 s, all close: True, speed-up vs reference: 162.65]
REPETITION: 47/100:
APPROACH 1: QMATMUL_NAIVE_NUMBA_ST...
APPROACH 1: QMATMUL_NAIVE_NUMBA_ST DONE. [time: 0.5164484977722168 s, all close: True, speed-up vs reference: 1.00]
APPROACH 2: QMATMUL_NAIVE_NUMBA_PARALLEL...
APPROACH 2: QMATMUL_NAIVE_NUMBA_PARALLEL DONE. [time: 0.031374216079711914 s, all close: True, speed-up vs reference: 16.40]
APPROACH 3: QMATMUL_DIRECT_NUMPY_ST...
APPROACH 3: QMATMUL_DIRECT_NUMPY_ST DONE. [time: 0.0031654834747314453 s, all close: True, speed-up vs reference: 162.57]
APPROACH 4: QMATMUL_DIRECT_NUMPY_PARALLEL...
APPROACH 4: QMATMUL_DIRECT_NUMPY_PARALLEL DONE. [time: 0.001226186752319336 s, all close: True, speed-up vs reference: 419.70]
APPROACH 5: QMATMUL_DIRECT_NUMBA_CUDA...
APPROACH 5: QMATMUL_DIRECT_NUMBA_CUDA DONE. [time: 0.0016825199127197266 s, all close: True, speed-up vs reference: 305.87]
APPROACH 6: QMATMUL_ALGO_NUMPY_ST...
APPROACH 6: QMATMUL_ALGO_NUMPY_ST DONE. [time: 0.0039365291595458984 s, all close: True, speed-up vs reference: 130.73]
APPROACH 7: QMATMUL_ALGO_NUMPY_PARALLEL...
APPROACH 7: QMATMUL_ALGO_NUMPY_PARALLEL DONE. [time: 0.0015213489532470703 s, all close: True, speed-up vs reference: 338.27]
APPROACH 8: QMATMUL_ALGO_NUMBA_CUDA...
APPROACH 8: QMATMUL_ALGO_NUMBA_CUDA DONE. [time: 0.0033369064331054688 s, all close: True, speed-up vs reference: 154.22]
REPETITION: 48/100:
APPROACH 1: QMATMUL_NAIVE_NUMBA_ST...
APPROACH 1: QMATMUL_NAIVE_NUMBA_ST DONE. [time: 0.5197577476501465 s, all close: True, speed-up vs reference: 0.99]
APPROACH 2: QMATMUL_NAIVE_NUMBA_PARALLEL...
APPROACH 2: QMATMUL_NAIVE_NUMBA_PARALLEL DONE. [time: 0.03361248970031738 s, all close: True, speed-up vs reference: 15.31]
APPROACH 3: QMATMUL_DIRECT_NUMPY_ST...
APPROACH 3: QMATMUL_DIRECT_NUMPY_ST DONE. [time: 0.0031800270080566406 s, all close: True, speed-up vs reference: 161.83]
APPROACH 4: QMATMUL_DIRECT_NUMPY_PARALLEL...
APPROACH 4: QMATMUL_DIRECT_NUMPY_PARALLEL DONE. [time: 0.0010311603546142578 s, all close: True, speed-up vs reference: 499.07]
APPROACH 5: QMATMUL_DIRECT_NUMBA_CUDA...
APPROACH 5: QMATMUL_DIRECT_NUMBA_CUDA DONE. [time: 0.001680612564086914 s, all close: True, speed-up vs reference: 306.21]
APPROACH 6: QMATMUL_ALGO_NUMPY_ST...
APPROACH 6: QMATMUL_ALGO_NUMPY_ST DONE. [time: 0.0038766860961914062 s, all close: True, speed-up vs reference: 132.75]
APPROACH 7: QMATMUL_ALGO_NUMPY_PARALLEL...
APPROACH 7: QMATMUL_ALGO_NUMPY_PARALLEL DONE. [time: 0.001383066177368164 s, all close: True, speed-up vs reference: 372.09]
APPROACH 8: QMATMUL_ALGO_NUMBA_CUDA...
APPROACH 8: QMATMUL_ALGO_NUMBA_CUDA DONE. [time: 0.0029463768005371094 s, all close: True, speed-up vs reference: 174.66]
REPETITION: 49/100:
APPROACH 1: QMATMUL_NAIVE_NUMBA_ST...
APPROACH 1: QMATMUL_NAIVE_NUMBA_ST DONE. [time: 0.515770435333252 s, all close: True, speed-up vs reference: 1.00]
APPROACH 2: QMATMUL_NAIVE_NUMBA_PARALLEL...
APPROACH 2: QMATMUL_NAIVE_NUMBA_PARALLEL DONE. [time: 0.03362774848937988 s, all close: True, speed-up vs reference: 15.30]
APPROACH 3: QMATMUL_DIRECT_NUMPY_ST...
APPROACH 3: QMATMUL_DIRECT_NUMPY_ST DONE. [time: 0.003118753433227539 s, all close: True, speed-up vs reference: 165.01]
APPROACH 4: QMATMUL_DIRECT_NUMPY_PARALLEL...
APPROACH 4: QMATMUL_DIRECT_NUMPY_PARALLEL DONE. [time: 0.0010251998901367188 s, all close: True, speed-up vs reference: 501.98]
APPROACH 5: QMATMUL_DIRECT_NUMBA_CUDA...
APPROACH 5: QMATMUL_DIRECT_NUMBA_CUDA DONE. [time: 0.0017757415771484375 s, all close: True, speed-up vs reference: 289.81]
APPROACH 6: QMATMUL_ALGO_NUMPY_ST...
APPROACH 6: QMATMUL_ALGO_NUMPY_ST DONE. [time: 0.003870248794555664 s, all close: True, speed-up vs reference: 132.97]
APPROACH 7: QMATMUL_ALGO_NUMPY_PARALLEL...
APPROACH 7: QMATMUL_ALGO_NUMPY_PARALLEL DONE. [time: 0.0013778209686279297 s, all close: True, speed-up vs reference: 373.51]
APPROACH 8: QMATMUL_ALGO_NUMBA_CUDA...
APPROACH 8: QMATMUL_ALGO_NUMBA_CUDA DONE. [time: 0.0032105445861816406 s, all close: True, speed-up vs reference: 160.29]
REPETITION: 50/100:
APPROACH 1: QMATMUL_NAIVE_NUMBA_ST...
APPROACH 1: QMATMUL_NAIVE_NUMBA_ST DONE. [time: 0.5190520286560059 s, all close: True, speed-up vs reference: 0.99]
APPROACH 2: QMATMUL_NAIVE_NUMBA_PARALLEL...
APPROACH 2: QMATMUL_NAIVE_NUMBA_PARALLEL DONE. [time: 0.038681745529174805 s, all close: True, speed-up vs reference: 13.30]
APPROACH 3: QMATMUL_DIRECT_NUMPY_ST...
APPROACH 3: QMATMUL_DIRECT_NUMPY_ST DONE. [time: 0.003126382827758789 s, all close: True, speed-up vs reference: 164.61]
APPROACH 4: QMATMUL_DIRECT_NUMPY_PARALLEL...
APPROACH 4: QMATMUL_DIRECT_NUMPY_PARALLEL DONE. [time: 0.001024484634399414 s, all close: True, speed-up vs reference: 502.33]
APPROACH 5: QMATMUL_DIRECT_NUMBA_CUDA...
APPROACH 5: QMATMUL_DIRECT_NUMBA_CUDA DONE. [time: 0.0018422603607177734 s, all close: True, speed-up vs reference: 279.34]
APPROACH 6: QMATMUL_ALGO_NUMPY_ST...
APPROACH 6: QMATMUL_ALGO_NUMPY_ST DONE. [time: 0.0038766860961914062 s, all close: True, speed-up vs reference: 132.75]
APPROACH 7: QMATMUL_ALGO_NUMPY_PARALLEL...
APPROACH 7: QMATMUL_ALGO_NUMPY_PARALLEL DONE. [time: 0.001394510269165039 s, all close: True, speed-up vs reference: 369.04]
APPROACH 8: QMATMUL_ALGO_NUMBA_CUDA...
APPROACH 8: QMATMUL_ALGO_NUMBA_CUDA DONE. [time: 0.0032622814178466797 s, all close: True, speed-up vs reference: 157.75]
REPETITION: 51/100:
APPROACH 1: QMATMUL_NAIVE_NUMBA_ST...
APPROACH 1: QMATMUL_NAIVE_NUMBA_ST DONE. [time: 0.515371561050415 s, all close: True, speed-up vs reference: 1.00]
APPROACH 2: QMATMUL_NAIVE_NUMBA_PARALLEL...
APPROACH 2: QMATMUL_NAIVE_NUMBA_PARALLEL DONE. [time: 0.0507049560546875 s, all close: True, speed-up vs reference: 10.15]
APPROACH 3: QMATMUL_DIRECT_NUMPY_ST...
APPROACH 3: QMATMUL_DIRECT_NUMPY_ST DONE. [time: 0.0031592845916748047 s, all close: True, speed-up vs reference: 162.89]
APPROACH 4: QMATMUL_DIRECT_NUMPY_PARALLEL...
APPROACH 4: QMATMUL_DIRECT_NUMPY_PARALLEL DONE. [time: 0.0010223388671875 s, all close: True, speed-up vs reference: 503.38]
APPROACH 5: QMATMUL_DIRECT_NUMBA_CUDA...
APPROACH 5: QMATMUL_DIRECT_NUMBA_CUDA DONE. [time: 0.0014472007751464844 s, all close: True, speed-up vs reference: 355.60]
APPROACH 6: QMATMUL_ALGO_NUMPY_ST...
APPROACH 6: QMATMUL_ALGO_NUMPY_ST DONE. [time: 0.0038709640502929688 s, all close: True, speed-up vs reference: 132.95]
APPROACH 7: QMATMUL_ALGO_NUMPY_PARALLEL...
APPROACH 7: QMATMUL_ALGO_NUMPY_PARALLEL DONE. [time: 0.00139617919921875 s, all close: True, speed-up vs reference: 368.60]
APPROACH 8: QMATMUL_ALGO_NUMBA_CUDA...
APPROACH 8: QMATMUL_ALGO_NUMBA_CUDA DONE. [time: 0.0033783912658691406 s, all close: True, speed-up vs reference: 152.33]
REPETITION: 52/100:
APPROACH 1: QMATMUL_NAIVE_NUMBA_ST...
APPROACH 1: QMATMUL_NAIVE_NUMBA_ST DONE. [time: 0.5150578022003174 s, all close: True, speed-up vs reference: 1.00]
APPROACH 2: QMATMUL_NAIVE_NUMBA_PARALLEL...
APPROACH 2: QMATMUL_NAIVE_NUMBA_PARALLEL DONE. [time: 0.03341412544250488 s, all close: True, speed-up vs reference: 15.40]
APPROACH 3: QMATMUL_DIRECT_NUMPY_ST...
APPROACH 3: QMATMUL_DIRECT_NUMPY_ST DONE. [time: 0.003220796585083008 s, all close: True, speed-up vs reference: 159.78]
APPROACH 4: QMATMUL_DIRECT_NUMPY_PARALLEL...
APPROACH 4: QMATMUL_DIRECT_NUMPY_PARALLEL DONE. [time: 0.0010132789611816406 s, all close: True, speed-up vs reference: 507.88]
APPROACH 5: QMATMUL_DIRECT_NUMBA_CUDA...
APPROACH 5: QMATMUL_DIRECT_NUMBA_CUDA DONE. [time: 0.0014629364013671875 s, all close: True, speed-up vs reference: 351.78]
APPROACH 6: QMATMUL_ALGO_NUMPY_ST...
APPROACH 6: QMATMUL_ALGO_NUMPY_ST DONE. [time: 0.003879070281982422 s, all close: True, speed-up vs reference: 132.67]
APPROACH 7: QMATMUL_ALGO_NUMPY_PARALLEL...
APPROACH 7: QMATMUL_ALGO_NUMPY_PARALLEL DONE. [time: 0.0013856887817382812 s, all close: True, speed-up vs reference: 371.39]
APPROACH 8: QMATMUL_ALGO_NUMBA_CUDA...
APPROACH 8: QMATMUL_ALGO_NUMBA_CUDA DONE. [time: 0.0034470558166503906 s, all close: True, speed-up vs reference: 149.29]
REPETITION: 53/100:
APPROACH 1: QMATMUL_NAIVE_NUMBA_ST...
APPROACH 1: QMATMUL_NAIVE_NUMBA_ST DONE. [time: 0.5144989490509033 s, all close: True, speed-up vs reference: 1.00]
APPROACH 2: QMATMUL_NAIVE_NUMBA_PARALLEL...
APPROACH 2: QMATMUL_NAIVE_NUMBA_PARALLEL DONE. [time: 0.040311336517333984 s, all close: True, speed-up vs reference: 12.77]
APPROACH 3: QMATMUL_DIRECT_NUMPY_ST...
APPROACH 3: QMATMUL_DIRECT_NUMPY_ST DONE. [time: 0.003118753433227539 s, all close: True, speed-up vs reference: 165.01]
APPROACH 4: QMATMUL_DIRECT_NUMPY_PARALLEL...
APPROACH 4: QMATMUL_DIRECT_NUMPY_PARALLEL DONE. [time: 0.00121307373046875 s, all close: True, speed-up vs reference: 424.23]
APPROACH 5: QMATMUL_DIRECT_NUMBA_CUDA...
APPROACH 5: QMATMUL_DIRECT_NUMBA_CUDA DONE. [time: 0.0015680789947509766 s, all close: True, speed-up vs reference: 328.19]
APPROACH 6: QMATMUL_ALGO_NUMPY_ST...
APPROACH 6: QMATMUL_ALGO_NUMPY_ST DONE. [time: 0.0040819644927978516 s, all close: True, speed-up vs reference: 126.07]
APPROACH 7: QMATMUL_ALGO_NUMPY_PARALLEL...
APPROACH 7: QMATMUL_ALGO_NUMPY_PARALLEL DONE. [time: 0.0015668869018554688 s, all close: True, speed-up vs reference: 328.44]
APPROACH 8: QMATMUL_ALGO_NUMBA_CUDA...
APPROACH 8: QMATMUL_ALGO_NUMBA_CUDA DONE. [time: 0.0036094188690185547 s, all close: True, speed-up vs reference: 142.58]
REPETITION: 54/100:
APPROACH 1: QMATMUL_NAIVE_NUMBA_ST...
APPROACH 1: QMATMUL_NAIVE_NUMBA_ST DONE. [time: 0.5149505138397217 s, all close: True, speed-up vs reference: 1.00]
APPROACH 2: QMATMUL_NAIVE_NUMBA_PARALLEL...
APPROACH 2: QMATMUL_NAIVE_NUMBA_PARALLEL DONE. [time: 0.03132176399230957 s, all close: True, speed-up vs reference: 16.43]
APPROACH 3: QMATMUL_DIRECT_NUMPY_ST...
APPROACH 3: QMATMUL_DIRECT_NUMPY_ST DONE. [time: 0.003119945526123047 s, all close: True, speed-up vs reference: 164.95]
APPROACH 4: QMATMUL_DIRECT_NUMPY_PARALLEL...
APPROACH 4: QMATMUL_DIRECT_NUMPY_PARALLEL DONE. [time: 0.0010166168212890625 s, all close: True, speed-up vs reference: 506.21]
APPROACH 5: QMATMUL_DIRECT_NUMBA_CUDA...
APPROACH 5: QMATMUL_DIRECT_NUMBA_CUDA DONE. [time: 0.001535654067993164 s, all close: True, speed-up vs reference: 335.12]
APPROACH 6: QMATMUL_ALGO_NUMPY_ST...
APPROACH 6: QMATMUL_ALGO_NUMPY_ST DONE. [time: 0.003859281539916992 s, all close: True, speed-up vs reference: 133.35]
APPROACH 7: QMATMUL_ALGO_NUMPY_PARALLEL...
APPROACH 7: QMATMUL_ALGO_NUMPY_PARALLEL DONE. [time: 0.001390695571899414 s, all close: True, speed-up vs reference: 370.05]
APPROACH 8: QMATMUL_ALGO_NUMBA_CUDA...
APPROACH 8: QMATMUL_ALGO_NUMBA_CUDA DONE. [time: 0.003576517105102539 s, all close: True, speed-up vs reference: 143.89]
REPETITION: 55/100:
APPROACH 1: QMATMUL_NAIVE_NUMBA_ST...
APPROACH 1: QMATMUL_NAIVE_NUMBA_ST DONE. [time: 0.5146095752716064 s, all close: True, speed-up vs reference: 1.00]
APPROACH 2: QMATMUL_NAIVE_NUMBA_PARALLEL...
APPROACH 2: QMATMUL_NAIVE_NUMBA_PARALLEL DONE. [time: 0.03349113464355469 s, all close: True, speed-up vs reference: 15.37]
APPROACH 3: QMATMUL_DIRECT_NUMPY_ST...
APPROACH 3: QMATMUL_DIRECT_NUMPY_ST DONE. [time: 0.0030875205993652344 s, all close: True, speed-up vs reference: 166.68]
APPROACH 4: QMATMUL_DIRECT_NUMPY_PARALLEL...
APPROACH 4: QMATMUL_DIRECT_NUMPY_PARALLEL DONE. [time: 0.0010149478912353516 s, all close: True, speed-up vs reference: 507.05]
APPROACH 5: QMATMUL_DIRECT_NUMBA_CUDA...
APPROACH 5: QMATMUL_DIRECT_NUMBA_CUDA DONE. [time: 0.0016107559204101562 s, all close: True, speed-up vs reference: 319.49]
APPROACH 6: QMATMUL_ALGO_NUMPY_ST...
APPROACH 6: QMATMUL_ALGO_NUMPY_ST DONE. [time: 0.003869771957397461 s, all close: True, speed-up vs reference: 132.99]
APPROACH 7: QMATMUL_ALGO_NUMPY_PARALLEL...
APPROACH 7: QMATMUL_ALGO_NUMPY_PARALLEL DONE. [time: 0.001382589340209961 s, all close: True, speed-up vs reference: 372.22]
APPROACH 8: QMATMUL_ALGO_NUMBA_CUDA...
APPROACH 8: QMATMUL_ALGO_NUMBA_CUDA DONE. [time: 0.0034689903259277344 s, all close: True, speed-up vs reference: 148.35]
REPETITION: 56/100:
APPROACH 1: QMATMUL_NAIVE_NUMBA_ST...
APPROACH 1: QMATMUL_NAIVE_NUMBA_ST DONE. [time: 0.5181910991668701 s, all close: True, speed-up vs reference: 0.99]
APPROACH 2: QMATMUL_NAIVE_NUMBA_PARALLEL...
APPROACH 2: QMATMUL_NAIVE_NUMBA_PARALLEL DONE. [time: 0.04770994186401367 s, all close: True, speed-up vs reference: 10.79]
APPROACH 3: QMATMUL_DIRECT_NUMPY_ST...
APPROACH 3: QMATMUL_DIRECT_NUMPY_ST DONE. [time: 0.003215789794921875 s, all close: True, speed-up vs reference: 160.03]
APPROACH 4: QMATMUL_DIRECT_NUMPY_PARALLEL...
APPROACH 4: QMATMUL_DIRECT_NUMPY_PARALLEL DONE. [time: 0.0013055801391601562 s, all close: True, speed-up vs reference: 394.17]
APPROACH 5: QMATMUL_DIRECT_NUMBA_CUDA...
APPROACH 5: QMATMUL_DIRECT_NUMBA_CUDA DONE. [time: 0.0018177032470703125 s, all close: True, speed-up vs reference: 283.12]
APPROACH 6: QMATMUL_ALGO_NUMPY_ST...
APPROACH 6: QMATMUL_ALGO_NUMPY_ST DONE. [time: 0.004168510437011719 s, all close: True, speed-up vs reference: 123.46]
APPROACH 7: QMATMUL_ALGO_NUMPY_PARALLEL...
APPROACH 7: QMATMUL_ALGO_NUMPY_PARALLEL DONE. [time: 0.0027832984924316406 s, all close: True, speed-up vs reference: 184.90]
APPROACH 8: QMATMUL_ALGO_NUMBA_CUDA...
APPROACH 8: QMATMUL_ALGO_NUMBA_CUDA DONE. [time: 0.0036597251892089844 s, all close: True, speed-up vs reference: 140.62]
REPETITION: 57/100:
APPROACH 1: QMATMUL_NAIVE_NUMBA_ST...
APPROACH 1: QMATMUL_NAIVE_NUMBA_ST DONE. [time: 0.5148918628692627 s, all close: True, speed-up vs reference: 1.00]
APPROACH 2: QMATMUL_NAIVE_NUMBA_PARALLEL...
APPROACH 2: QMATMUL_NAIVE_NUMBA_PARALLEL DONE. [time: 0.03131842613220215 s, all close: True, speed-up vs reference: 16.43]
APPROACH 3: QMATMUL_DIRECT_NUMPY_ST...
APPROACH 3: QMATMUL_DIRECT_NUMPY_ST DONE. [time: 0.0030808448791503906 s, all close: True, speed-up vs reference: 167.04]
APPROACH 4: QMATMUL_DIRECT_NUMPY_PARALLEL...
APPROACH 4: QMATMUL_DIRECT_NUMPY_PARALLEL DONE. [time: 0.001001596450805664 s, all close: True, speed-up vs reference: 513.81]
APPROACH 5: QMATMUL_DIRECT_NUMBA_CUDA...
APPROACH 5: QMATMUL_DIRECT_NUMBA_CUDA DONE. [time: 0.0017833709716796875 s, all close: True, speed-up vs reference: 288.57]
APPROACH 6: QMATMUL_ALGO_NUMPY_ST...
APPROACH 6: QMATMUL_ALGO_NUMPY_ST DONE. [time: 0.0038602352142333984 s, all close: True, speed-up vs reference: 133.31]
APPROACH 7: QMATMUL_ALGO_NUMPY_PARALLEL...
APPROACH 7: QMATMUL_ALGO_NUMPY_PARALLEL DONE. [time: 0.0013854503631591797 s, all close: True, speed-up vs reference: 371.45]
APPROACH 8: QMATMUL_ALGO_NUMBA_CUDA...
APPROACH 8: QMATMUL_ALGO_NUMBA_CUDA DONE. [time: 0.0031659603118896484 s, all close: True, speed-up vs reference: 162.55]
REPETITION: 58/100:
APPROACH 1: QMATMUL_NAIVE_NUMBA_ST...
APPROACH 1: QMATMUL_NAIVE_NUMBA_ST DONE. [time: 0.5336811542510986 s, all close: True, speed-up vs reference: 0.96]
APPROACH 2: QMATMUL_NAIVE_NUMBA_PARALLEL...
APPROACH 2: QMATMUL_NAIVE_NUMBA_PARALLEL DONE. [time: 0.03135323524475098 s, all close: True, speed-up vs reference: 16.41]
APPROACH 3: QMATMUL_DIRECT_NUMPY_ST...
APPROACH 3: QMATMUL_DIRECT_NUMPY_ST DONE. [time: 0.0031366348266601562 s, all close: True, speed-up vs reference: 164.07]
APPROACH 4: QMATMUL_DIRECT_NUMPY_PARALLEL...
APPROACH 4: QMATMUL_DIRECT_NUMPY_PARALLEL DONE. [time: 0.0010154247283935547 s, all close: True, speed-up vs reference: 506.81]
APPROACH 5: QMATMUL_DIRECT_NUMBA_CUDA...
APPROACH 5: QMATMUL_DIRECT_NUMBA_CUDA DONE. [time: 0.004715442657470703 s, all close: True, speed-up vs reference: 109.14]
APPROACH 6: QMATMUL_ALGO_NUMPY_ST...
APPROACH 6: QMATMUL_ALGO_NUMPY_ST DONE. [time: 0.003947734832763672 s, all close: True, speed-up vs reference: 130.36]
APPROACH 7: QMATMUL_ALGO_NUMPY_PARALLEL...
APPROACH 7: QMATMUL_ALGO_NUMPY_PARALLEL DONE. [time: 0.004923582077026367 s, all close: True, speed-up vs reference: 104.52]
APPROACH 8: QMATMUL_ALGO_NUMBA_CUDA...
APPROACH 8: QMATMUL_ALGO_NUMBA_CUDA DONE. [time: 0.0033957958221435547 s, all close: True, speed-up vs reference: 151.55]
REPETITION: 59/100:
APPROACH 1: QMATMUL_NAIVE_NUMBA_ST...
APPROACH 1: QMATMUL_NAIVE_NUMBA_ST DONE. [time: 0.5147891044616699 s, all close: True, speed-up vs reference: 1.00]
APPROACH 2: QMATMUL_NAIVE_NUMBA_PARALLEL...
APPROACH 2: QMATMUL_NAIVE_NUMBA_PARALLEL DONE. [time: 0.03357529640197754 s, all close: True, speed-up vs reference: 15.33]
APPROACH 3: QMATMUL_DIRECT_NUMPY_ST...
APPROACH 3: QMATMUL_DIRECT_NUMPY_ST DONE. [time: 0.0031354427337646484 s, all close: True, speed-up vs reference: 164.13]
APPROACH 4: QMATMUL_DIRECT_NUMPY_PARALLEL...
APPROACH 4: QMATMUL_DIRECT_NUMPY_PARALLEL DONE. [time: 0.001008749008178711 s, all close: True, speed-up vs reference: 510.16]
APPROACH 5: QMATMUL_DIRECT_NUMBA_CUDA...
APPROACH 5: QMATMUL_DIRECT_NUMBA_CUDA DONE. [time: 0.0016646385192871094 s, all close: True, speed-up vs reference: 309.15]
APPROACH 6: QMATMUL_ALGO_NUMPY_ST...
APPROACH 6: QMATMUL_ALGO_NUMPY_ST DONE. [time: 0.003866434097290039 s, all close: True, speed-up vs reference: 133.10]
APPROACH 7: QMATMUL_ALGO_NUMPY_PARALLEL...
APPROACH 7: QMATMUL_ALGO_NUMPY_PARALLEL DONE. [time: 0.0013811588287353516 s, all close: True, speed-up vs reference: 372.60]
APPROACH 8: QMATMUL_ALGO_NUMBA_CUDA...
APPROACH 8: QMATMUL_ALGO_NUMBA_CUDA DONE. [time: 0.0029458999633789062 s, all close: True, speed-up vs reference: 174.69]
REPETITION: 60/100:
APPROACH 1: QMATMUL_NAIVE_NUMBA_ST...
APPROACH 1: QMATMUL_NAIVE_NUMBA_ST DONE. [time: 0.5153143405914307 s, all close: True, speed-up vs reference: 1.00]
APPROACH 2: QMATMUL_NAIVE_NUMBA_PARALLEL...
APPROACH 2: QMATMUL_NAIVE_NUMBA_PARALLEL DONE. [time: 0.03130459785461426 s, all close: True, speed-up vs reference: 16.44]
APPROACH 3: QMATMUL_DIRECT_NUMPY_ST...
APPROACH 3: QMATMUL_DIRECT_NUMPY_ST DONE. [time: 0.0031058788299560547 s, all close: True, speed-up vs reference: 165.69]
APPROACH 4: QMATMUL_DIRECT_NUMPY_PARALLEL...
APPROACH 4: QMATMUL_DIRECT_NUMPY_PARALLEL DONE. [time: 0.0010046958923339844 s, all close: True, speed-up vs reference: 512.22]
APPROACH 5: QMATMUL_DIRECT_NUMBA_CUDA...
APPROACH 5: QMATMUL_DIRECT_NUMBA_CUDA DONE. [time: 0.0017557144165039062 s, all close: True, speed-up vs reference: 293.11]
APPROACH 6: QMATMUL_ALGO_NUMPY_ST...
APPROACH 6: QMATMUL_ALGO_NUMPY_ST DONE. [time: 0.003858804702758789 s, all close: True, speed-up vs reference: 133.36]
APPROACH 7: QMATMUL_ALGO_NUMPY_PARALLEL...
APPROACH 7: QMATMUL_ALGO_NUMPY_PARALLEL DONE. [time: 0.0013737678527832031 s, all close: True, speed-up vs reference: 374.61]
APPROACH 8: QMATMUL_ALGO_NUMBA_CUDA...
APPROACH 8: QMATMUL_ALGO_NUMBA_CUDA DONE. [time: 0.0030117034912109375 s, all close: True, speed-up vs reference: 170.88]
REPETITION: 61/100:
APPROACH 1: QMATMUL_NAIVE_NUMBA_ST...
APPROACH 1: QMATMUL_NAIVE_NUMBA_ST DONE. [time: 0.5149550437927246 s, all close: True, speed-up vs reference: 1.00]
APPROACH 2: QMATMUL_NAIVE_NUMBA_PARALLEL...
APPROACH 2: QMATMUL_NAIVE_NUMBA_PARALLEL DONE. [time: 0.03128695487976074 s, all close: True, speed-up vs reference: 16.45]
APPROACH 3: QMATMUL_DIRECT_NUMPY_ST...
APPROACH 3: QMATMUL_DIRECT_NUMPY_ST DONE. [time: 0.0031621456146240234 s, all close: True, speed-up vs reference: 162.75]
APPROACH 4: QMATMUL_DIRECT_NUMPY_PARALLEL...
APPROACH 4: QMATMUL_DIRECT_NUMPY_PARALLEL DONE. [time: 0.0010280609130859375 s, all close: True, speed-up vs reference: 500.58]
APPROACH 5: QMATMUL_DIRECT_NUMBA_CUDA...
APPROACH 5: QMATMUL_DIRECT_NUMBA_CUDA DONE. [time: 0.0018310546875 s, all close: True, speed-up vs reference: 281.05]
APPROACH 6: QMATMUL_ALGO_NUMPY_ST...
APPROACH 6: QMATMUL_ALGO_NUMPY_ST DONE. [time: 0.003862142562866211 s, all close: True, speed-up vs reference: 133.25]
APPROACH 7: QMATMUL_ALGO_NUMPY_PARALLEL...
APPROACH 7: QMATMUL_ALGO_NUMPY_PARALLEL DONE. [time: 0.0013799667358398438 s, all close: True, speed-up vs reference: 372.93]
APPROACH 8: QMATMUL_ALGO_NUMBA_CUDA...
APPROACH 8: QMATMUL_ALGO_NUMBA_CUDA DONE. [time: 0.003273487091064453 s, all close: True, speed-up vs reference: 157.21]
REPETITION: 62/100:
APPROACH 1: QMATMUL_NAIVE_NUMBA_ST...
APPROACH 1: QMATMUL_NAIVE_NUMBA_ST DONE. [time: 0.5159425735473633 s, all close: True, speed-up vs reference: 1.00]
APPROACH 2: QMATMUL_NAIVE_NUMBA_PARALLEL...
APPROACH 2: QMATMUL_NAIVE_NUMBA_PARALLEL DONE. [time: 0.03146839141845703 s, all close: True, speed-up vs reference: 16.35]
APPROACH 3: QMATMUL_DIRECT_NUMPY_ST...
APPROACH 3: QMATMUL_DIRECT_NUMPY_ST DONE. [time: 0.0030977725982666016 s, all close: True, speed-up vs reference: 166.13]
APPROACH 4: QMATMUL_DIRECT_NUMPY_PARALLEL...
APPROACH 4: QMATMUL_DIRECT_NUMPY_PARALLEL DONE. [time: 0.0010180473327636719 s, all close: True, speed-up vs reference: 505.50]
APPROACH 5: QMATMUL_DIRECT_NUMBA_CUDA...
APPROACH 5: QMATMUL_DIRECT_NUMBA_CUDA DONE. [time: 0.0014064311981201172 s, all close: True, speed-up vs reference: 365.91]
APPROACH 6: QMATMUL_ALGO_NUMPY_ST...
APPROACH 6: QMATMUL_ALGO_NUMPY_ST DONE. [time: 0.0038657188415527344 s, all close: True, speed-up vs reference: 133.13]
APPROACH 7: QMATMUL_ALGO_NUMPY_PARALLEL...
APPROACH 7: QMATMUL_ALGO_NUMPY_PARALLEL DONE. [time: 0.0013828277587890625 s, all close: True, speed-up vs reference: 372.15]
APPROACH 8: QMATMUL_ALGO_NUMBA_CUDA...
APPROACH 8: QMATMUL_ALGO_NUMBA_CUDA DONE. [time: 0.0034677982330322266 s, all close: True, speed-up vs reference: 148.40]
REPETITION: 63/100:
APPROACH 1: QMATMUL_NAIVE_NUMBA_ST...
APPROACH 1: QMATMUL_NAIVE_NUMBA_ST DONE. [time: 0.5151803493499756 s, all close: True, speed-up vs reference: 1.00]
APPROACH 2: QMATMUL_NAIVE_NUMBA_PARALLEL...
APPROACH 2: QMATMUL_NAIVE_NUMBA_PARALLEL DONE. [time: 0.03134512901306152 s, all close: True, speed-up vs reference: 16.42]
APPROACH 3: QMATMUL_DIRECT_NUMPY_ST...
APPROACH 3: QMATMUL_DIRECT_NUMPY_ST DONE. [time: 0.0031027793884277344 s, all close: True, speed-up vs reference: 165.86]
APPROACH 4: QMATMUL_DIRECT_NUMPY_PARALLEL...
APPROACH 4: QMATMUL_DIRECT_NUMPY_PARALLEL DONE. [time: 0.001018524169921875 s, all close: True, speed-up vs reference: 505.27]
APPROACH 5: QMATMUL_DIRECT_NUMBA_CUDA...
APPROACH 5: QMATMUL_DIRECT_NUMBA_CUDA DONE. [time: 0.0014963150024414062 s, all close: True, speed-up vs reference: 343.93]
APPROACH 6: QMATMUL_ALGO_NUMPY_ST...
APPROACH 6: QMATMUL_ALGO_NUMPY_ST DONE. [time: 0.003858327865600586 s, all close: True, speed-up vs reference: 133.38]
APPROACH 7: QMATMUL_ALGO_NUMPY_PARALLEL...
APPROACH 7: QMATMUL_ALGO_NUMPY_PARALLEL DONE. [time: 0.0015132427215576172 s, all close: True, speed-up vs reference: 340.08]
APPROACH 8: QMATMUL_ALGO_NUMBA_CUDA...
APPROACH 8: QMATMUL_ALGO_NUMBA_CUDA DONE. [time: 0.003440380096435547 s, all close: True, speed-up vs reference: 149.58]
REPETITION: 64/100:
APPROACH 1: QMATMUL_NAIVE_NUMBA_ST...
APPROACH 1: QMATMUL_NAIVE_NUMBA_ST DONE. [time: 0.5145909786224365 s, all close: True, speed-up vs reference: 1.00]
APPROACH 2: QMATMUL_NAIVE_NUMBA_PARALLEL...
APPROACH 2: QMATMUL_NAIVE_NUMBA_PARALLEL DONE. [time: 0.03861045837402344 s, all close: True, speed-up vs reference: 13.33]
APPROACH 3: QMATMUL_DIRECT_NUMPY_ST...
APPROACH 3: QMATMUL_DIRECT_NUMPY_ST DONE. [time: 0.003122568130493164 s, all close: True, speed-up vs reference: 164.81]
APPROACH 4: QMATMUL_DIRECT_NUMPY_PARALLEL...
APPROACH 4: QMATMUL_DIRECT_NUMPY_PARALLEL DONE. [time: 0.0010302066802978516 s, all close: True, speed-up vs reference: 499.54]
APPROACH 5: QMATMUL_DIRECT_NUMBA_CUDA...
APPROACH 5: QMATMUL_DIRECT_NUMBA_CUDA DONE. [time: 0.0015468597412109375 s, all close: True, speed-up vs reference: 332.69]
APPROACH 6: QMATMUL_ALGO_NUMPY_ST...
APPROACH 6: QMATMUL_ALGO_NUMPY_ST DONE. [time: 0.0038678646087646484 s, all close: True, speed-up vs reference: 133.05]
APPROACH 7: QMATMUL_ALGO_NUMPY_PARALLEL...
APPROACH 7: QMATMUL_ALGO_NUMPY_PARALLEL DONE. [time: 0.0013859272003173828 s, all close: True, speed-up vs reference: 371.32]
APPROACH 8: QMATMUL_ALGO_NUMBA_CUDA...
APPROACH 8: QMATMUL_ALGO_NUMBA_CUDA DONE. [time: 0.003505706787109375 s, all close: True, speed-up vs reference: 146.80]
REPETITION: 65/100:
APPROACH 1: QMATMUL_NAIVE_NUMBA_ST...
APPROACH 1: QMATMUL_NAIVE_NUMBA_ST DONE. [time: 0.5150864124298096 s, all close: True, speed-up vs reference: 1.00]
APPROACH 2: QMATMUL_NAIVE_NUMBA_PARALLEL...
APPROACH 2: QMATMUL_NAIVE_NUMBA_PARALLEL DONE. [time: 0.038092613220214844 s, all close: True, speed-up vs reference: 13.51]
APPROACH 3: QMATMUL_DIRECT_NUMPY_ST...
APPROACH 3: QMATMUL_DIRECT_NUMPY_ST DONE. [time: 0.003084897994995117 s, all close: True, speed-up vs reference: 166.82]
APPROACH 4: QMATMUL_DIRECT_NUMPY_PARALLEL...
APPROACH 4: QMATMUL_DIRECT_NUMPY_PARALLEL DONE. [time: 0.0010142326354980469 s, all close: True, speed-up vs reference: 507.40]
APPROACH 5: QMATMUL_DIRECT_NUMBA_CUDA...
APPROACH 5: QMATMUL_DIRECT_NUMBA_CUDA DONE. [time: 0.0015456676483154297 s, all close: True, speed-up vs reference: 332.95]
APPROACH 6: QMATMUL_ALGO_NUMPY_ST...
APPROACH 6: QMATMUL_ALGO_NUMPY_ST DONE. [time: 0.003858804702758789 s, all close: True, speed-up vs reference: 133.36]
APPROACH 7: QMATMUL_ALGO_NUMPY_PARALLEL...
APPROACH 7: QMATMUL_ALGO_NUMPY_PARALLEL DONE. [time: 0.0013861656188964844 s, all close: True, speed-up vs reference: 371.26]
APPROACH 8: QMATMUL_ALGO_NUMBA_CUDA...
APPROACH 8: QMATMUL_ALGO_NUMBA_CUDA DONE. [time: 0.0035467147827148438 s, all close: True, speed-up vs reference: 145.10]
REPETITION: 66/100:
APPROACH 1: QMATMUL_NAIVE_NUMBA_ST...
APPROACH 1: QMATMUL_NAIVE_NUMBA_ST DONE. [time: 0.5146150588989258 s, all close: True, speed-up vs reference: 1.00]
APPROACH 2: QMATMUL_NAIVE_NUMBA_PARALLEL...
APPROACH 2: QMATMUL_NAIVE_NUMBA_PARALLEL DONE. [time: 0.033614397048950195 s, all close: True, speed-up vs reference: 15.31]
APPROACH 3: QMATMUL_DIRECT_NUMPY_ST...
APPROACH 3: QMATMUL_DIRECT_NUMPY_ST DONE. [time: 0.0031223297119140625 s, all close: True, speed-up vs reference: 164.82]
APPROACH 4: QMATMUL_DIRECT_NUMPY_PARALLEL...
APPROACH 4: QMATMUL_DIRECT_NUMPY_PARALLEL DONE. [time: 0.0010266304016113281 s, all close: True, speed-up vs reference: 501.28]
APPROACH 5: QMATMUL_DIRECT_NUMBA_CUDA...
APPROACH 5: QMATMUL_DIRECT_NUMBA_CUDA DONE. [time: 0.00162506103515625 s, all close: True, speed-up vs reference: 316.68]
APPROACH 6: QMATMUL_ALGO_NUMPY_ST...
APPROACH 6: QMATMUL_ALGO_NUMPY_ST DONE. [time: 0.0038514137268066406 s, all close: True, speed-up vs reference: 133.62]
APPROACH 7: QMATMUL_ALGO_NUMPY_PARALLEL...
APPROACH 7: QMATMUL_ALGO_NUMPY_PARALLEL DONE. [time: 0.0020685195922851562 s, all close: True, speed-up vs reference: 248.79]
APPROACH 8: QMATMUL_ALGO_NUMBA_CUDA...
APPROACH 8: QMATMUL_ALGO_NUMBA_CUDA DONE. [time: 0.003261089324951172 s, all close: True, speed-up vs reference: 157.81]
REPETITION: 67/100:
APPROACH 1: QMATMUL_NAIVE_NUMBA_ST...
APPROACH 1: QMATMUL_NAIVE_NUMBA_ST DONE. [time: 0.5149545669555664 s, all close: True, speed-up vs reference: 1.00]
APPROACH 2: QMATMUL_NAIVE_NUMBA_PARALLEL...
APPROACH 2: QMATMUL_NAIVE_NUMBA_PARALLEL DONE. [time: 0.03133702278137207 s, all close: True, speed-up vs reference: 16.42]
APPROACH 3: QMATMUL_DIRECT_NUMPY_ST...
APPROACH 3: QMATMUL_DIRECT_NUMPY_ST DONE. [time: 0.0030896663665771484 s, all close: True, speed-up vs reference: 166.56]
APPROACH 4: QMATMUL_DIRECT_NUMPY_PARALLEL...
APPROACH 4: QMATMUL_DIRECT_NUMPY_PARALLEL DONE. [time: 0.0010139942169189453 s, all close: True, speed-up vs reference: 507.52]
APPROACH 5: QMATMUL_DIRECT_NUMBA_CUDA...
APPROACH 5: QMATMUL_DIRECT_NUMBA_CUDA DONE. [time: 0.001657247543334961 s, all close: True, speed-up vs reference: 310.53]
APPROACH 6: QMATMUL_ALGO_NUMPY_ST...
APPROACH 6: QMATMUL_ALGO_NUMPY_ST DONE. [time: 0.003860950469970703 s, all close: True, speed-up vs reference: 133.29]
APPROACH 7: QMATMUL_ALGO_NUMPY_PARALLEL...
APPROACH 7: QMATMUL_ALGO_NUMPY_PARALLEL DONE. [time: 0.0013768672943115234 s, all close: True, speed-up vs reference: 373.77]
APPROACH 8: QMATMUL_ALGO_NUMBA_CUDA...
APPROACH 8: QMATMUL_ALGO_NUMBA_CUDA DONE. [time: 0.0034148693084716797 s, all close: True, speed-up vs reference: 150.70]
REPETITION: 68/100:
APPROACH 1: QMATMUL_NAIVE_NUMBA_ST...
APPROACH 1: QMATMUL_NAIVE_NUMBA_ST DONE. [time: 0.5158281326293945 s, all close: True, speed-up vs reference: 1.00]
APPROACH 2: QMATMUL_NAIVE_NUMBA_PARALLEL...
APPROACH 2: QMATMUL_NAIVE_NUMBA_PARALLEL DONE. [time: 0.03897905349731445 s, all close: True, speed-up vs reference: 13.20]
APPROACH 3: QMATMUL_DIRECT_NUMPY_ST...
APPROACH 3: QMATMUL_DIRECT_NUMPY_ST DONE. [time: 0.003353118896484375 s, all close: True, speed-up vs reference: 153.48]
APPROACH 4: QMATMUL_DIRECT_NUMPY_PARALLEL...
APPROACH 4: QMATMUL_DIRECT_NUMPY_PARALLEL DONE. [time: 0.0014379024505615234 s, all close: True, speed-up vs reference: 357.90]
APPROACH 5: QMATMUL_DIRECT_NUMBA_CUDA...
APPROACH 5: QMATMUL_DIRECT_NUMBA_CUDA DONE. [time: 0.0018465518951416016 s, all close: True, speed-up vs reference: 278.70]
APPROACH 6: QMATMUL_ALGO_NUMPY_ST...
APPROACH 6: QMATMUL_ALGO_NUMPY_ST DONE. [time: 0.003935813903808594 s, all close: True, speed-up vs reference: 130.75]
APPROACH 7: QMATMUL_ALGO_NUMPY_PARALLEL...
APPROACH 7: QMATMUL_ALGO_NUMPY_PARALLEL DONE. [time: 0.0016469955444335938 s, all close: True, speed-up vs reference: 312.46]
APPROACH 8: QMATMUL_ALGO_NUMBA_CUDA...
APPROACH 8: QMATMUL_ALGO_NUMBA_CUDA DONE. [time: 0.0033113956451416016 s, all close: True, speed-up vs reference: 155.41]
REPETITION: 69/100:
APPROACH 1: QMATMUL_NAIVE_NUMBA_ST...
APPROACH 1: QMATMUL_NAIVE_NUMBA_ST DONE. [time: 0.5232763290405273 s, all close: True, speed-up vs reference: 0.98]
APPROACH 2: QMATMUL_NAIVE_NUMBA_PARALLEL...
APPROACH 2: QMATMUL_NAIVE_NUMBA_PARALLEL DONE. [time: 0.0378575325012207 s, all close: True, speed-up vs reference: 13.59]
APPROACH 3: QMATMUL_DIRECT_NUMPY_ST...
APPROACH 3: QMATMUL_DIRECT_NUMPY_ST DONE. [time: 0.0031981468200683594 s, all close: True, speed-up vs reference: 160.91]
APPROACH 4: QMATMUL_DIRECT_NUMPY_PARALLEL...
APPROACH 4: QMATMUL_DIRECT_NUMPY_PARALLEL DONE. [time: 0.001367807388305664 s, all close: True, speed-up vs reference: 376.24]
APPROACH 5: QMATMUL_DIRECT_NUMBA_CUDA...
APPROACH 5: QMATMUL_DIRECT_NUMBA_CUDA DONE. [time: 0.0018558502197265625 s, all close: True, speed-up vs reference: 277.30]
APPROACH 6: QMATMUL_ALGO_NUMPY_ST...
APPROACH 6: QMATMUL_ALGO_NUMPY_ST DONE. [time: 0.004013776779174805 s, all close: True, speed-up vs reference: 128.21]
APPROACH 7: QMATMUL_ALGO_NUMPY_PARALLEL...
APPROACH 7: QMATMUL_ALGO_NUMPY_PARALLEL DONE. [time: 0.005857944488525391 s, all close: True, speed-up vs reference: 87.85]
APPROACH 8: QMATMUL_ALGO_NUMBA_CUDA...
APPROACH 8: QMATMUL_ALGO_NUMBA_CUDA DONE. [time: 0.003459930419921875 s, all close: True, speed-up vs reference: 148.74]
REPETITION: 70/100:
APPROACH 1: QMATMUL_NAIVE_NUMBA_ST...
APPROACH 1: QMATMUL_NAIVE_NUMBA_ST DONE. [time: 0.5261983871459961 s, all close: True, speed-up vs reference: 0.98]
APPROACH 2: QMATMUL_NAIVE_NUMBA_PARALLEL...
APPROACH 2: QMATMUL_NAIVE_NUMBA_PARALLEL DONE. [time: 0.04578971862792969 s, all close: True, speed-up vs reference: 11.24]
APPROACH 3: QMATMUL_DIRECT_NUMPY_ST...
APPROACH 3: QMATMUL_DIRECT_NUMPY_ST DONE. [time: 0.0032196044921875 s, all close: True, speed-up vs reference: 159.84]
APPROACH 4: QMATMUL_DIRECT_NUMPY_PARALLEL...
APPROACH 4: QMATMUL_DIRECT_NUMPY_PARALLEL DONE. [time: 0.001688241958618164 s, all close: True, speed-up vs reference: 304.83]
APPROACH 5: QMATMUL_DIRECT_NUMBA_CUDA...
APPROACH 5: QMATMUL_DIRECT_NUMBA_CUDA DONE. [time: 0.0016963481903076172 s, all close: True, speed-up vs reference: 303.37]
APPROACH 6: QMATMUL_ALGO_NUMPY_ST...
APPROACH 6: QMATMUL_ALGO_NUMPY_ST DONE. [time: 0.003936052322387695 s, all close: True, speed-up vs reference: 130.75]
APPROACH 7: QMATMUL_ALGO_NUMPY_PARALLEL...
APPROACH 7: QMATMUL_ALGO_NUMPY_PARALLEL DONE. [time: 0.0018973350524902344 s, all close: True, speed-up vs reference: 271.24]
APPROACH 8: QMATMUL_ALGO_NUMBA_CUDA...
APPROACH 8: QMATMUL_ALGO_NUMBA_CUDA DONE. [time: 0.003065347671508789 s, all close: True, speed-up vs reference: 167.88]
REPETITION: 71/100:
APPROACH 1: QMATMUL_NAIVE_NUMBA_ST...
APPROACH 1: QMATMUL_NAIVE_NUMBA_ST DONE. [time: 0.5150115489959717 s, all close: True, speed-up vs reference: 1.00]
APPROACH 2: QMATMUL_NAIVE_NUMBA_PARALLEL...
APPROACH 2: QMATMUL_NAIVE_NUMBA_PARALLEL DONE. [time: 0.043082237243652344 s, all close: True, speed-up vs reference: 11.95]
APPROACH 3: QMATMUL_DIRECT_NUMPY_ST...
APPROACH 3: QMATMUL_DIRECT_NUMPY_ST DONE. [time: 0.0031223297119140625 s, all close: True, speed-up vs reference: 164.82]
APPROACH 4: QMATMUL_DIRECT_NUMPY_PARALLEL...
APPROACH 4: QMATMUL_DIRECT_NUMPY_PARALLEL DONE. [time: 0.0010292530059814453 s, all close: True, speed-up vs reference: 500.00]
APPROACH 5: QMATMUL_DIRECT_NUMBA_CUDA...
APPROACH 5: QMATMUL_DIRECT_NUMBA_CUDA DONE. [time: 0.0017590522766113281 s, all close: True, speed-up vs reference: 292.56]
APPROACH 6: QMATMUL_ALGO_NUMPY_ST...
APPROACH 6: QMATMUL_ALGO_NUMPY_ST DONE. [time: 0.0038568973541259766 s, all close: True, speed-up vs reference: 133.43]
APPROACH 7: QMATMUL_ALGO_NUMPY_PARALLEL...
APPROACH 7: QMATMUL_ALGO_NUMPY_PARALLEL DONE. [time: 0.0013735294342041016 s, all close: True, speed-up vs reference: 374.67]
APPROACH 8: QMATMUL_ALGO_NUMBA_CUDA...
APPROACH 8: QMATMUL_ALGO_NUMBA_CUDA DONE. [time: 0.003042459487915039 s, all close: True, speed-up vs reference: 169.15]
REPETITION: 72/100:
APPROACH 1: QMATMUL_NAIVE_NUMBA_ST...
APPROACH 1: QMATMUL_NAIVE_NUMBA_ST DONE. [time: 0.5177123546600342 s, all close: True, speed-up vs reference: 0.99]
APPROACH 2: QMATMUL_NAIVE_NUMBA_PARALLEL...
APPROACH 2: QMATMUL_NAIVE_NUMBA_PARALLEL DONE. [time: 0.03174400329589844 s, all close: True, speed-up vs reference: 16.21]
APPROACH 3: QMATMUL_DIRECT_NUMPY_ST...
APPROACH 3: QMATMUL_DIRECT_NUMPY_ST DONE. [time: 0.003106355667114258 s, all close: True, speed-up vs reference: 165.67]
APPROACH 4: QMATMUL_DIRECT_NUMPY_PARALLEL...
APPROACH 4: QMATMUL_DIRECT_NUMPY_PARALLEL DONE. [time: 0.0010166168212890625 s, all close: True, speed-up vs reference: 506.21]
APPROACH 5: QMATMUL_DIRECT_NUMBA_CUDA...
APPROACH 5: QMATMUL_DIRECT_NUMBA_CUDA DONE. [time: 0.001842498779296875 s, all close: True, speed-up vs reference: 279.31]
APPROACH 6: QMATMUL_ALGO_NUMPY_ST...
APPROACH 6: QMATMUL_ALGO_NUMPY_ST DONE. [time: 0.0038809776306152344 s, all close: True, speed-up vs reference: 132.60]
APPROACH 7: QMATMUL_ALGO_NUMPY_PARALLEL...
APPROACH 7: QMATMUL_ALGO_NUMPY_PARALLEL DONE. [time: 0.0014281272888183594 s, all close: True, speed-up vs reference: 360.35]
APPROACH 8: QMATMUL_ALGO_NUMBA_CUDA...
APPROACH 8: QMATMUL_ALGO_NUMBA_CUDA DONE. [time: 0.003255128860473633 s, all close: True, speed-up vs reference: 158.10]
REPETITION: 73/100:
APPROACH 1: QMATMUL_NAIVE_NUMBA_ST...
APPROACH 1: QMATMUL_NAIVE_NUMBA_ST DONE. [time: 0.5153748989105225 s, all close: True, speed-up vs reference: 1.00]
APPROACH 2: QMATMUL_NAIVE_NUMBA_PARALLEL...
APPROACH 2: QMATMUL_NAIVE_NUMBA_PARALLEL DONE. [time: 0.033379316329956055 s, all close: True, speed-up vs reference: 15.42]
APPROACH 3: QMATMUL_DIRECT_NUMPY_ST...
APPROACH 3: QMATMUL_DIRECT_NUMPY_ST DONE. [time: 0.003096342086791992 s, all close: True, speed-up vs reference: 166.20]
APPROACH 4: QMATMUL_DIRECT_NUMPY_PARALLEL...
APPROACH 4: QMATMUL_DIRECT_NUMPY_PARALLEL DONE. [time: 0.0010120868682861328 s, all close: True, speed-up vs reference: 508.48]
APPROACH 5: QMATMUL_DIRECT_NUMBA_CUDA...
APPROACH 5: QMATMUL_DIRECT_NUMBA_CUDA DONE. [time: 0.0014064311981201172 s, all close: True, speed-up vs reference: 365.91]
APPROACH 6: QMATMUL_ALGO_NUMPY_ST...
APPROACH 6: QMATMUL_ALGO_NUMPY_ST DONE. [time: 0.0038836002349853516 s, all close: True, speed-up vs reference: 132.51]
APPROACH 7: QMATMUL_ALGO_NUMPY_PARALLEL...
APPROACH 7: QMATMUL_ALGO_NUMPY_PARALLEL DONE. [time: 0.0013928413391113281 s, all close: True, speed-up vs reference: 369.48]
APPROACH 8: QMATMUL_ALGO_NUMBA_CUDA...
APPROACH 8: QMATMUL_ALGO_NUMBA_CUDA DONE. [time: 0.0036301612854003906 s, all close: True, speed-up vs reference: 141.76]
REPETITION: 74/100:
APPROACH 1: QMATMUL_NAIVE_NUMBA_ST...
APPROACH 1: QMATMUL_NAIVE_NUMBA_ST DONE. [time: 0.5174639225006104 s, all close: True, speed-up vs reference: 0.99]
APPROACH 2: QMATMUL_NAIVE_NUMBA_PARALLEL...
APPROACH 2: QMATMUL_NAIVE_NUMBA_PARALLEL DONE. [time: 0.04301738739013672 s, all close: True, speed-up vs reference: 11.96]
APPROACH 3: QMATMUL_DIRECT_NUMPY_ST...
APPROACH 3: QMATMUL_DIRECT_NUMPY_ST DONE. [time: 0.003149747848510742 s, all close: True, speed-up vs reference: 163.39]
APPROACH 4: QMATMUL_DIRECT_NUMPY_PARALLEL...
APPROACH 4: QMATMUL_DIRECT_NUMPY_PARALLEL DONE. [time: 0.0012323856353759766 s, all close: True, speed-up vs reference: 417.58]
APPROACH 5: QMATMUL_DIRECT_NUMBA_CUDA...
APPROACH 5: QMATMUL_DIRECT_NUMBA_CUDA DONE. [time: 0.001508474349975586 s, all close: True, speed-up vs reference: 341.16]
APPROACH 6: QMATMUL_ALGO_NUMPY_ST...
APPROACH 6: QMATMUL_ALGO_NUMPY_ST DONE. [time: 0.0038843154907226562 s, all close: True, speed-up vs reference: 132.49]
APPROACH 7: QMATMUL_ALGO_NUMPY_PARALLEL...
APPROACH 7: QMATMUL_ALGO_NUMPY_PARALLEL DONE. [time: 0.0015063285827636719 s, all close: True, speed-up vs reference: 341.64]
APPROACH 8: QMATMUL_ALGO_NUMBA_CUDA...
APPROACH 8: QMATMUL_ALGO_NUMBA_CUDA DONE. [time: 0.0035517215728759766 s, all close: True, speed-up vs reference: 144.89]
REPETITION: 75/100:
APPROACH 1: QMATMUL_NAIVE_NUMBA_ST...
APPROACH 1: QMATMUL_NAIVE_NUMBA_ST DONE. [time: 0.5239536762237549 s, all close: True, speed-up vs reference: 0.98]
APPROACH 2: QMATMUL_NAIVE_NUMBA_PARALLEL...
APPROACH 2: QMATMUL_NAIVE_NUMBA_PARALLEL DONE. [time: 0.04466104507446289 s, all close: True, speed-up vs reference: 11.52]
APPROACH 3: QMATMUL_DIRECT_NUMPY_ST...
APPROACH 3: QMATMUL_DIRECT_NUMPY_ST DONE. [time: 0.003152608871459961 s, all close: True, speed-up vs reference: 163.24]
APPROACH 4: QMATMUL_DIRECT_NUMPY_PARALLEL...
APPROACH 4: QMATMUL_DIRECT_NUMPY_PARALLEL DONE. [time: 0.0013091564178466797 s, all close: True, speed-up vs reference: 393.10]
APPROACH 5: QMATMUL_DIRECT_NUMBA_CUDA...
APPROACH 5: QMATMUL_DIRECT_NUMBA_CUDA DONE. [time: 0.0015897750854492188 s, all close: True, speed-up vs reference: 323.71]
APPROACH 6: QMATMUL_ALGO_NUMPY_ST...
APPROACH 6: QMATMUL_ALGO_NUMPY_ST DONE. [time: 0.0038857460021972656 s, all close: True, speed-up vs reference: 132.44]
APPROACH 7: QMATMUL_ALGO_NUMPY_PARALLEL...
APPROACH 7: QMATMUL_ALGO_NUMPY_PARALLEL DONE. [time: 0.0016715526580810547 s, all close: True, speed-up vs reference: 307.87]
APPROACH 8: QMATMUL_ALGO_NUMBA_CUDA...
APPROACH 8: QMATMUL_ALGO_NUMBA_CUDA DONE. [time: 0.003559112548828125 s, all close: True, speed-up vs reference: 144.59]
REPETITION: 76/100:
APPROACH 1: QMATMUL_NAIVE_NUMBA_ST...
APPROACH 1: QMATMUL_NAIVE_NUMBA_ST DONE. [time: 0.5179164409637451 s, all close: True, speed-up vs reference: 0.99]
APPROACH 2: QMATMUL_NAIVE_NUMBA_PARALLEL...
APPROACH 2: QMATMUL_NAIVE_NUMBA_PARALLEL DONE. [time: 0.03843045234680176 s, all close: True, speed-up vs reference: 13.39]
APPROACH 3: QMATMUL_DIRECT_NUMPY_ST...
APPROACH 3: QMATMUL_DIRECT_NUMPY_ST DONE. [time: 0.0031423568725585938 s, all close: True, speed-up vs reference: 163.77]
APPROACH 4: QMATMUL_DIRECT_NUMPY_PARALLEL...
APPROACH 4: QMATMUL_DIRECT_NUMPY_PARALLEL DONE. [time: 0.0010254383087158203 s, all close: True, speed-up vs reference: 501.86]
APPROACH 5: QMATMUL_DIRECT_NUMBA_CUDA...
APPROACH 5: QMATMUL_DIRECT_NUMBA_CUDA DONE. [time: 0.0015707015991210938 s, all close: True, speed-up vs reference: 327.64]
APPROACH 6: QMATMUL_ALGO_NUMPY_ST...
APPROACH 6: QMATMUL_ALGO_NUMPY_ST DONE. [time: 0.003873586654663086 s, all close: True, speed-up vs reference: 132.86]
APPROACH 7: QMATMUL_ALGO_NUMPY_PARALLEL...
APPROACH 7: QMATMUL_ALGO_NUMPY_PARALLEL DONE. [time: 0.0014452934265136719 s, all close: True, speed-up vs reference: 356.07]
APPROACH 8: QMATMUL_ALGO_NUMBA_CUDA...
APPROACH 8: QMATMUL_ALGO_NUMBA_CUDA DONE. [time: 0.003634929656982422 s, all close: True, speed-up vs reference: 141.58]
REPETITION: 77/100:
APPROACH 1: QMATMUL_NAIVE_NUMBA_ST...
APPROACH 1: QMATMUL_NAIVE_NUMBA_ST DONE. [time: 0.5218772888183594 s, all close: True, speed-up vs reference: 0.99]
APPROACH 2: QMATMUL_NAIVE_NUMBA_PARALLEL...
APPROACH 2: QMATMUL_NAIVE_NUMBA_PARALLEL DONE. [time: 0.03380751609802246 s, all close: True, speed-up vs reference: 15.22]
APPROACH 3: QMATMUL_DIRECT_NUMPY_ST...
APPROACH 3: QMATMUL_DIRECT_NUMPY_ST DONE. [time: 0.003127574920654297 s, all close: True, speed-up vs reference: 164.54]
APPROACH 4: QMATMUL_DIRECT_NUMPY_PARALLEL...
APPROACH 4: QMATMUL_DIRECT_NUMPY_PARALLEL DONE. [time: 0.0016281604766845703 s, all close: True, speed-up vs reference: 316.08]
APPROACH 5: QMATMUL_DIRECT_NUMBA_CUDA...
APPROACH 5: QMATMUL_DIRECT_NUMBA_CUDA DONE. [time: 0.0016453266143798828 s, all close: True, speed-up vs reference: 312.78]
APPROACH 6: QMATMUL_ALGO_NUMPY_ST...
APPROACH 6: QMATMUL_ALGO_NUMPY_ST DONE. [time: 0.0039021968841552734 s, all close: True, speed-up vs reference: 131.88]
APPROACH 7: QMATMUL_ALGO_NUMPY_PARALLEL...
APPROACH 7: QMATMUL_ALGO_NUMPY_PARALLEL DONE. [time: 0.0013840198516845703 s, all close: True, speed-up vs reference: 371.83]
APPROACH 8: QMATMUL_ALGO_NUMBA_CUDA...
APPROACH 8: QMATMUL_ALGO_NUMBA_CUDA DONE. [time: 0.003267526626586914 s, all close: True, speed-up vs reference: 157.50]
REPETITION: 78/100:
APPROACH 1: QMATMUL_NAIVE_NUMBA_ST...
APPROACH 1: QMATMUL_NAIVE_NUMBA_ST DONE. [time: 0.5206742286682129 s, all close: True, speed-up vs reference: 0.99]
APPROACH 2: QMATMUL_NAIVE_NUMBA_PARALLEL...
APPROACH 2: QMATMUL_NAIVE_NUMBA_PARALLEL DONE. [time: 0.03642463684082031 s, all close: True, speed-up vs reference: 14.13]
APPROACH 3: QMATMUL_DIRECT_NUMPY_ST...
APPROACH 3: QMATMUL_DIRECT_NUMPY_ST DONE. [time: 0.0031278133392333984 s, all close: True, speed-up vs reference: 164.53]
APPROACH 4: QMATMUL_DIRECT_NUMPY_PARALLEL...
APPROACH 4: QMATMUL_DIRECT_NUMPY_PARALLEL DONE. [time: 0.0010077953338623047 s, all close: True, speed-up vs reference: 510.64]
APPROACH 5: QMATMUL_DIRECT_NUMBA_CUDA...
APPROACH 5: QMATMUL_DIRECT_NUMBA_CUDA DONE. [time: 0.0016777515411376953 s, all close: True, speed-up vs reference: 306.74]
APPROACH 6: QMATMUL_ALGO_NUMPY_ST...
APPROACH 6: QMATMUL_ALGO_NUMPY_ST DONE. [time: 0.0038559436798095703 s, all close: True, speed-up vs reference: 133.46]
APPROACH 7: QMATMUL_ALGO_NUMPY_PARALLEL...
APPROACH 7: QMATMUL_ALGO_NUMPY_PARALLEL DONE. [time: 0.001390218734741211 s, all close: True, speed-up vs reference: 370.18]
APPROACH 8: QMATMUL_ALGO_NUMBA_CUDA...
APPROACH 8: QMATMUL_ALGO_NUMBA_CUDA DONE. [time: 0.003242015838623047 s, all close: True, speed-up vs reference: 158.74]
REPETITION: 79/100:
APPROACH 1: QMATMUL_NAIVE_NUMBA_ST...
APPROACH 1: QMATMUL_NAIVE_NUMBA_ST DONE. [time: 0.5219228267669678 s, all close: True, speed-up vs reference: 0.99]
APPROACH 2: QMATMUL_NAIVE_NUMBA_PARALLEL...
APPROACH 2: QMATMUL_NAIVE_NUMBA_PARALLEL DONE. [time: 0.03381752967834473 s, all close: True, speed-up vs reference: 15.22]
APPROACH 3: QMATMUL_DIRECT_NUMPY_ST...
APPROACH 3: QMATMUL_DIRECT_NUMPY_ST DONE. [time: 0.0031244754791259766 s, all close: True, speed-up vs reference: 164.71]
APPROACH 4: QMATMUL_DIRECT_NUMPY_PARALLEL...
APPROACH 4: QMATMUL_DIRECT_NUMPY_PARALLEL DONE. [time: 0.0010256767272949219 s, all close: True, speed-up vs reference: 501.74]
APPROACH 5: QMATMUL_DIRECT_NUMBA_CUDA...
APPROACH 5: QMATMUL_DIRECT_NUMBA_CUDA DONE. [time: 0.00179290771484375 s, all close: True, speed-up vs reference: 287.03]
APPROACH 6: QMATMUL_ALGO_NUMPY_ST...
APPROACH 6: QMATMUL_ALGO_NUMPY_ST DONE. [time: 0.003915071487426758 s, all close: True, speed-up vs reference: 131.45]
APPROACH 7: QMATMUL_ALGO_NUMPY_PARALLEL...
APPROACH 7: QMATMUL_ALGO_NUMPY_PARALLEL DONE. [time: 0.007463932037353516 s, all close: True, speed-up vs reference: 68.95]
APPROACH 8: QMATMUL_ALGO_NUMBA_CUDA...
APPROACH 8: QMATMUL_ALGO_NUMBA_CUDA DONE. [time: 0.0035753250122070312 s, all close: True, speed-up vs reference: 143.94]
REPETITION: 80/100:
APPROACH 1: QMATMUL_NAIVE_NUMBA_ST...
APPROACH 1: QMATMUL_NAIVE_NUMBA_ST DONE. [time: 0.5218663215637207 s, all close: True, speed-up vs reference: 0.99]
APPROACH 2: QMATMUL_NAIVE_NUMBA_PARALLEL...
APPROACH 2: QMATMUL_NAIVE_NUMBA_PARALLEL DONE. [time: 0.03820395469665527 s, all close: True, speed-up vs reference: 13.47]
APPROACH 3: QMATMUL_DIRECT_NUMPY_ST...
APPROACH 3: QMATMUL_DIRECT_NUMPY_ST DONE. [time: 0.0032989978790283203 s, all close: True, speed-up vs reference: 155.99]
APPROACH 4: QMATMUL_DIRECT_NUMPY_PARALLEL...
APPROACH 4: QMATMUL_DIRECT_NUMPY_PARALLEL DONE. [time: 0.0012538433074951172 s, all close: True, speed-up vs reference: 410.44]
APPROACH 5: QMATMUL_DIRECT_NUMBA_CUDA...
APPROACH 5: QMATMUL_DIRECT_NUMBA_CUDA DONE. [time: 0.0016965866088867188 s, all close: True, speed-up vs reference: 303.33]
APPROACH 6: QMATMUL_ALGO_NUMPY_ST...
APPROACH 6: QMATMUL_ALGO_NUMPY_ST DONE. [time: 0.0039348602294921875 s, all close: True, speed-up vs reference: 130.79]
APPROACH 7: QMATMUL_ALGO_NUMPY_PARALLEL...
APPROACH 7: QMATMUL_ALGO_NUMPY_PARALLEL DONE. [time: 0.0015523433685302734 s, all close: True, speed-up vs reference: 331.52]
APPROACH 8: QMATMUL_ALGO_NUMBA_CUDA...
APPROACH 8: QMATMUL_ALGO_NUMBA_CUDA DONE. [time: 0.0034499168395996094 s, all close: True, speed-up vs reference: 149.17]
REPETITION: 81/100:
APPROACH 1: QMATMUL_NAIVE_NUMBA_ST...
APPROACH 1: QMATMUL_NAIVE_NUMBA_ST DONE. [time: 0.5201156139373779 s, all close: True, speed-up vs reference: 0.99]
APPROACH 2: QMATMUL_NAIVE_NUMBA_PARALLEL...
APPROACH 2: QMATMUL_NAIVE_NUMBA_PARALLEL DONE. [time: 0.03360128402709961 s, all close: True, speed-up vs reference: 15.32]
APPROACH 3: QMATMUL_DIRECT_NUMPY_ST...
APPROACH 3: QMATMUL_DIRECT_NUMPY_ST DONE. [time: 0.0031998157501220703 s, all close: True, speed-up vs reference: 160.83]
APPROACH 4: QMATMUL_DIRECT_NUMPY_PARALLEL...
APPROACH 4: QMATMUL_DIRECT_NUMPY_PARALLEL DONE. [time: 0.0010325908660888672 s, all close: True, speed-up vs reference: 498.38]
APPROACH 5: QMATMUL_DIRECT_NUMBA_CUDA...
APPROACH 5: QMATMUL_DIRECT_NUMBA_CUDA DONE. [time: 0.0016815662384033203 s, all close: True, speed-up vs reference: 306.04]
APPROACH 6: QMATMUL_ALGO_NUMPY_ST...
APPROACH 6: QMATMUL_ALGO_NUMPY_ST DONE. [time: 0.003898143768310547 s, all close: True, speed-up vs reference: 132.02]
APPROACH 7: QMATMUL_ALGO_NUMPY_PARALLEL...
APPROACH 7: QMATMUL_ALGO_NUMPY_PARALLEL DONE. [time: 0.0014340877532958984 s, all close: True, speed-up vs reference: 358.85]
APPROACH 8: QMATMUL_ALGO_NUMBA_CUDA...
APPROACH 8: QMATMUL_ALGO_NUMBA_CUDA DONE. [time: 0.002974271774291992 s, all close: True, speed-up vs reference: 173.03]
REPETITION: 82/100:
APPROACH 1: QMATMUL_NAIVE_NUMBA_ST...
APPROACH 1: QMATMUL_NAIVE_NUMBA_ST DONE. [time: 0.5172092914581299 s, all close: True, speed-up vs reference: 1.00]
APPROACH 2: QMATMUL_NAIVE_NUMBA_PARALLEL...
APPROACH 2: QMATMUL_NAIVE_NUMBA_PARALLEL DONE. [time: 0.03821611404418945 s, all close: True, speed-up vs reference: 13.47]
APPROACH 3: QMATMUL_DIRECT_NUMPY_ST...
APPROACH 3: QMATMUL_DIRECT_NUMPY_ST DONE. [time: 0.0032472610473632812 s, all close: True, speed-up vs reference: 158.48]
APPROACH 4: QMATMUL_DIRECT_NUMPY_PARALLEL...
APPROACH 4: QMATMUL_DIRECT_NUMPY_PARALLEL DONE. [time: 0.0015082359313964844 s, all close: True, speed-up vs reference: 341.21]
APPROACH 5: QMATMUL_DIRECT_NUMBA_CUDA...
APPROACH 5: QMATMUL_DIRECT_NUMBA_CUDA DONE. [time: 0.0019664764404296875 s, all close: True, speed-up vs reference: 261.70]
APPROACH 6: QMATMUL_ALGO_NUMPY_ST...
APPROACH 6: QMATMUL_ALGO_NUMPY_ST DONE. [time: 0.004248142242431641 s, all close: True, speed-up vs reference: 121.14]
APPROACH 7: QMATMUL_ALGO_NUMPY_PARALLEL...
APPROACH 7: QMATMUL_ALGO_NUMPY_PARALLEL DONE. [time: 0.001573801040649414 s, all close: True, speed-up vs reference: 327.00]
APPROACH 8: QMATMUL_ALGO_NUMBA_CUDA...
APPROACH 8: QMATMUL_ALGO_NUMBA_CUDA DONE. [time: 0.0032091140747070312 s, all close: True, speed-up vs reference: 160.36]
REPETITION: 83/100:
APPROACH 1: QMATMUL_NAIVE_NUMBA_ST...
APPROACH 1: QMATMUL_NAIVE_NUMBA_ST DONE. [time: 0.5213184356689453 s, all close: True, speed-up vs reference: 0.99]
APPROACH 2: QMATMUL_NAIVE_NUMBA_PARALLEL...
APPROACH 2: QMATMUL_NAIVE_NUMBA_PARALLEL DONE. [time: 0.04564404487609863 s, all close: True, speed-up vs reference: 11.27]
APPROACH 3: QMATMUL_DIRECT_NUMPY_ST...
APPROACH 3: QMATMUL_DIRECT_NUMPY_ST DONE. [time: 0.0032110214233398438 s, all close: True, speed-up vs reference: 160.27]
APPROACH 4: QMATMUL_DIRECT_NUMPY_PARALLEL...
APPROACH 4: QMATMUL_DIRECT_NUMPY_PARALLEL DONE. [time: 0.0012340545654296875 s, all close: True, speed-up vs reference: 417.02]
APPROACH 5: QMATMUL_DIRECT_NUMBA_CUDA...
APPROACH 5: QMATMUL_DIRECT_NUMBA_CUDA DONE. [time: 0.001890420913696289 s, all close: True, speed-up vs reference: 272.23]
APPROACH 6: QMATMUL_ALGO_NUMPY_ST...
APPROACH 6: QMATMUL_ALGO_NUMPY_ST DONE. [time: 0.004120349884033203 s, all close: True, speed-up vs reference: 124.90]
APPROACH 7: QMATMUL_ALGO_NUMPY_PARALLEL...
APPROACH 7: QMATMUL_ALGO_NUMPY_PARALLEL DONE. [time: 0.0016665458679199219 s, all close: True, speed-up vs reference: 308.80]
APPROACH 8: QMATMUL_ALGO_NUMBA_CUDA...
APPROACH 8: QMATMUL_ALGO_NUMBA_CUDA DONE. [time: 0.003242969512939453 s, all close: True, speed-up vs reference: 158.69]
REPETITION: 84/100:
APPROACH 1: QMATMUL_NAIVE_NUMBA_ST...
APPROACH 1: QMATMUL_NAIVE_NUMBA_ST DONE. [time: 0.522538423538208 s, all close: True, speed-up vs reference: 0.98]
APPROACH 2: QMATMUL_NAIVE_NUMBA_PARALLEL...
APPROACH 2: QMATMUL_NAIVE_NUMBA_PARALLEL DONE. [time: 0.033509016036987305 s, all close: True, speed-up vs reference: 15.36]
APPROACH 3: QMATMUL_DIRECT_NUMPY_ST...
APPROACH 3: QMATMUL_DIRECT_NUMPY_ST DONE. [time: 0.0031037330627441406 s, all close: True, speed-up vs reference: 165.81]
APPROACH 4: QMATMUL_DIRECT_NUMPY_PARALLEL...
APPROACH 4: QMATMUL_DIRECT_NUMPY_PARALLEL DONE. [time: 0.001047372817993164 s, all close: True, speed-up vs reference: 491.35]
APPROACH 5: QMATMUL_DIRECT_NUMBA_CUDA...
APPROACH 5: QMATMUL_DIRECT_NUMBA_CUDA DONE. [time: 0.0014147758483886719 s, all close: True, speed-up vs reference: 363.75]
APPROACH 6: QMATMUL_ALGO_NUMPY_ST...
APPROACH 6: QMATMUL_ALGO_NUMPY_ST DONE. [time: 0.0038869380950927734 s, all close: True, speed-up vs reference: 132.40]
APPROACH 7: QMATMUL_ALGO_NUMPY_PARALLEL...
APPROACH 7: QMATMUL_ALGO_NUMPY_PARALLEL DONE. [time: 0.0015230178833007812 s, all close: True, speed-up vs reference: 337.90]
APPROACH 8: QMATMUL_ALGO_NUMBA_CUDA...
APPROACH 8: QMATMUL_ALGO_NUMBA_CUDA DONE. [time: 0.0034415721893310547 s, all close: True, speed-up vs reference: 149.53]
REPETITION: 85/100:
APPROACH 1: QMATMUL_NAIVE_NUMBA_ST...
APPROACH 1: QMATMUL_NAIVE_NUMBA_ST DONE. [time: 0.5242352485656738 s, all close: True, speed-up vs reference: 0.98]
APPROACH 2: QMATMUL_NAIVE_NUMBA_PARALLEL...
APPROACH 2: QMATMUL_NAIVE_NUMBA_PARALLEL DONE. [time: 0.03185582160949707 s, all close: True, speed-up vs reference: 16.15]
APPROACH 3: QMATMUL_DIRECT_NUMPY_ST...
APPROACH 3: QMATMUL_DIRECT_NUMPY_ST DONE. [time: 0.003198862075805664 s, all close: True, speed-up vs reference: 160.88]
APPROACH 4: QMATMUL_DIRECT_NUMPY_PARALLEL...
APPROACH 4: QMATMUL_DIRECT_NUMPY_PARALLEL DONE. [time: 0.0010874271392822266 s, all close: True, speed-up vs reference: 473.25]
APPROACH 5: QMATMUL_DIRECT_NUMBA_CUDA...
APPROACH 5: QMATMUL_DIRECT_NUMBA_CUDA DONE. [time: 0.0015137195587158203 s, all close: True, speed-up vs reference: 339.97]
APPROACH 6: QMATMUL_ALGO_NUMPY_ST...
APPROACH 6: QMATMUL_ALGO_NUMPY_ST DONE. [time: 0.003925323486328125 s, all close: True, speed-up vs reference: 131.10]
APPROACH 7: QMATMUL_ALGO_NUMPY_PARALLEL...
APPROACH 7: QMATMUL_ALGO_NUMPY_PARALLEL DONE. [time: 0.001417398452758789 s, all close: True, speed-up vs reference: 363.08]
APPROACH 8: QMATMUL_ALGO_NUMBA_CUDA...
APPROACH 8: QMATMUL_ALGO_NUMBA_CUDA DONE. [time: 0.0036711692810058594 s, all close: True, speed-up vs reference: 140.18]
REPETITION: 86/100:
APPROACH 1: QMATMUL_NAIVE_NUMBA_ST...
APPROACH 1: QMATMUL_NAIVE_NUMBA_ST DONE. [time: 0.5196890830993652 s, all close: True, speed-up vs reference: 0.99]
APPROACH 2: QMATMUL_NAIVE_NUMBA_PARALLEL...
APPROACH 2: QMATMUL_NAIVE_NUMBA_PARALLEL DONE. [time: 0.03137707710266113 s, all close: True, speed-up vs reference: 16.40]
APPROACH 3: QMATMUL_DIRECT_NUMPY_ST...
APPROACH 3: QMATMUL_DIRECT_NUMPY_ST DONE. [time: 0.003145933151245117 s, all close: True, speed-up vs reference: 163.58]
APPROACH 4: QMATMUL_DIRECT_NUMPY_PARALLEL...
APPROACH 4: QMATMUL_DIRECT_NUMPY_PARALLEL DONE. [time: 0.001298666000366211 s, all close: True, speed-up vs reference: 396.27]
APPROACH 5: QMATMUL_DIRECT_NUMBA_CUDA...
APPROACH 5: QMATMUL_DIRECT_NUMBA_CUDA DONE. [time: 0.0017070770263671875 s, all close: True, speed-up vs reference: 301.47]
APPROACH 6: QMATMUL_ALGO_NUMPY_ST...
APPROACH 6: QMATMUL_ALGO_NUMPY_ST DONE. [time: 0.0038771629333496094 s, all close: True, speed-up vs reference: 132.73]
APPROACH 7: QMATMUL_ALGO_NUMPY_PARALLEL...
APPROACH 7: QMATMUL_ALGO_NUMPY_PARALLEL DONE. [time: 0.001665353775024414 s, all close: True, speed-up vs reference: 309.02]
APPROACH 8: QMATMUL_ALGO_NUMBA_CUDA...
APPROACH 8: QMATMUL_ALGO_NUMBA_CUDA DONE. [time: 0.0035991668701171875 s, all close: True, speed-up vs reference: 142.98]
REPETITION: 87/100:
APPROACH 1: QMATMUL_NAIVE_NUMBA_ST...
APPROACH 1: QMATMUL_NAIVE_NUMBA_ST DONE. [time: 0.5145628452301025 s, all close: True, speed-up vs reference: 1.00]
APPROACH 2: QMATMUL_NAIVE_NUMBA_PARALLEL...
APPROACH 2: QMATMUL_NAIVE_NUMBA_PARALLEL DONE. [time: 0.04327654838562012 s, all close: True, speed-up vs reference: 11.89]
APPROACH 3: QMATMUL_DIRECT_NUMPY_ST...
APPROACH 3: QMATMUL_DIRECT_NUMPY_ST DONE. [time: 0.0033109188079833984 s, all close: True, speed-up vs reference: 155.43]
APPROACH 4: QMATMUL_DIRECT_NUMPY_PARALLEL...
APPROACH 4: QMATMUL_DIRECT_NUMPY_PARALLEL DONE. [time: 0.0010094642639160156 s, all close: True, speed-up vs reference: 509.80]
APPROACH 5: QMATMUL_DIRECT_NUMBA_CUDA...
APPROACH 5: QMATMUL_DIRECT_NUMBA_CUDA DONE. [time: 0.001584768295288086 s, all close: True, speed-up vs reference: 324.73]
APPROACH 6: QMATMUL_ALGO_NUMPY_ST...
APPROACH 6: QMATMUL_ALGO_NUMPY_ST DONE. [time: 0.0039014816284179688 s, all close: True, speed-up vs reference: 131.91]
APPROACH 7: QMATMUL_ALGO_NUMPY_PARALLEL...
APPROACH 7: QMATMUL_ALGO_NUMPY_PARALLEL DONE. [time: 0.001722574234008789 s, all close: True, speed-up vs reference: 298.75]
APPROACH 8: QMATMUL_ALGO_NUMBA_CUDA...
APPROACH 8: QMATMUL_ALGO_NUMBA_CUDA DONE. [time: 0.003637552261352539 s, all close: True, speed-up vs reference: 141.48]
REPETITION: 88/100:
APPROACH 1: QMATMUL_NAIVE_NUMBA_ST...
APPROACH 1: QMATMUL_NAIVE_NUMBA_ST DONE. [time: 0.520277738571167 s, all close: True, speed-up vs reference: 0.99]
APPROACH 2: QMATMUL_NAIVE_NUMBA_PARALLEL...
APPROACH 2: QMATMUL_NAIVE_NUMBA_PARALLEL DONE. [time: 0.04716634750366211 s, all close: True, speed-up vs reference: 10.91]
APPROACH 3: QMATMUL_DIRECT_NUMPY_ST...
APPROACH 3: QMATMUL_DIRECT_NUMPY_ST DONE. [time: 0.003286600112915039 s, all close: True, speed-up vs reference: 156.58]
APPROACH 4: QMATMUL_DIRECT_NUMPY_PARALLEL...
APPROACH 4: QMATMUL_DIRECT_NUMPY_PARALLEL DONE. [time: 0.0013301372528076172 s, all close: True, speed-up vs reference: 386.90]
APPROACH 5: QMATMUL_DIRECT_NUMBA_CUDA...
APPROACH 5: QMATMUL_DIRECT_NUMBA_CUDA DONE. [time: 0.0016782283782958984 s, all close: True, speed-up vs reference: 306.65]
APPROACH 6: QMATMUL_ALGO_NUMPY_ST...
APPROACH 6: QMATMUL_ALGO_NUMPY_ST DONE. [time: 0.003916740417480469 s, all close: True, speed-up vs reference: 131.39]
APPROACH 7: QMATMUL_ALGO_NUMPY_PARALLEL...
APPROACH 7: QMATMUL_ALGO_NUMPY_PARALLEL DONE. [time: 0.0016911029815673828 s, all close: True, speed-up vs reference: 304.31]
APPROACH 8: QMATMUL_ALGO_NUMBA_CUDA...
APPROACH 8: QMATMUL_ALGO_NUMBA_CUDA DONE. [time: 0.0033109188079833984 s, all close: True, speed-up vs reference: 155.43]
REPETITION: 89/100:
APPROACH 1: QMATMUL_NAIVE_NUMBA_ST...
APPROACH 1: QMATMUL_NAIVE_NUMBA_ST DONE. [time: 0.5212862491607666 s, all close: True, speed-up vs reference: 0.99]
APPROACH 2: QMATMUL_NAIVE_NUMBA_PARALLEL...
APPROACH 2: QMATMUL_NAIVE_NUMBA_PARALLEL DONE. [time: 0.03882241249084473 s, all close: True, speed-up vs reference: 13.26]
APPROACH 3: QMATMUL_DIRECT_NUMPY_ST...
APPROACH 3: QMATMUL_DIRECT_NUMPY_ST DONE. [time: 0.0032243728637695312 s, all close: True, speed-up vs reference: 159.60]
APPROACH 4: QMATMUL_DIRECT_NUMPY_PARALLEL...
APPROACH 4: QMATMUL_DIRECT_NUMPY_PARALLEL DONE. [time: 0.0012371540069580078 s, all close: True, speed-up vs reference: 415.98]
APPROACH 5: QMATMUL_DIRECT_NUMBA_CUDA...
APPROACH 5: QMATMUL_DIRECT_NUMBA_CUDA DONE. [time: 0.00170135498046875 s, all close: True, speed-up vs reference: 302.48]
APPROACH 6: QMATMUL_ALGO_NUMPY_ST...
APPROACH 6: QMATMUL_ALGO_NUMPY_ST DONE. [time: 0.0038869380950927734 s, all close: True, speed-up vs reference: 132.40]
APPROACH 7: QMATMUL_ALGO_NUMPY_PARALLEL...
APPROACH 7: QMATMUL_ALGO_NUMPY_PARALLEL DONE. [time: 0.0015118122100830078 s, all close: True, speed-up vs reference: 340.40]
APPROACH 8: QMATMUL_ALGO_NUMBA_CUDA...
APPROACH 8: QMATMUL_ALGO_NUMBA_CUDA DONE. [time: 0.0033054351806640625 s, all close: True, speed-up vs reference: 155.69]
REPETITION: 90/100:
APPROACH 1: QMATMUL_NAIVE_NUMBA_ST...
APPROACH 1: QMATMUL_NAIVE_NUMBA_ST DONE. [time: 0.5180492401123047 s, all close: True, speed-up vs reference: 0.99]
APPROACH 2: QMATMUL_NAIVE_NUMBA_PARALLEL...
APPROACH 2: QMATMUL_NAIVE_NUMBA_PARALLEL DONE. [time: 0.03807473182678223 s, all close: True, speed-up vs reference: 13.52]
APPROACH 3: QMATMUL_DIRECT_NUMPY_ST...
APPROACH 3: QMATMUL_DIRECT_NUMPY_ST DONE. [time: 0.0031914710998535156 s, all close: True, speed-up vs reference: 161.25]
APPROACH 4: QMATMUL_DIRECT_NUMPY_PARALLEL...
APPROACH 4: QMATMUL_DIRECT_NUMPY_PARALLEL DONE. [time: 0.0010263919830322266 s, all close: True, speed-up vs reference: 501.39]
APPROACH 5: QMATMUL_DIRECT_NUMBA_CUDA...
APPROACH 5: QMATMUL_DIRECT_NUMBA_CUDA DONE. [time: 0.0018074512481689453 s, all close: True, speed-up vs reference: 284.72]
APPROACH 6: QMATMUL_ALGO_NUMPY_ST...
APPROACH 6: QMATMUL_ALGO_NUMPY_ST DONE. [time: 0.0038726329803466797 s, all close: True, speed-up vs reference: 132.89]
APPROACH 7: QMATMUL_ALGO_NUMPY_PARALLEL...
APPROACH 7: QMATMUL_ALGO_NUMPY_PARALLEL DONE. [time: 0.0013921260833740234 s, all close: True, speed-up vs reference: 369.67]
APPROACH 8: QMATMUL_ALGO_NUMBA_CUDA...
APPROACH 8: QMATMUL_ALGO_NUMBA_CUDA DONE. [time: 0.0031747817993164062 s, all close: True, speed-up vs reference: 162.10]
REPETITION: 91/100:
APPROACH 1: QMATMUL_NAIVE_NUMBA_ST...
APPROACH 1: QMATMUL_NAIVE_NUMBA_ST DONE. [time: 0.5165224075317383 s, all close: True, speed-up vs reference: 1.00]
APPROACH 2: QMATMUL_NAIVE_NUMBA_PARALLEL...
APPROACH 2: QMATMUL_NAIVE_NUMBA_PARALLEL DONE. [time: 0.0387728214263916 s, all close: True, speed-up vs reference: 13.27]
APPROACH 3: QMATMUL_DIRECT_NUMPY_ST...
APPROACH 3: QMATMUL_DIRECT_NUMPY_ST DONE. [time: 0.0031456947326660156 s, all close: True, speed-up vs reference: 163.60]
APPROACH 4: QMATMUL_DIRECT_NUMPY_PARALLEL...
APPROACH 4: QMATMUL_DIRECT_NUMPY_PARALLEL DONE. [time: 0.001216888427734375 s, all close: True, speed-up vs reference: 422.90]
APPROACH 5: QMATMUL_DIRECT_NUMBA_CUDA...
APPROACH 5: QMATMUL_DIRECT_NUMBA_CUDA DONE. [time: 0.0016713142395019531 s, all close: True, speed-up vs reference: 307.92]
APPROACH 6: QMATMUL_ALGO_NUMPY_ST...
APPROACH 6: QMATMUL_ALGO_NUMPY_ST DONE. [time: 0.003865957260131836 s, all close: True, speed-up vs reference: 133.12]
APPROACH 7: QMATMUL_ALGO_NUMPY_PARALLEL...
APPROACH 7: QMATMUL_ALGO_NUMPY_PARALLEL DONE. [time: 0.0014939308166503906 s, all close: True, speed-up vs reference: 344.48]
APPROACH 8: QMATMUL_ALGO_NUMBA_CUDA...
APPROACH 8: QMATMUL_ALGO_NUMBA_CUDA DONE. [time: 0.003432035446166992 s, all close: True, speed-up vs reference: 149.95]
REPETITION: 92/100:
APPROACH 1: QMATMUL_NAIVE_NUMBA_ST...
APPROACH 1: QMATMUL_NAIVE_NUMBA_ST DONE. [time: 0.5190434455871582 s, all close: True, speed-up vs reference: 0.99]
APPROACH 2: QMATMUL_NAIVE_NUMBA_PARALLEL...
APPROACH 2: QMATMUL_NAIVE_NUMBA_PARALLEL DONE. [time: 0.0355985164642334 s, all close: True, speed-up vs reference: 14.46]
APPROACH 3: QMATMUL_DIRECT_NUMPY_ST...
APPROACH 3: QMATMUL_DIRECT_NUMPY_ST DONE. [time: 0.0031502246856689453 s, all close: True, speed-up vs reference: 163.36]
APPROACH 4: QMATMUL_DIRECT_NUMPY_PARALLEL...
APPROACH 4: QMATMUL_DIRECT_NUMPY_PARALLEL DONE. [time: 0.0010755062103271484 s, all close: True, speed-up vs reference: 478.50]
APPROACH 5: QMATMUL_DIRECT_NUMBA_CUDA...
APPROACH 5: QMATMUL_DIRECT_NUMBA_CUDA DONE. [time: 0.0016977787017822266 s, all close: True, speed-up vs reference: 303.12]
APPROACH 6: QMATMUL_ALGO_NUMPY_ST...
APPROACH 6: QMATMUL_ALGO_NUMPY_ST DONE. [time: 0.003892183303833008 s, all close: True, speed-up vs reference: 132.22]
APPROACH 7: QMATMUL_ALGO_NUMPY_PARALLEL...
APPROACH 7: QMATMUL_ALGO_NUMPY_PARALLEL DONE. [time: 0.0013954639434814453 s, all close: True, speed-up vs reference: 368.78]
APPROACH 8: QMATMUL_ALGO_NUMBA_CUDA...
APPROACH 8: QMATMUL_ALGO_NUMBA_CUDA DONE. [time: 0.003072500228881836 s, all close: True, speed-up vs reference: 167.49]
REPETITION: 93/100:
APPROACH 1: QMATMUL_NAIVE_NUMBA_ST...
APPROACH 1: QMATMUL_NAIVE_NUMBA_ST DONE. [time: 0.5191009044647217 s, all close: True, speed-up vs reference: 0.99]
APPROACH 2: QMATMUL_NAIVE_NUMBA_PARALLEL...
APPROACH 2: QMATMUL_NAIVE_NUMBA_PARALLEL DONE. [time: 0.03135037422180176 s, all close: True, speed-up vs reference: 16.42]
APPROACH 3: QMATMUL_DIRECT_NUMPY_ST...
APPROACH 3: QMATMUL_DIRECT_NUMPY_ST DONE. [time: 0.0030922889709472656 s, all close: True, speed-up vs reference: 166.42]
APPROACH 4: QMATMUL_DIRECT_NUMPY_PARALLEL...
APPROACH 4: QMATMUL_DIRECT_NUMPY_PARALLEL DONE. [time: 0.0010027885437011719 s, all close: True, speed-up vs reference: 513.19]
APPROACH 5: QMATMUL_DIRECT_NUMBA_CUDA...
APPROACH 5: QMATMUL_DIRECT_NUMBA_CUDA DONE. [time: 0.0017795562744140625 s, all close: True, speed-up vs reference: 289.19]
APPROACH 6: QMATMUL_ALGO_NUMPY_ST...
APPROACH 6: QMATMUL_ALGO_NUMPY_ST DONE. [time: 0.0038607120513916016 s, all close: True, speed-up vs reference: 133.30]
APPROACH 7: QMATMUL_ALGO_NUMPY_PARALLEL...
APPROACH 7: QMATMUL_ALGO_NUMPY_PARALLEL DONE. [time: 0.001394033432006836 s, all close: True, speed-up vs reference: 369.16]
APPROACH 8: QMATMUL_ALGO_NUMBA_CUDA...
APPROACH 8: QMATMUL_ALGO_NUMBA_CUDA DONE. [time: 0.003058910369873047 s, all close: True, speed-up vs reference: 168.24]
REPETITION: 94/100:
APPROACH 1: QMATMUL_NAIVE_NUMBA_ST...
APPROACH 1: QMATMUL_NAIVE_NUMBA_ST DONE. [time: 0.5191326141357422 s, all close: True, speed-up vs reference: 0.99]
APPROACH 2: QMATMUL_NAIVE_NUMBA_PARALLEL...
APPROACH 2: QMATMUL_NAIVE_NUMBA_PARALLEL DONE. [time: 0.03136801719665527 s, all close: True, speed-up vs reference: 16.41]
APPROACH 3: QMATMUL_DIRECT_NUMPY_ST...
APPROACH 3: QMATMUL_DIRECT_NUMPY_ST DONE. [time: 0.0030934810638427734 s, all close: True, speed-up vs reference: 166.36]
APPROACH 4: QMATMUL_DIRECT_NUMPY_PARALLEL...
APPROACH 4: QMATMUL_DIRECT_NUMPY_PARALLEL DONE. [time: 0.0010101795196533203 s, all close: True, speed-up vs reference: 509.44]
APPROACH 5: QMATMUL_DIRECT_NUMBA_CUDA...
APPROACH 5: QMATMUL_DIRECT_NUMBA_CUDA DONE. [time: 0.0018427371978759766 s, all close: True, speed-up vs reference: 279.27]
APPROACH 6: QMATMUL_ALGO_NUMPY_ST...
APPROACH 6: QMATMUL_ALGO_NUMPY_ST DONE. [time: 0.0038728713989257812 s, all close: True, speed-up vs reference: 132.88]
APPROACH 7: QMATMUL_ALGO_NUMPY_PARALLEL...
APPROACH 7: QMATMUL_ALGO_NUMPY_PARALLEL DONE. [time: 0.0014073848724365234 s, all close: True, speed-up vs reference: 365.66]
APPROACH 8: QMATMUL_ALGO_NUMBA_CUDA...
APPROACH 8: QMATMUL_ALGO_NUMBA_CUDA DONE. [time: 0.0031173229217529297 s, all close: True, speed-up vs reference: 165.09]
REPETITION: 95/100:
APPROACH 1: QMATMUL_NAIVE_NUMBA_ST...
APPROACH 1: QMATMUL_NAIVE_NUMBA_ST DONE. [time: 0.5218515396118164 s, all close: True, speed-up vs reference: 0.99]
APPROACH 2: QMATMUL_NAIVE_NUMBA_PARALLEL...
APPROACH 2: QMATMUL_NAIVE_NUMBA_PARALLEL DONE. [time: 0.0314638614654541 s, all close: True, speed-up vs reference: 16.36]
APPROACH 3: QMATMUL_DIRECT_NUMPY_ST...
APPROACH 3: QMATMUL_DIRECT_NUMPY_ST DONE. [time: 0.0031714439392089844 s, all close: True, speed-up vs reference: 162.27]
APPROACH 4: QMATMUL_DIRECT_NUMPY_PARALLEL...
APPROACH 4: QMATMUL_DIRECT_NUMPY_PARALLEL DONE. [time: 0.001018524169921875 s, all close: True, speed-up vs reference: 505.27]
APPROACH 5: QMATMUL_DIRECT_NUMBA_CUDA...
APPROACH 5: QMATMUL_DIRECT_NUMBA_CUDA DONE. [time: 0.0014197826385498047 s, all close: True, speed-up vs reference: 362.47]
APPROACH 6: QMATMUL_ALGO_NUMPY_ST...
APPROACH 6: QMATMUL_ALGO_NUMPY_ST DONE. [time: 0.0038688182830810547 s, all close: True, speed-up vs reference: 133.02]
APPROACH 7: QMATMUL_ALGO_NUMPY_PARALLEL...
APPROACH 7: QMATMUL_ALGO_NUMPY_PARALLEL DONE. [time: 0.0013952255249023438 s, all close: True, speed-up vs reference: 368.85]
APPROACH 8: QMATMUL_ALGO_NUMBA_CUDA...
APPROACH 8: QMATMUL_ALGO_NUMBA_CUDA DONE. [time: 0.003392457962036133 s, all close: True, speed-up vs reference: 151.70]
REPETITION: 96/100:
APPROACH 1: QMATMUL_NAIVE_NUMBA_ST...
APPROACH 1: QMATMUL_NAIVE_NUMBA_ST DONE. [time: 0.514998197555542 s, all close: True, speed-up vs reference: 1.00]
APPROACH 2: QMATMUL_NAIVE_NUMBA_PARALLEL...
APPROACH 2: QMATMUL_NAIVE_NUMBA_PARALLEL DONE. [time: 0.03367924690246582 s, all close: True, speed-up vs reference: 15.28]
APPROACH 3: QMATMUL_DIRECT_NUMPY_ST...
APPROACH 3: QMATMUL_DIRECT_NUMPY_ST DONE. [time: 0.0031211376190185547 s, all close: True, speed-up vs reference: 164.88]
APPROACH 4: QMATMUL_DIRECT_NUMPY_PARALLEL...
APPROACH 4: QMATMUL_DIRECT_NUMPY_PARALLEL DONE. [time: 0.0010311603546142578 s, all close: True, speed-up vs reference: 499.07]
APPROACH 5: QMATMUL_DIRECT_NUMBA_CUDA...
APPROACH 5: QMATMUL_DIRECT_NUMBA_CUDA DONE. [time: 0.0014808177947998047 s, all close: True, speed-up vs reference: 347.53]
APPROACH 6: QMATMUL_ALGO_NUMPY_ST...
APPROACH 6: QMATMUL_ALGO_NUMPY_ST DONE. [time: 0.003858327865600586 s, all close: True, speed-up vs reference: 133.38]
APPROACH 7: QMATMUL_ALGO_NUMPY_PARALLEL...
APPROACH 7: QMATMUL_ALGO_NUMPY_PARALLEL DONE. [time: 0.0013747215270996094 s, all close: True, speed-up vs reference: 374.35]
APPROACH 8: QMATMUL_ALGO_NUMBA_CUDA...
APPROACH 8: QMATMUL_ALGO_NUMBA_CUDA DONE. [time: 0.0034210681915283203 s, all close: True, speed-up vs reference: 150.43]
REPETITION: 97/100:
APPROACH 1: QMATMUL_NAIVE_NUMBA_ST...
APPROACH 1: QMATMUL_NAIVE_NUMBA_ST DONE. [time: 0.5144391059875488 s, all close: True, speed-up vs reference: 1.00]
APPROACH 2: QMATMUL_NAIVE_NUMBA_PARALLEL...
APPROACH 2: QMATMUL_NAIVE_NUMBA_PARALLEL DONE. [time: 0.0336918830871582 s, all close: True, speed-up vs reference: 15.27]
APPROACH 3: QMATMUL_DIRECT_NUMPY_ST...
APPROACH 3: QMATMUL_DIRECT_NUMPY_ST DONE. [time: 0.003122568130493164 s, all close: True, speed-up vs reference: 164.81]
APPROACH 4: QMATMUL_DIRECT_NUMPY_PARALLEL...
APPROACH 4: QMATMUL_DIRECT_NUMPY_PARALLEL DONE. [time: 0.0010280609130859375 s, all close: True, speed-up vs reference: 500.58]
APPROACH 5: QMATMUL_DIRECT_NUMBA_CUDA...
APPROACH 5: QMATMUL_DIRECT_NUMBA_CUDA DONE. [time: 0.0015401840209960938 s, all close: True, speed-up vs reference: 334.13]
APPROACH 6: QMATMUL_ALGO_NUMPY_ST...
APPROACH 6: QMATMUL_ALGO_NUMPY_ST DONE. [time: 0.0038611888885498047 s, all close: True, speed-up vs reference: 133.28]
APPROACH 7: QMATMUL_ALGO_NUMPY_PARALLEL...
APPROACH 7: QMATMUL_ALGO_NUMPY_PARALLEL DONE. [time: 0.001390695571899414 s, all close: True, speed-up vs reference: 370.05]
APPROACH 8: QMATMUL_ALGO_NUMBA_CUDA...
APPROACH 8: QMATMUL_ALGO_NUMBA_CUDA DONE. [time: 0.003684520721435547 s, all close: True, speed-up vs reference: 139.67]
REPETITION: 98/100:
APPROACH 1: QMATMUL_NAIVE_NUMBA_ST...
APPROACH 1: QMATMUL_NAIVE_NUMBA_ST DONE. [time: 0.5147655010223389 s, all close: True, speed-up vs reference: 1.00]
APPROACH 2: QMATMUL_NAIVE_NUMBA_PARALLEL...
APPROACH 2: QMATMUL_NAIVE_NUMBA_PARALLEL DONE. [time: 0.033675432205200195 s, all close: True, speed-up vs reference: 15.28]
APPROACH 3: QMATMUL_DIRECT_NUMPY_ST...
APPROACH 3: QMATMUL_DIRECT_NUMPY_ST DONE. [time: 0.0031158924102783203 s, all close: True, speed-up vs reference: 165.16]
APPROACH 4: QMATMUL_DIRECT_NUMPY_PARALLEL...
APPROACH 4: QMATMUL_DIRECT_NUMPY_PARALLEL DONE. [time: 0.001016378402709961 s, all close: True, speed-up vs reference: 506.33]
APPROACH 5: QMATMUL_DIRECT_NUMBA_CUDA...
APPROACH 5: QMATMUL_DIRECT_NUMBA_CUDA DONE. [time: 0.0015506744384765625 s, all close: True, speed-up vs reference: 331.87]
APPROACH 6: QMATMUL_ALGO_NUMPY_ST...
APPROACH 6: QMATMUL_ALGO_NUMPY_ST DONE. [time: 0.003863811492919922 s, all close: True, speed-up vs reference: 133.19]
APPROACH 7: QMATMUL_ALGO_NUMPY_PARALLEL...
APPROACH 7: QMATMUL_ALGO_NUMPY_PARALLEL DONE. [time: 0.0013909339904785156 s, all close: True, speed-up vs reference: 369.99]
APPROACH 8: QMATMUL_ALGO_NUMBA_CUDA...
APPROACH 8: QMATMUL_ALGO_NUMBA_CUDA DONE. [time: 0.003691434860229492 s, all close: True, speed-up vs reference: 139.41]
REPETITION: 99/100:
APPROACH 1: QMATMUL_NAIVE_NUMBA_ST...
APPROACH 1: QMATMUL_NAIVE_NUMBA_ST DONE. [time: 0.5161299705505371 s, all close: True, speed-up vs reference: 1.00]
APPROACH 2: QMATMUL_NAIVE_NUMBA_PARALLEL...
APPROACH 2: QMATMUL_NAIVE_NUMBA_PARALLEL DONE. [time: 0.033695220947265625 s, all close: True, speed-up vs reference: 15.27]
APPROACH 3: QMATMUL_DIRECT_NUMPY_ST...
APPROACH 3: QMATMUL_DIRECT_NUMPY_ST DONE. [time: 0.0032300949096679688 s, all close: True, speed-up vs reference: 159.32]
APPROACH 4: QMATMUL_DIRECT_NUMPY_PARALLEL...
APPROACH 4: QMATMUL_DIRECT_NUMPY_PARALLEL DONE. [time: 0.001071929931640625 s, all close: True, speed-up vs reference: 480.09]
APPROACH 5: QMATMUL_DIRECT_NUMBA_CUDA...
APPROACH 5: QMATMUL_DIRECT_NUMBA_CUDA DONE. [time: 0.0016481876373291016 s, all close: True, speed-up vs reference: 312.24]
APPROACH 6: QMATMUL_ALGO_NUMPY_ST...
APPROACH 6: QMATMUL_ALGO_NUMPY_ST DONE. [time: 0.003896474838256836 s, all close: True, speed-up vs reference: 132.07]
APPROACH 7: QMATMUL_ALGO_NUMPY_PARALLEL...
APPROACH 7: QMATMUL_ALGO_NUMPY_PARALLEL DONE. [time: 0.0013918876647949219 s, all close: True, speed-up vs reference: 369.73]
APPROACH 8: QMATMUL_ALGO_NUMBA_CUDA...
APPROACH 8: QMATMUL_ALGO_NUMBA_CUDA DONE. [time: 0.0033004283905029297 s, all close: True, speed-up vs reference: 155.93]
REPETITION: 100/100:
APPROACH 1: QMATMUL_NAIVE_NUMBA_ST...
APPROACH 1: QMATMUL_NAIVE_NUMBA_ST DONE. [time: 0.5202319622039795 s, all close: True, speed-up vs reference: 0.99]
APPROACH 2: QMATMUL_NAIVE_NUMBA_PARALLEL...
APPROACH 2: QMATMUL_NAIVE_NUMBA_PARALLEL DONE. [time: 0.032059669494628906 s, all close: True, speed-up vs reference: 16.05]
APPROACH 3: QMATMUL_DIRECT_NUMPY_ST...
APPROACH 3: QMATMUL_DIRECT_NUMPY_ST DONE. [time: 0.003228902816772461 s, all close: True, speed-up vs reference: 159.38]
APPROACH 4: QMATMUL_DIRECT_NUMPY_PARALLEL...
APPROACH 4: QMATMUL_DIRECT_NUMPY_PARALLEL DONE. [time: 0.0010650157928466797 s, all close: True, speed-up vs reference: 483.21]
APPROACH 5: QMATMUL_DIRECT_NUMBA_CUDA...
APPROACH 5: QMATMUL_DIRECT_NUMBA_CUDA DONE. [time: 0.001682281494140625 s, all close: True, speed-up vs reference: 305.91]
APPROACH 6: QMATMUL_ALGO_NUMPY_ST...
APPROACH 6: QMATMUL_ALGO_NUMPY_ST DONE. [time: 0.003883838653564453 s, all close: True, speed-up vs reference: 132.50]
APPROACH 7: QMATMUL_ALGO_NUMPY_PARALLEL...
APPROACH 7: QMATMUL_ALGO_NUMPY_PARALLEL DONE. [time: 0.0013866424560546875 s, all close: True, speed-up vs reference: 371.13]
APPROACH 8: QMATMUL_ALGO_NUMBA_CUDA...
APPROACH 8: QMATMUL_ALGO_NUMBA_CUDA DONE. [time: 0.0033092498779296875 s, all close: True, speed-up vs reference: 155.51]
================================================================================================================================================================================================================
SUMMARY:
APPROACH 1: QMATMUL_NAIVE_NUMBA_ST (REFERENCE) -> MEAN TIME: 0.5178489065170289 s, TIME STD: 0.00722893590547529 s, STD_%: 1.4%, SPEED-UP: 1.00
APPROACH 2: QMATMUL_NAIVE_NUMBA_PARALLEL -> MEAN TIME: 0.036129047870635984 s, TIME STD: 0.004627834185140023 s, STD_%: 12.8%, SPEED-UP: 14.33
APPROACH 3: QMATMUL_DIRECT_NUMPY_ST -> MEAN TIME: 0.0031511807441711426 s, TIME STD: 6.131791665409732e-05 s, STD_%: 1.9%, SPEED-UP: 164.33
APPROACH 4: QMATMUL_DIRECT_NUMPY_PARALLEL -> MEAN TIME: 0.0011124348640441895 s, TIME STD: 0.000222027703150444 s, STD_%: 20.0%, SPEED-UP: 465.51
APPROACH 5: QMATMUL_DIRECT_NUMBA_CUDA -> MEAN TIME: 0.0016939878463745118 s, TIME STD: 0.00033409863800776827 s, STD_%: 19.7%, SPEED-UP: 305.70
APPROACH 6: QMATMUL_ALGO_NUMPY_ST -> MEAN TIME: 0.003917479515075683 s, TIME STD: 0.0001838416784616475 s, STD_%: 4.7%, SPEED-UP: 132.19
APPROACH 7: QMATMUL_ALGO_NUMPY_PARALLEL -> MEAN TIME: 0.0018754029273986817 s, TIME STD: 0.0014720781225609544 s, STD_%: 78.5%, SPEED-UP: 276.13
APPROACH 8: QMATMUL_ALGO_NUMBA_CUDA -> MEAN TIME: 0.003458411693572998 s, TIME STD: 0.0005331791467447632 s, STD_%: 15.4%, SPEED-UP: 149.74
================================================================================================================================================================================================================
QUATERNIONS MAIN DONE. [hash string: 0216655143_01236_565_[100;300;200;2.0;float32;100;TTTTTTTT], time: 58.33172583580017 s]
