QUATERNIONS MAIN...
HASH STRING: 1353770719_97564_565_[300;300;300;2.0;float64;100;TTTTTTTT]
================================================================================================================================================================================================================
EXPERIMENT INFO:
{
  M: 300,
  N: 300,
  P: 300,
  SEED: 0,
  RANGE: 2.0,
  DTYPE: <class 'numpy.float64'>,
  REPETITIONS: 100,
  QMATMUL_NAIVE_NUMBA_ST: (True, 'qmatmul_naive_numba_st_float64'),
  QMATMUL_NAIVE_NUMBA_PARALLEL: (True, 'qmatmul_naive_numba_parallel_float64'),
  QMATMUL_DIRECT_NUMPY_ST: (True, 'qmatmul_direct_numpy_st'),
  QMATMUL_DIRECT_NUMPY_PARALLEL: (True, 'qmatmul_direct_numpy_parallel'),
  QMATMUL_DIRECT_NUMBA_CUDA: (True, 'qmatmul_direct_numba_cuda_float64'),
  QMATMUL_ALGO_NUMPY_ST: (True, 'qmatmul_algo_numpy_st'),
  QMATMUL_ALGO_NUMPY_PARALLEL: (True, 'qmatmul_algo_numpy_parallel'),
  QMATMUL_ALGO_NUMBA_CUDA: (True, 'qmatmul_algo_numba_cuda_float64')
}
================================================================================================================================================================================================================
CPU AND SYSTEM PROPS:
{
  cpu_name: Intel(R) Core(TM) i7-10700 CPU @ 2.90GHz,
  ram_size: 125.7 GB,
  os_name: Linux 6.8.0-106-generic,
  os_version: #106-Ubuntu SMP PREEMPT_DYNAMIC Fri Mar  6 07:58:08 UTC 2026,
  os_machine: x86_64
}
GPU PROPS:
{
  name: NVIDIA GeForce RTX 3090,
  max_threads_per_block: 1024,
  max_block_dim_x: 1024,
  max_block_dim_y: 1024,
  max_block_dim_z: 64,
  max_grid_dim_x: 2147483647,
  max_grid_dim_y: 65535,
  max_grid_dim_z: 65535,
  max_shared_memory_per_block: 49152,
  async_engine_count: 2,
  can_map_host_memory: 1,
  multiprocessor_count: 82,
  warp_size: 32,
  unified_addressing: 1,
  pci_bus_id: 1,
  pci_device_id: 0,
  compute_capability: ComputeCapability(major=8, minor=6),
  cores_per_SM: 128,
  cores_total: 10496
}
================================================================================================================================================================================================================
MEMORY INFO:
A: 2.747 MiB
B: 2.747 MiB
C: 2.75 MiB
================================================================================================================================================================================================================
WARM-UP:
WARM-UP FOR APPROACH 1: QMATMUL_NAIVE_NUMBA_ST...
WARM-UP FOR APPROACH 1: QMATMUL_NAIVE_NUMBA_ST DONE. [time: 0.08436322212219238 s]
WARM-UP FOR APPROACH 2: QMATMUL_NAIVE_NUMBA_PARALLEL...
WARM-UP FOR APPROACH 2: QMATMUL_NAIVE_NUMBA_PARALLEL DONE. [time: 0.005705118179321289 s]
WARM-UP FOR APPROACH 3: QMATMUL_DIRECT_NUMPY_ST...
WARM-UP FOR APPROACH 3: QMATMUL_DIRECT_NUMPY_ST DONE. [time: 0.006296873092651367 s]
WARM-UP FOR APPROACH 4: QMATMUL_DIRECT_NUMPY_PARALLEL...
WARM-UP FOR APPROACH 4: QMATMUL_DIRECT_NUMPY_PARALLEL DONE. [time: 0.0006117820739746094 s]
WARM-UP FOR APPROACH 5: QMATMUL_DIRECT_NUMBA_CUDA...
WARM-UP FOR APPROACH 5: QMATMUL_DIRECT_NUMBA_CUDA DONE. [time: 0.0019147396087646484 s]
WARM-UP FOR APPROACH 6: QMATMUL_ALGO_NUMPY_ST...
WARM-UP FOR APPROACH 6: QMATMUL_ALGO_NUMPY_ST DONE. [time: 0.0023605823516845703 s]
WARM-UP FOR APPROACH 7: QMATMUL_ALGO_NUMPY_PARALLEL...
WARM-UP FOR APPROACH 7: QMATMUL_ALGO_NUMPY_PARALLEL DONE. [time: 0.0007307529449462891 s]
WARM-UP FOR APPROACH 8: QMATMUL_ALGO_NUMBA_CUDA...
WARM-UP FOR APPROACH 8: QMATMUL_ALGO_NUMBA_CUDA DONE. [time: 0.0027112960815429688 s]
================================================================================================================================================================================================================
REPETITION: 1/100:
APPROACH 1: QMATMUL_NAIVE_NUMBA_ST...
APPROACH 1: QMATMUL_NAIVE_NUMBA_ST DONE. [time: 2.2821500301361084 s, all close: True, speed-up vs reference: 1.00, reference]
APPROACH 2: QMATMUL_NAIVE_NUMBA_PARALLEL...
APPROACH 2: QMATMUL_NAIVE_NUMBA_PARALLEL DONE. [time: 0.13660264015197754 s, all close: True, speed-up vs reference: 16.71]
APPROACH 3: QMATMUL_DIRECT_NUMPY_ST...
APPROACH 3: QMATMUL_DIRECT_NUMPY_ST DONE. [time: 0.019133806228637695 s, all close: True, speed-up vs reference: 119.27]
APPROACH 4: QMATMUL_DIRECT_NUMPY_PARALLEL...
APPROACH 4: QMATMUL_DIRECT_NUMPY_PARALLEL DONE. [time: 0.007465362548828125 s, all close: True, speed-up vs reference: 305.70]
APPROACH 5: QMATMUL_DIRECT_NUMBA_CUDA...
APPROACH 5: QMATMUL_DIRECT_NUMBA_CUDA DONE. [time: 0.004563331604003906 s, all close: True, speed-up vs reference: 500.11]
APPROACH 6: QMATMUL_ALGO_NUMPY_ST...
APPROACH 6: QMATMUL_ALGO_NUMPY_ST DONE. [time: 0.022303104400634766 s, all close: True, speed-up vs reference: 102.32]
APPROACH 7: QMATMUL_ALGO_NUMPY_PARALLEL...
APPROACH 7: QMATMUL_ALGO_NUMPY_PARALLEL DONE. [time: 0.007400989532470703 s, all close: True, speed-up vs reference: 308.36]
APPROACH 8: QMATMUL_ALGO_NUMBA_CUDA...
APPROACH 8: QMATMUL_ALGO_NUMBA_CUDA DONE. [time: 0.007877111434936523 s, all close: True, speed-up vs reference: 289.72]
REPETITION: 2/100:
APPROACH 1: QMATMUL_NAIVE_NUMBA_ST...
APPROACH 1: QMATMUL_NAIVE_NUMBA_ST DONE. [time: 2.2694239616394043 s, all close: True, speed-up vs reference: 1.01]
APPROACH 2: QMATMUL_NAIVE_NUMBA_PARALLEL...
APPROACH 2: QMATMUL_NAIVE_NUMBA_PARALLEL DONE. [time: 0.15117144584655762 s, all close: True, speed-up vs reference: 15.10]
APPROACH 3: QMATMUL_DIRECT_NUMPY_ST...
APPROACH 3: QMATMUL_DIRECT_NUMPY_ST DONE. [time: 0.017704486846923828 s, all close: True, speed-up vs reference: 128.90]
APPROACH 4: QMATMUL_DIRECT_NUMPY_PARALLEL...
APPROACH 4: QMATMUL_DIRECT_NUMPY_PARALLEL DONE. [time: 0.006146430969238281 s, all close: True, speed-up vs reference: 371.30]
APPROACH 5: QMATMUL_DIRECT_NUMBA_CUDA...
APPROACH 5: QMATMUL_DIRECT_NUMBA_CUDA DONE. [time: 0.0055234432220458984 s, all close: True, speed-up vs reference: 413.18]
APPROACH 6: QMATMUL_ALGO_NUMPY_ST...
APPROACH 6: QMATMUL_ALGO_NUMPY_ST DONE. [time: 0.022308349609375 s, all close: True, speed-up vs reference: 102.30]
APPROACH 7: QMATMUL_ALGO_NUMPY_PARALLEL...
APPROACH 7: QMATMUL_ALGO_NUMPY_PARALLEL DONE. [time: 0.0073087215423583984 s, all close: True, speed-up vs reference: 312.25]
APPROACH 8: QMATMUL_ALGO_NUMBA_CUDA...
APPROACH 8: QMATMUL_ALGO_NUMBA_CUDA DONE. [time: 0.0073735713958740234 s, all close: True, speed-up vs reference: 309.50]
REPETITION: 3/100:
APPROACH 1: QMATMUL_NAIVE_NUMBA_ST...
APPROACH 1: QMATMUL_NAIVE_NUMBA_ST DONE. [time: 2.2702388763427734 s, all close: True, speed-up vs reference: 1.01]
APPROACH 2: QMATMUL_NAIVE_NUMBA_PARALLEL...
APPROACH 2: QMATMUL_NAIVE_NUMBA_PARALLEL DONE. [time: 0.135786771774292 s, all close: True, speed-up vs reference: 16.81]
APPROACH 3: QMATMUL_DIRECT_NUMPY_ST...
APPROACH 3: QMATMUL_DIRECT_NUMPY_ST DONE. [time: 0.017792701721191406 s, all close: True, speed-up vs reference: 128.26]
APPROACH 4: QMATMUL_DIRECT_NUMPY_PARALLEL...
APPROACH 4: QMATMUL_DIRECT_NUMPY_PARALLEL DONE. [time: 0.006204128265380859 s, all close: True, speed-up vs reference: 367.84]
APPROACH 5: QMATMUL_DIRECT_NUMBA_CUDA...
APPROACH 5: QMATMUL_DIRECT_NUMBA_CUDA DONE. [time: 0.005319833755493164 s, all close: True, speed-up vs reference: 428.99]
APPROACH 6: QMATMUL_ALGO_NUMPY_ST...
APPROACH 6: QMATMUL_ALGO_NUMPY_ST DONE. [time: 0.022307157516479492 s, all close: True, speed-up vs reference: 102.31]
APPROACH 7: QMATMUL_ALGO_NUMPY_PARALLEL...
APPROACH 7: QMATMUL_ALGO_NUMPY_PARALLEL DONE. [time: 0.0073277950286865234 s, all close: True, speed-up vs reference: 311.44]
APPROACH 8: QMATMUL_ALGO_NUMBA_CUDA...
APPROACH 8: QMATMUL_ALGO_NUMBA_CUDA DONE. [time: 0.007335186004638672 s, all close: True, speed-up vs reference: 311.12]
REPETITION: 4/100:
APPROACH 1: QMATMUL_NAIVE_NUMBA_ST...
APPROACH 1: QMATMUL_NAIVE_NUMBA_ST DONE. [time: 2.2941246032714844 s, all close: True, speed-up vs reference: 0.99]
APPROACH 2: QMATMUL_NAIVE_NUMBA_PARALLEL...
APPROACH 2: QMATMUL_NAIVE_NUMBA_PARALLEL DONE. [time: 0.1667463779449463 s, all close: True, speed-up vs reference: 13.69]
APPROACH 3: QMATMUL_DIRECT_NUMPY_ST...
APPROACH 3: QMATMUL_DIRECT_NUMPY_ST DONE. [time: 0.01843547821044922 s, all close: True, speed-up vs reference: 123.79]
APPROACH 4: QMATMUL_DIRECT_NUMPY_PARALLEL...
APPROACH 4: QMATMUL_DIRECT_NUMPY_PARALLEL DONE. [time: 0.008322715759277344 s, all close: True, speed-up vs reference: 274.21]
APPROACH 5: QMATMUL_DIRECT_NUMBA_CUDA...
APPROACH 5: QMATMUL_DIRECT_NUMBA_CUDA DONE. [time: 0.005688190460205078 s, all close: True, speed-up vs reference: 401.21]
APPROACH 6: QMATMUL_ALGO_NUMPY_ST...
APPROACH 6: QMATMUL_ALGO_NUMPY_ST DONE. [time: 0.02382040023803711 s, all close: True, speed-up vs reference: 95.81]
APPROACH 7: QMATMUL_ALGO_NUMPY_PARALLEL...
APPROACH 7: QMATMUL_ALGO_NUMPY_PARALLEL DONE. [time: 0.020923852920532227 s, all close: True, speed-up vs reference: 109.07]
APPROACH 8: QMATMUL_ALGO_NUMBA_CUDA...
APPROACH 8: QMATMUL_ALGO_NUMBA_CUDA DONE. [time: 0.007249593734741211 s, all close: True, speed-up vs reference: 314.80]
REPETITION: 5/100:
APPROACH 1: QMATMUL_NAIVE_NUMBA_ST...
APPROACH 1: QMATMUL_NAIVE_NUMBA_ST DONE. [time: 2.3481085300445557 s, all close: True, speed-up vs reference: 0.97]
APPROACH 2: QMATMUL_NAIVE_NUMBA_PARALLEL...
APPROACH 2: QMATMUL_NAIVE_NUMBA_PARALLEL DONE. [time: 0.17000317573547363 s, all close: True, speed-up vs reference: 13.42]
APPROACH 3: QMATMUL_DIRECT_NUMPY_ST...
APPROACH 3: QMATMUL_DIRECT_NUMPY_ST DONE. [time: 0.01820516586303711 s, all close: True, speed-up vs reference: 125.36]
APPROACH 4: QMATMUL_DIRECT_NUMPY_PARALLEL...
APPROACH 4: QMATMUL_DIRECT_NUMPY_PARALLEL DONE. [time: 0.008847236633300781 s, all close: True, speed-up vs reference: 257.95]
APPROACH 5: QMATMUL_DIRECT_NUMBA_CUDA...
APPROACH 5: QMATMUL_DIRECT_NUMBA_CUDA DONE. [time: 0.005580902099609375 s, all close: True, speed-up vs reference: 408.92]
APPROACH 6: QMATMUL_ALGO_NUMPY_ST...
APPROACH 6: QMATMUL_ALGO_NUMPY_ST DONE. [time: 0.022572994232177734 s, all close: True, speed-up vs reference: 101.10]
APPROACH 7: QMATMUL_ALGO_NUMPY_PARALLEL...
APPROACH 7: QMATMUL_ALGO_NUMPY_PARALLEL DONE. [time: 0.008934259414672852 s, all close: True, speed-up vs reference: 255.44]
APPROACH 8: QMATMUL_ALGO_NUMBA_CUDA...
APPROACH 8: QMATMUL_ALGO_NUMBA_CUDA DONE. [time: 0.006894588470458984 s, all close: True, speed-up vs reference: 331.01]
REPETITION: 6/100:
APPROACH 1: QMATMUL_NAIVE_NUMBA_ST...
APPROACH 1: QMATMUL_NAIVE_NUMBA_ST DONE. [time: 2.3034756183624268 s, all close: True, speed-up vs reference: 0.99]
APPROACH 2: QMATMUL_NAIVE_NUMBA_PARALLEL...
APPROACH 2: QMATMUL_NAIVE_NUMBA_PARALLEL DONE. [time: 0.15571331977844238 s, all close: True, speed-up vs reference: 14.66]
APPROACH 3: QMATMUL_DIRECT_NUMPY_ST...
APPROACH 3: QMATMUL_DIRECT_NUMPY_ST DONE. [time: 0.017632484436035156 s, all close: True, speed-up vs reference: 129.43]
APPROACH 4: QMATMUL_DIRECT_NUMPY_PARALLEL...
APPROACH 4: QMATMUL_DIRECT_NUMPY_PARALLEL DONE. [time: 0.006203413009643555 s, all close: True, speed-up vs reference: 367.89]
APPROACH 5: QMATMUL_DIRECT_NUMBA_CUDA...
APPROACH 5: QMATMUL_DIRECT_NUMBA_CUDA DONE. [time: 0.00566554069519043 s, all close: True, speed-up vs reference: 402.81]
APPROACH 6: QMATMUL_ALGO_NUMPY_ST...
APPROACH 6: QMATMUL_ALGO_NUMPY_ST DONE. [time: 0.022275924682617188 s, all close: True, speed-up vs reference: 102.45]
APPROACH 7: QMATMUL_ALGO_NUMPY_PARALLEL...
APPROACH 7: QMATMUL_ALGO_NUMPY_PARALLEL DONE. [time: 0.0073621273040771484 s, all close: True, speed-up vs reference: 309.99]
APPROACH 8: QMATMUL_ALGO_NUMBA_CUDA...
APPROACH 8: QMATMUL_ALGO_NUMBA_CUDA DONE. [time: 0.006851911544799805 s, all close: True, speed-up vs reference: 333.07]
REPETITION: 7/100:
APPROACH 1: QMATMUL_NAIVE_NUMBA_ST...
APPROACH 1: QMATMUL_NAIVE_NUMBA_ST DONE. [time: 2.269242763519287 s, all close: True, speed-up vs reference: 1.01]
APPROACH 2: QMATMUL_NAIVE_NUMBA_PARALLEL...
APPROACH 2: QMATMUL_NAIVE_NUMBA_PARALLEL DONE. [time: 0.1355302333831787 s, all close: True, speed-up vs reference: 16.84]
APPROACH 3: QMATMUL_DIRECT_NUMPY_ST...
APPROACH 3: QMATMUL_DIRECT_NUMPY_ST DONE. [time: 0.017717361450195312 s, all close: True, speed-up vs reference: 128.81]
APPROACH 4: QMATMUL_DIRECT_NUMPY_PARALLEL...
APPROACH 4: QMATMUL_DIRECT_NUMPY_PARALLEL DONE. [time: 0.006154775619506836 s, all close: True, speed-up vs reference: 370.79]
APPROACH 5: QMATMUL_DIRECT_NUMBA_CUDA...
APPROACH 5: QMATMUL_DIRECT_NUMBA_CUDA DONE. [time: 0.00406193733215332 s, all close: True, speed-up vs reference: 561.84]
APPROACH 6: QMATMUL_ALGO_NUMPY_ST...
APPROACH 6: QMATMUL_ALGO_NUMPY_ST DONE. [time: 0.02213144302368164 s, all close: True, speed-up vs reference: 103.12]
APPROACH 7: QMATMUL_ALGO_NUMPY_PARALLEL...
APPROACH 7: QMATMUL_ALGO_NUMPY_PARALLEL DONE. [time: 0.007364988327026367 s, all close: True, speed-up vs reference: 309.86]
APPROACH 8: QMATMUL_ALGO_NUMBA_CUDA...
APPROACH 8: QMATMUL_ALGO_NUMBA_CUDA DONE. [time: 0.008477926254272461 s, all close: True, speed-up vs reference: 269.19]
REPETITION: 8/100:
APPROACH 1: QMATMUL_NAIVE_NUMBA_ST...
APPROACH 1: QMATMUL_NAIVE_NUMBA_ST DONE. [time: 2.2923502922058105 s, all close: True, speed-up vs reference: 1.00]
APPROACH 2: QMATMUL_NAIVE_NUMBA_PARALLEL...
APPROACH 2: QMATMUL_NAIVE_NUMBA_PARALLEL DONE. [time: 0.15371918678283691 s, all close: True, speed-up vs reference: 14.85]
APPROACH 3: QMATMUL_DIRECT_NUMPY_ST...
APPROACH 3: QMATMUL_DIRECT_NUMPY_ST DONE. [time: 0.017687559127807617 s, all close: True, speed-up vs reference: 129.03]
APPROACH 4: QMATMUL_DIRECT_NUMPY_PARALLEL...
APPROACH 4: QMATMUL_DIRECT_NUMPY_PARALLEL DONE. [time: 0.00613093376159668 s, all close: True, speed-up vs reference: 372.24]
APPROACH 5: QMATMUL_DIRECT_NUMBA_CUDA...
APPROACH 5: QMATMUL_DIRECT_NUMBA_CUDA DONE. [time: 0.004071235656738281 s, all close: True, speed-up vs reference: 560.55]
APPROACH 6: QMATMUL_ALGO_NUMPY_ST...
APPROACH 6: QMATMUL_ALGO_NUMPY_ST DONE. [time: 0.022249221801757812 s, all close: True, speed-up vs reference: 102.57]
APPROACH 7: QMATMUL_ALGO_NUMPY_PARALLEL...
APPROACH 7: QMATMUL_ALGO_NUMPY_PARALLEL DONE. [time: 0.007330656051635742 s, all close: True, speed-up vs reference: 311.32]
APPROACH 8: QMATMUL_ALGO_NUMBA_CUDA...
APPROACH 8: QMATMUL_ALGO_NUMBA_CUDA DONE. [time: 0.008526086807250977 s, all close: True, speed-up vs reference: 267.67]
REPETITION: 9/100:
APPROACH 1: QMATMUL_NAIVE_NUMBA_ST...
APPROACH 1: QMATMUL_NAIVE_NUMBA_ST DONE. [time: 2.2687246799468994 s, all close: True, speed-up vs reference: 1.01]
APPROACH 2: QMATMUL_NAIVE_NUMBA_PARALLEL...
APPROACH 2: QMATMUL_NAIVE_NUMBA_PARALLEL DONE. [time: 0.15242767333984375 s, all close: True, speed-up vs reference: 14.97]
APPROACH 3: QMATMUL_DIRECT_NUMPY_ST...
APPROACH 3: QMATMUL_DIRECT_NUMPY_ST DONE. [time: 0.01772761344909668 s, all close: True, speed-up vs reference: 128.73]
APPROACH 4: QMATMUL_DIRECT_NUMPY_PARALLEL...
APPROACH 4: QMATMUL_DIRECT_NUMPY_PARALLEL DONE. [time: 0.006148576736450195 s, all close: True, speed-up vs reference: 371.17]
APPROACH 5: QMATMUL_DIRECT_NUMBA_CUDA...
APPROACH 5: QMATMUL_DIRECT_NUMBA_CUDA DONE. [time: 0.0040547847747802734 s, all close: True, speed-up vs reference: 562.83]
APPROACH 6: QMATMUL_ALGO_NUMPY_ST...
APPROACH 6: QMATMUL_ALGO_NUMPY_ST DONE. [time: 0.022296428680419922 s, all close: True, speed-up vs reference: 102.35]
APPROACH 7: QMATMUL_ALGO_NUMPY_PARALLEL...
APPROACH 7: QMATMUL_ALGO_NUMPY_PARALLEL DONE. [time: 0.007358074188232422 s, all close: True, speed-up vs reference: 310.16]
APPROACH 8: QMATMUL_ALGO_NUMBA_CUDA...
APPROACH 8: QMATMUL_ALGO_NUMBA_CUDA DONE. [time: 0.008520364761352539 s, all close: True, speed-up vs reference: 267.85]
REPETITION: 10/100:
APPROACH 1: QMATMUL_NAIVE_NUMBA_ST...
APPROACH 1: QMATMUL_NAIVE_NUMBA_ST DONE. [time: 2.266188621520996 s, all close: True, speed-up vs reference: 1.01]
APPROACH 2: QMATMUL_NAIVE_NUMBA_PARALLEL...
APPROACH 2: QMATMUL_NAIVE_NUMBA_PARALLEL DONE. [time: 0.15443634986877441 s, all close: True, speed-up vs reference: 14.78]
APPROACH 3: QMATMUL_DIRECT_NUMPY_ST...
APPROACH 3: QMATMUL_DIRECT_NUMPY_ST DONE. [time: 0.017702341079711914 s, all close: True, speed-up vs reference: 128.92]
APPROACH 4: QMATMUL_DIRECT_NUMPY_PARALLEL...
APPROACH 4: QMATMUL_DIRECT_NUMPY_PARALLEL DONE. [time: 0.006173849105834961 s, all close: True, speed-up vs reference: 369.65]
APPROACH 5: QMATMUL_DIRECT_NUMBA_CUDA...
APPROACH 5: QMATMUL_DIRECT_NUMBA_CUDA DONE. [time: 0.004058837890625 s, all close: True, speed-up vs reference: 562.27]
APPROACH 6: QMATMUL_ALGO_NUMPY_ST...
APPROACH 6: QMATMUL_ALGO_NUMPY_ST DONE. [time: 0.022171735763549805 s, all close: True, speed-up vs reference: 102.93]
APPROACH 7: QMATMUL_ALGO_NUMPY_PARALLEL...
APPROACH 7: QMATMUL_ALGO_NUMPY_PARALLEL DONE. [time: 0.00734257698059082 s, all close: True, speed-up vs reference: 310.81]
APPROACH 8: QMATMUL_ALGO_NUMBA_CUDA...
APPROACH 8: QMATMUL_ALGO_NUMBA_CUDA DONE. [time: 0.008505582809448242 s, all close: True, speed-up vs reference: 268.31]
REPETITION: 11/100:
APPROACH 1: QMATMUL_NAIVE_NUMBA_ST...
APPROACH 1: QMATMUL_NAIVE_NUMBA_ST DONE. [time: 2.2692806720733643 s, all close: True, speed-up vs reference: 1.01]
APPROACH 2: QMATMUL_NAIVE_NUMBA_PARALLEL...
APPROACH 2: QMATMUL_NAIVE_NUMBA_PARALLEL DONE. [time: 0.13580775260925293 s, all close: True, speed-up vs reference: 16.80]
APPROACH 3: QMATMUL_DIRECT_NUMPY_ST...
APPROACH 3: QMATMUL_DIRECT_NUMPY_ST DONE. [time: 0.018165111541748047 s, all close: True, speed-up vs reference: 125.63]
APPROACH 4: QMATMUL_DIRECT_NUMPY_PARALLEL...
APPROACH 4: QMATMUL_DIRECT_NUMPY_PARALLEL DONE. [time: 0.008615732192993164 s, all close: True, speed-up vs reference: 264.88]
APPROACH 5: QMATMUL_DIRECT_NUMBA_CUDA...
APPROACH 5: QMATMUL_DIRECT_NUMBA_CUDA DONE. [time: 0.004087686538696289 s, all close: True, speed-up vs reference: 558.30]
APPROACH 6: QMATMUL_ALGO_NUMPY_ST...
APPROACH 6: QMATMUL_ALGO_NUMPY_ST DONE. [time: 0.053205013275146484 s, all close: True, speed-up vs reference: 42.89]
APPROACH 7: QMATMUL_ALGO_NUMPY_PARALLEL...
APPROACH 7: QMATMUL_ALGO_NUMPY_PARALLEL DONE. [time: 0.01430821418762207 s, all close: True, speed-up vs reference: 159.50]
APPROACH 8: QMATMUL_ALGO_NUMBA_CUDA...
APPROACH 8: QMATMUL_ALGO_NUMBA_CUDA DONE. [time: 0.007383823394775391 s, all close: True, speed-up vs reference: 309.07]
REPETITION: 12/100:
APPROACH 1: QMATMUL_NAIVE_NUMBA_ST...
APPROACH 1: QMATMUL_NAIVE_NUMBA_ST DONE. [time: 2.2815983295440674 s, all close: True, speed-up vs reference: 1.00]
APPROACH 2: QMATMUL_NAIVE_NUMBA_PARALLEL...
APPROACH 2: QMATMUL_NAIVE_NUMBA_PARALLEL DONE. [time: 0.14589428901672363 s, all close: True, speed-up vs reference: 15.64]
APPROACH 3: QMATMUL_DIRECT_NUMPY_ST...
APPROACH 3: QMATMUL_DIRECT_NUMPY_ST DONE. [time: 0.017713546752929688 s, all close: True, speed-up vs reference: 128.84]
APPROACH 4: QMATMUL_DIRECT_NUMPY_PARALLEL...
APPROACH 4: QMATMUL_DIRECT_NUMPY_PARALLEL DONE. [time: 0.006197929382324219 s, all close: True, speed-up vs reference: 368.21]
APPROACH 5: QMATMUL_DIRECT_NUMBA_CUDA...
APPROACH 5: QMATMUL_DIRECT_NUMBA_CUDA DONE. [time: 0.005337715148925781 s, all close: True, speed-up vs reference: 427.55]
APPROACH 6: QMATMUL_ALGO_NUMPY_ST...
APPROACH 6: QMATMUL_ALGO_NUMPY_ST DONE. [time: 0.022268056869506836 s, all close: True, speed-up vs reference: 102.49]
APPROACH 7: QMATMUL_ALGO_NUMPY_PARALLEL...
APPROACH 7: QMATMUL_ALGO_NUMPY_PARALLEL DONE. [time: 0.007421731948852539 s, all close: True, speed-up vs reference: 307.50]
APPROACH 8: QMATMUL_ALGO_NUMBA_CUDA...
APPROACH 8: QMATMUL_ALGO_NUMBA_CUDA DONE. [time: 0.007371425628662109 s, all close: True, speed-up vs reference: 309.59]
REPETITION: 13/100:
APPROACH 1: QMATMUL_NAIVE_NUMBA_ST...
APPROACH 1: QMATMUL_NAIVE_NUMBA_ST DONE. [time: 2.27046275138855 s, all close: True, speed-up vs reference: 1.01]
APPROACH 2: QMATMUL_NAIVE_NUMBA_PARALLEL...
APPROACH 2: QMATMUL_NAIVE_NUMBA_PARALLEL DONE. [time: 0.1353898048400879 s, all close: True, speed-up vs reference: 16.86]
APPROACH 3: QMATMUL_DIRECT_NUMPY_ST...
APPROACH 3: QMATMUL_DIRECT_NUMPY_ST DONE. [time: 0.017708778381347656 s, all close: True, speed-up vs reference: 128.87]
APPROACH 4: QMATMUL_DIRECT_NUMPY_PARALLEL...
APPROACH 4: QMATMUL_DIRECT_NUMPY_PARALLEL DONE. [time: 0.0062103271484375 s, all close: True, speed-up vs reference: 367.48]
APPROACH 5: QMATMUL_DIRECT_NUMBA_CUDA...
APPROACH 5: QMATMUL_DIRECT_NUMBA_CUDA DONE. [time: 0.0053253173828125 s, all close: True, speed-up vs reference: 428.55]
APPROACH 6: QMATMUL_ALGO_NUMPY_ST...
APPROACH 6: QMATMUL_ALGO_NUMPY_ST DONE. [time: 0.022493600845336914 s, all close: True, speed-up vs reference: 101.46]
APPROACH 7: QMATMUL_ALGO_NUMPY_PARALLEL...
APPROACH 7: QMATMUL_ALGO_NUMPY_PARALLEL DONE. [time: 0.007349252700805664 s, all close: True, speed-up vs reference: 310.53]
APPROACH 8: QMATMUL_ALGO_NUMBA_CUDA...
APPROACH 8: QMATMUL_ALGO_NUMBA_CUDA DONE. [time: 0.008203506469726562 s, all close: True, speed-up vs reference: 278.19]
REPETITION: 14/100:
APPROACH 1: QMATMUL_NAIVE_NUMBA_ST...
APPROACH 1: QMATMUL_NAIVE_NUMBA_ST DONE. [time: 2.271164894104004 s, all close: True, speed-up vs reference: 1.00]
APPROACH 2: QMATMUL_NAIVE_NUMBA_PARALLEL...
APPROACH 2: QMATMUL_NAIVE_NUMBA_PARALLEL DONE. [time: 0.13796544075012207 s, all close: True, speed-up vs reference: 16.54]
APPROACH 3: QMATMUL_DIRECT_NUMPY_ST...
APPROACH 3: QMATMUL_DIRECT_NUMPY_ST DONE. [time: 0.017826557159423828 s, all close: True, speed-up vs reference: 128.02]
APPROACH 4: QMATMUL_DIRECT_NUMPY_PARALLEL...
APPROACH 4: QMATMUL_DIRECT_NUMPY_PARALLEL DONE. [time: 0.007991313934326172 s, all close: True, speed-up vs reference: 285.58]
APPROACH 5: QMATMUL_DIRECT_NUMBA_CUDA...
APPROACH 5: QMATMUL_DIRECT_NUMBA_CUDA DONE. [time: 0.004831075668334961 s, all close: True, speed-up vs reference: 472.39]
APPROACH 6: QMATMUL_ALGO_NUMPY_ST...
APPROACH 6: QMATMUL_ALGO_NUMPY_ST DONE. [time: 0.015485286712646484 s, all close: True, speed-up vs reference: 147.38]
APPROACH 7: QMATMUL_ALGO_NUMPY_PARALLEL...
APPROACH 7: QMATMUL_ALGO_NUMPY_PARALLEL DONE. [time: 0.007330417633056641 s, all close: True, speed-up vs reference: 311.33]
APPROACH 8: QMATMUL_ALGO_NUMBA_CUDA...
APPROACH 8: QMATMUL_ALGO_NUMBA_CUDA DONE. [time: 0.007786750793457031 s, all close: True, speed-up vs reference: 293.08]
REPETITION: 15/100:
APPROACH 1: QMATMUL_NAIVE_NUMBA_ST...
APPROACH 1: QMATMUL_NAIVE_NUMBA_ST DONE. [time: 2.271575450897217 s, all close: True, speed-up vs reference: 1.00]
APPROACH 2: QMATMUL_NAIVE_NUMBA_PARALLEL...
APPROACH 2: QMATMUL_NAIVE_NUMBA_PARALLEL DONE. [time: 0.13562870025634766 s, all close: True, speed-up vs reference: 16.83]
APPROACH 3: QMATMUL_DIRECT_NUMPY_ST...
APPROACH 3: QMATMUL_DIRECT_NUMPY_ST DONE. [time: 0.017634868621826172 s, all close: True, speed-up vs reference: 129.41]
APPROACH 4: QMATMUL_DIRECT_NUMPY_PARALLEL...
APPROACH 4: QMATMUL_DIRECT_NUMPY_PARALLEL DONE. [time: 0.006206035614013672 s, all close: True, speed-up vs reference: 367.73]
APPROACH 5: QMATMUL_DIRECT_NUMBA_CUDA...
APPROACH 5: QMATMUL_DIRECT_NUMBA_CUDA DONE. [time: 0.005326271057128906 s, all close: True, speed-up vs reference: 428.47]
APPROACH 6: QMATMUL_ALGO_NUMPY_ST...
APPROACH 6: QMATMUL_ALGO_NUMPY_ST DONE. [time: 0.0225067138671875 s, all close: True, speed-up vs reference: 101.40]
APPROACH 7: QMATMUL_ALGO_NUMPY_PARALLEL...
APPROACH 7: QMATMUL_ALGO_NUMPY_PARALLEL DONE. [time: 0.0073201656341552734 s, all close: True, speed-up vs reference: 311.76]
APPROACH 8: QMATMUL_ALGO_NUMBA_CUDA...
APPROACH 8: QMATMUL_ALGO_NUMBA_CUDA DONE. [time: 0.007219791412353516 s, all close: True, speed-up vs reference: 316.10]
REPETITION: 16/100:
APPROACH 1: QMATMUL_NAIVE_NUMBA_ST...
APPROACH 1: QMATMUL_NAIVE_NUMBA_ST DONE. [time: 2.2709386348724365 s, all close: True, speed-up vs reference: 1.00]
APPROACH 2: QMATMUL_NAIVE_NUMBA_PARALLEL...
APPROACH 2: QMATMUL_NAIVE_NUMBA_PARALLEL DONE. [time: 0.1373581886291504 s, all close: True, speed-up vs reference: 16.61]
APPROACH 3: QMATMUL_DIRECT_NUMPY_ST...
APPROACH 3: QMATMUL_DIRECT_NUMPY_ST DONE. [time: 0.017708301544189453 s, all close: True, speed-up vs reference: 128.87]
APPROACH 4: QMATMUL_DIRECT_NUMPY_PARALLEL...
APPROACH 4: QMATMUL_DIRECT_NUMPY_PARALLEL DONE. [time: 0.006138801574707031 s, all close: True, speed-up vs reference: 371.76]
APPROACH 5: QMATMUL_DIRECT_NUMBA_CUDA...
APPROACH 5: QMATMUL_DIRECT_NUMBA_CUDA DONE. [time: 0.0055425167083740234 s, all close: True, speed-up vs reference: 411.75]
APPROACH 6: QMATMUL_ALGO_NUMPY_ST...
APPROACH 6: QMATMUL_ALGO_NUMPY_ST DONE. [time: 0.022307157516479492 s, all close: True, speed-up vs reference: 102.31]
APPROACH 7: QMATMUL_ALGO_NUMPY_PARALLEL...
APPROACH 7: QMATMUL_ALGO_NUMPY_PARALLEL DONE. [time: 0.007355213165283203 s, all close: True, speed-up vs reference: 310.28]
APPROACH 8: QMATMUL_ALGO_NUMBA_CUDA...
APPROACH 8: QMATMUL_ALGO_NUMBA_CUDA DONE. [time: 0.007079124450683594 s, all close: True, speed-up vs reference: 322.38]
REPETITION: 17/100:
APPROACH 1: QMATMUL_NAIVE_NUMBA_ST...
APPROACH 1: QMATMUL_NAIVE_NUMBA_ST DONE. [time: 2.364331007003784 s, all close: True, speed-up vs reference: 0.97]
APPROACH 2: QMATMUL_NAIVE_NUMBA_PARALLEL...
APPROACH 2: QMATMUL_NAIVE_NUMBA_PARALLEL DONE. [time: 0.13588786125183105 s, all close: True, speed-up vs reference: 16.79]
APPROACH 3: QMATMUL_DIRECT_NUMPY_ST...
APPROACH 3: QMATMUL_DIRECT_NUMPY_ST DONE. [time: 0.01778721809387207 s, all close: True, speed-up vs reference: 128.30]
APPROACH 4: QMATMUL_DIRECT_NUMPY_PARALLEL...
APPROACH 4: QMATMUL_DIRECT_NUMPY_PARALLEL DONE. [time: 0.006120920181274414 s, all close: True, speed-up vs reference: 372.84]
APPROACH 5: QMATMUL_DIRECT_NUMBA_CUDA...
APPROACH 5: QMATMUL_DIRECT_NUMBA_CUDA DONE. [time: 0.0056645870208740234 s, all close: True, speed-up vs reference: 402.88]
APPROACH 6: QMATMUL_ALGO_NUMPY_ST...
APPROACH 6: QMATMUL_ALGO_NUMPY_ST DONE. [time: 0.022494077682495117 s, all close: True, speed-up vs reference: 101.46]
APPROACH 7: QMATMUL_ALGO_NUMPY_PARALLEL...
APPROACH 7: QMATMUL_ALGO_NUMPY_PARALLEL DONE. [time: 0.00730586051940918 s, all close: True, speed-up vs reference: 312.37]
APPROACH 8: QMATMUL_ALGO_NUMBA_CUDA...
APPROACH 8: QMATMUL_ALGO_NUMBA_CUDA DONE. [time: 0.007067203521728516 s, all close: True, speed-up vs reference: 322.92]
REPETITION: 18/100:
APPROACH 1: QMATMUL_NAIVE_NUMBA_ST...
APPROACH 1: QMATMUL_NAIVE_NUMBA_ST DONE. [time: 2.2929372787475586 s, all close: True, speed-up vs reference: 1.00]
APPROACH 2: QMATMUL_NAIVE_NUMBA_PARALLEL...
APPROACH 2: QMATMUL_NAIVE_NUMBA_PARALLEL DONE. [time: 0.1357264518737793 s, all close: True, speed-up vs reference: 16.81]
APPROACH 3: QMATMUL_DIRECT_NUMPY_ST...
APPROACH 3: QMATMUL_DIRECT_NUMPY_ST DONE. [time: 0.017804384231567383 s, all close: True, speed-up vs reference: 128.18]
APPROACH 4: QMATMUL_DIRECT_NUMPY_PARALLEL...
APPROACH 4: QMATMUL_DIRECT_NUMPY_PARALLEL DONE. [time: 0.006172895431518555 s, all close: True, speed-up vs reference: 369.70]
APPROACH 5: QMATMUL_DIRECT_NUMBA_CUDA...
APPROACH 5: QMATMUL_DIRECT_NUMBA_CUDA DONE. [time: 0.004046916961669922 s, all close: True, speed-up vs reference: 563.92]
APPROACH 6: QMATMUL_ALGO_NUMPY_ST...
APPROACH 6: QMATMUL_ALGO_NUMPY_ST DONE. [time: 0.022243022918701172 s, all close: True, speed-up vs reference: 102.60]
APPROACH 7: QMATMUL_ALGO_NUMPY_PARALLEL...
APPROACH 7: QMATMUL_ALGO_NUMPY_PARALLEL DONE. [time: 0.007298469543457031 s, all close: True, speed-up vs reference: 312.69]
APPROACH 8: QMATMUL_ALGO_NUMBA_CUDA...
APPROACH 8: QMATMUL_ALGO_NUMBA_CUDA DONE. [time: 0.008595466613769531 s, all close: True, speed-up vs reference: 265.51]
REPETITION: 19/100:
APPROACH 1: QMATMUL_NAIVE_NUMBA_ST...
APPROACH 1: QMATMUL_NAIVE_NUMBA_ST DONE. [time: 2.270745277404785 s, all close: True, speed-up vs reference: 1.01]
APPROACH 2: QMATMUL_NAIVE_NUMBA_PARALLEL...
APPROACH 2: QMATMUL_NAIVE_NUMBA_PARALLEL DONE. [time: 0.13811135292053223 s, all close: True, speed-up vs reference: 16.52]
APPROACH 3: QMATMUL_DIRECT_NUMPY_ST...
APPROACH 3: QMATMUL_DIRECT_NUMPY_ST DONE. [time: 0.01763153076171875 s, all close: True, speed-up vs reference: 129.44]
APPROACH 4: QMATMUL_DIRECT_NUMPY_PARALLEL...
APPROACH 4: QMATMUL_DIRECT_NUMPY_PARALLEL DONE. [time: 0.00855708122253418 s, all close: True, speed-up vs reference: 266.70]
APPROACH 5: QMATMUL_DIRECT_NUMBA_CUDA...
APPROACH 5: QMATMUL_DIRECT_NUMBA_CUDA DONE. [time: 0.004047870635986328 s, all close: True, speed-up vs reference: 563.79]
APPROACH 6: QMATMUL_ALGO_NUMPY_ST...
APPROACH 6: QMATMUL_ALGO_NUMPY_ST DONE. [time: 0.022507667541503906 s, all close: True, speed-up vs reference: 101.39]
APPROACH 7: QMATMUL_ALGO_NUMPY_PARALLEL...
APPROACH 7: QMATMUL_ALGO_NUMPY_PARALLEL DONE. [time: 0.008554697036743164 s, all close: True, speed-up vs reference: 266.77]
APPROACH 8: QMATMUL_ALGO_NUMBA_CUDA...
APPROACH 8: QMATMUL_ALGO_NUMBA_CUDA DONE. [time: 0.009296655654907227 s, all close: True, speed-up vs reference: 245.48]
REPETITION: 20/100:
APPROACH 1: QMATMUL_NAIVE_NUMBA_ST...
APPROACH 1: QMATMUL_NAIVE_NUMBA_ST DONE. [time: 2.269458293914795 s, all close: True, speed-up vs reference: 1.01]
APPROACH 2: QMATMUL_NAIVE_NUMBA_PARALLEL...
APPROACH 2: QMATMUL_NAIVE_NUMBA_PARALLEL DONE. [time: 0.13583827018737793 s, all close: True, speed-up vs reference: 16.80]
APPROACH 3: QMATMUL_DIRECT_NUMPY_ST...
APPROACH 3: QMATMUL_DIRECT_NUMPY_ST DONE. [time: 0.0176544189453125 s, all close: True, speed-up vs reference: 129.27]
APPROACH 4: QMATMUL_DIRECT_NUMPY_PARALLEL...
APPROACH 4: QMATMUL_DIRECT_NUMPY_PARALLEL DONE. [time: 0.006165027618408203 s, all close: True, speed-up vs reference: 370.18]
APPROACH 5: QMATMUL_DIRECT_NUMBA_CUDA...
APPROACH 5: QMATMUL_DIRECT_NUMBA_CUDA DONE. [time: 0.004070281982421875 s, all close: True, speed-up vs reference: 560.69]
APPROACH 6: QMATMUL_ALGO_NUMPY_ST...
APPROACH 6: QMATMUL_ALGO_NUMPY_ST DONE. [time: 0.022247314453125 s, all close: True, speed-up vs reference: 102.58]
APPROACH 7: QMATMUL_ALGO_NUMPY_PARALLEL...
APPROACH 7: QMATMUL_ALGO_NUMPY_PARALLEL DONE. [time: 0.0073926448822021484 s, all close: True, speed-up vs reference: 308.71]
APPROACH 8: QMATMUL_ALGO_NUMBA_CUDA...
APPROACH 8: QMATMUL_ALGO_NUMBA_CUDA DONE. [time: 0.00878453254699707 s, all close: True, speed-up vs reference: 259.79]
REPETITION: 21/100:
APPROACH 1: QMATMUL_NAIVE_NUMBA_ST...
APPROACH 1: QMATMUL_NAIVE_NUMBA_ST DONE. [time: 2.270404815673828 s, all close: True, speed-up vs reference: 1.01]
APPROACH 2: QMATMUL_NAIVE_NUMBA_PARALLEL...
APPROACH 2: QMATMUL_NAIVE_NUMBA_PARALLEL DONE. [time: 0.13597321510314941 s, all close: True, speed-up vs reference: 16.78]
APPROACH 3: QMATMUL_DIRECT_NUMPY_ST...
APPROACH 3: QMATMUL_DIRECT_NUMPY_ST DONE. [time: 0.017728328704833984 s, all close: True, speed-up vs reference: 128.73]
APPROACH 4: QMATMUL_DIRECT_NUMPY_PARALLEL...
APPROACH 4: QMATMUL_DIRECT_NUMPY_PARALLEL DONE. [time: 0.006242036819458008 s, all close: True, speed-up vs reference: 365.61]
APPROACH 5: QMATMUL_DIRECT_NUMBA_CUDA...
APPROACH 5: QMATMUL_DIRECT_NUMBA_CUDA DONE. [time: 0.004062652587890625 s, all close: True, speed-up vs reference: 561.74]
APPROACH 6: QMATMUL_ALGO_NUMPY_ST...
APPROACH 6: QMATMUL_ALGO_NUMPY_ST DONE. [time: 0.022587299346923828 s, all close: True, speed-up vs reference: 101.04]
APPROACH 7: QMATMUL_ALGO_NUMPY_PARALLEL...
APPROACH 7: QMATMUL_ALGO_NUMPY_PARALLEL DONE. [time: 0.00731348991394043 s, all close: True, speed-up vs reference: 312.05]
APPROACH 8: QMATMUL_ALGO_NUMBA_CUDA...
APPROACH 8: QMATMUL_ALGO_NUMBA_CUDA DONE. [time: 0.008702278137207031 s, all close: True, speed-up vs reference: 262.25]
REPETITION: 22/100:
APPROACH 1: QMATMUL_NAIVE_NUMBA_ST...
APPROACH 1: QMATMUL_NAIVE_NUMBA_ST DONE. [time: 2.356818437576294 s, all close: True, speed-up vs reference: 0.97]
APPROACH 2: QMATMUL_NAIVE_NUMBA_PARALLEL...
APPROACH 2: QMATMUL_NAIVE_NUMBA_PARALLEL DONE. [time: 0.1353752613067627 s, all close: True, speed-up vs reference: 16.86]
APPROACH 3: QMATMUL_DIRECT_NUMPY_ST...
APPROACH 3: QMATMUL_DIRECT_NUMPY_ST DONE. [time: 0.01787567138671875 s, all close: True, speed-up vs reference: 127.67]
APPROACH 4: QMATMUL_DIRECT_NUMPY_PARALLEL...
APPROACH 4: QMATMUL_DIRECT_NUMPY_PARALLEL DONE. [time: 0.006181955337524414 s, all close: True, speed-up vs reference: 369.16]
APPROACH 5: QMATMUL_DIRECT_NUMBA_CUDA...
APPROACH 5: QMATMUL_DIRECT_NUMBA_CUDA DONE. [time: 0.004059553146362305 s, all close: True, speed-up vs reference: 562.17]
APPROACH 6: QMATMUL_ALGO_NUMPY_ST...
APPROACH 6: QMATMUL_ALGO_NUMPY_ST DONE. [time: 0.022478103637695312 s, all close: True, speed-up vs reference: 101.53]
APPROACH 7: QMATMUL_ALGO_NUMPY_PARALLEL...
APPROACH 7: QMATMUL_ALGO_NUMPY_PARALLEL DONE. [time: 0.007329225540161133 s, all close: True, speed-up vs reference: 311.38]
APPROACH 8: QMATMUL_ALGO_NUMBA_CUDA...
APPROACH 8: QMATMUL_ALGO_NUMBA_CUDA DONE. [time: 0.007531404495239258 s, all close: True, speed-up vs reference: 303.02]
REPETITION: 23/100:
APPROACH 1: QMATMUL_NAIVE_NUMBA_ST...
APPROACH 1: QMATMUL_NAIVE_NUMBA_ST DONE. [time: 2.2712793350219727 s, all close: True, speed-up vs reference: 1.00]
APPROACH 2: QMATMUL_NAIVE_NUMBA_PARALLEL...
APPROACH 2: QMATMUL_NAIVE_NUMBA_PARALLEL DONE. [time: 0.13541531562805176 s, all close: True, speed-up vs reference: 16.85]
APPROACH 3: QMATMUL_DIRECT_NUMPY_ST...
APPROACH 3: QMATMUL_DIRECT_NUMPY_ST DONE. [time: 0.017766714096069336 s, all close: True, speed-up vs reference: 128.45]
APPROACH 4: QMATMUL_DIRECT_NUMPY_PARALLEL...
APPROACH 4: QMATMUL_DIRECT_NUMPY_PARALLEL DONE. [time: 0.006206035614013672 s, all close: True, speed-up vs reference: 367.73]
APPROACH 5: QMATMUL_DIRECT_NUMBA_CUDA...
APPROACH 5: QMATMUL_DIRECT_NUMBA_CUDA DONE. [time: 0.005318641662597656 s, all close: True, speed-up vs reference: 429.09]
APPROACH 6: QMATMUL_ALGO_NUMPY_ST...
APPROACH 6: QMATMUL_ALGO_NUMPY_ST DONE. [time: 0.02234196662902832 s, all close: True, speed-up vs reference: 102.15]
APPROACH 7: QMATMUL_ALGO_NUMPY_PARALLEL...
APPROACH 7: QMATMUL_ALGO_NUMPY_PARALLEL DONE. [time: 0.007341623306274414 s, all close: True, speed-up vs reference: 310.85]
APPROACH 8: QMATMUL_ALGO_NUMBA_CUDA...
APPROACH 8: QMATMUL_ALGO_NUMBA_CUDA DONE. [time: 0.0074884891510009766 s, all close: True, speed-up vs reference: 304.75]
REPETITION: 24/100:
APPROACH 1: QMATMUL_NAIVE_NUMBA_ST...
APPROACH 1: QMATMUL_NAIVE_NUMBA_ST DONE. [time: 2.2700634002685547 s, all close: True, speed-up vs reference: 1.01]
APPROACH 2: QMATMUL_NAIVE_NUMBA_PARALLEL...
APPROACH 2: QMATMUL_NAIVE_NUMBA_PARALLEL DONE. [time: 0.13556861877441406 s, all close: True, speed-up vs reference: 16.83]
APPROACH 3: QMATMUL_DIRECT_NUMPY_ST...
APPROACH 3: QMATMUL_DIRECT_NUMPY_ST DONE. [time: 0.017595291137695312 s, all close: True, speed-up vs reference: 129.70]
APPROACH 4: QMATMUL_DIRECT_NUMPY_PARALLEL...
APPROACH 4: QMATMUL_DIRECT_NUMPY_PARALLEL DONE. [time: 0.006188631057739258 s, all close: True, speed-up vs reference: 368.76]
APPROACH 5: QMATMUL_DIRECT_NUMBA_CUDA...
APPROACH 5: QMATMUL_DIRECT_NUMBA_CUDA DONE. [time: 0.008860111236572266 s, all close: True, speed-up vs reference: 257.58]
APPROACH 6: QMATMUL_ALGO_NUMPY_ST...
APPROACH 6: QMATMUL_ALGO_NUMPY_ST DONE. [time: 0.022469520568847656 s, all close: True, speed-up vs reference: 101.57]
APPROACH 7: QMATMUL_ALGO_NUMPY_PARALLEL...
APPROACH 7: QMATMUL_ALGO_NUMPY_PARALLEL DONE. [time: 0.007389068603515625 s, all close: True, speed-up vs reference: 308.85]
APPROACH 8: QMATMUL_ALGO_NUMBA_CUDA...
APPROACH 8: QMATMUL_ALGO_NUMBA_CUDA DONE. [time: 0.013321638107299805 s, all close: True, speed-up vs reference: 171.31]
REPETITION: 25/100:
APPROACH 1: QMATMUL_NAIVE_NUMBA_ST...
APPROACH 1: QMATMUL_NAIVE_NUMBA_ST DONE. [time: 2.297044515609741 s, all close: True, speed-up vs reference: 0.99]
APPROACH 2: QMATMUL_NAIVE_NUMBA_PARALLEL...
APPROACH 2: QMATMUL_NAIVE_NUMBA_PARALLEL DONE. [time: 0.13556599617004395 s, all close: True, speed-up vs reference: 16.83]
APPROACH 3: QMATMUL_DIRECT_NUMPY_ST...
APPROACH 3: QMATMUL_DIRECT_NUMPY_ST DONE. [time: 0.01775193214416504 s, all close: True, speed-up vs reference: 128.56]
APPROACH 4: QMATMUL_DIRECT_NUMPY_PARALLEL...
APPROACH 4: QMATMUL_DIRECT_NUMPY_PARALLEL DONE. [time: 0.006175994873046875 s, all close: True, speed-up vs reference: 369.52]
APPROACH 5: QMATMUL_DIRECT_NUMBA_CUDA...
APPROACH 5: QMATMUL_DIRECT_NUMBA_CUDA DONE. [time: 0.00531768798828125 s, all close: True, speed-up vs reference: 429.16]
APPROACH 6: QMATMUL_ALGO_NUMPY_ST...
APPROACH 6: QMATMUL_ALGO_NUMPY_ST DONE. [time: 0.022233009338378906 s, all close: True, speed-up vs reference: 102.65]
APPROACH 7: QMATMUL_ALGO_NUMPY_PARALLEL...
APPROACH 7: QMATMUL_ALGO_NUMPY_PARALLEL DONE. [time: 0.007316112518310547 s, all close: True, speed-up vs reference: 311.93]
APPROACH 8: QMATMUL_ALGO_NUMBA_CUDA...
APPROACH 8: QMATMUL_ALGO_NUMBA_CUDA DONE. [time: 0.007605552673339844 s, all close: True, speed-up vs reference: 300.06]
REPETITION: 26/100:
APPROACH 1: QMATMUL_NAIVE_NUMBA_ST...
APPROACH 1: QMATMUL_NAIVE_NUMBA_ST DONE. [time: 2.2692697048187256 s, all close: True, speed-up vs reference: 1.01]
APPROACH 2: QMATMUL_NAIVE_NUMBA_PARALLEL...
APPROACH 2: QMATMUL_NAIVE_NUMBA_PARALLEL DONE. [time: 0.1355884075164795 s, all close: True, speed-up vs reference: 16.83]
APPROACH 3: QMATMUL_DIRECT_NUMPY_ST...
APPROACH 3: QMATMUL_DIRECT_NUMPY_ST DONE. [time: 0.017765045166015625 s, all close: True, speed-up vs reference: 128.46]
APPROACH 4: QMATMUL_DIRECT_NUMPY_PARALLEL...
APPROACH 4: QMATMUL_DIRECT_NUMPY_PARALLEL DONE. [time: 0.0061609745025634766 s, all close: True, speed-up vs reference: 370.42]
APPROACH 5: QMATMUL_DIRECT_NUMBA_CUDA...
APPROACH 5: QMATMUL_DIRECT_NUMBA_CUDA DONE. [time: 0.00535130500793457 s, all close: True, speed-up vs reference: 426.47]
APPROACH 6: QMATMUL_ALGO_NUMPY_ST...
APPROACH 6: QMATMUL_ALGO_NUMPY_ST DONE. [time: 0.02236318588256836 s, all close: True, speed-up vs reference: 102.05]
APPROACH 7: QMATMUL_ALGO_NUMPY_PARALLEL...
APPROACH 7: QMATMUL_ALGO_NUMPY_PARALLEL DONE. [time: 0.007318735122680664 s, all close: True, speed-up vs reference: 311.82]
APPROACH 8: QMATMUL_ALGO_NUMBA_CUDA...
APPROACH 8: QMATMUL_ALGO_NUMBA_CUDA DONE. [time: 0.007400035858154297 s, all close: True, speed-up vs reference: 308.40]
REPETITION: 27/100:
APPROACH 1: QMATMUL_NAIVE_NUMBA_ST...
APPROACH 1: QMATMUL_NAIVE_NUMBA_ST DONE. [time: 2.2710800170898438 s, all close: True, speed-up vs reference: 1.00]
APPROACH 2: QMATMUL_NAIVE_NUMBA_PARALLEL...
APPROACH 2: QMATMUL_NAIVE_NUMBA_PARALLEL DONE. [time: 0.16065144538879395 s, all close: True, speed-up vs reference: 14.21]
APPROACH 3: QMATMUL_DIRECT_NUMPY_ST...
APPROACH 3: QMATMUL_DIRECT_NUMPY_ST DONE. [time: 0.017724037170410156 s, all close: True, speed-up vs reference: 128.76]
APPROACH 4: QMATMUL_DIRECT_NUMPY_PARALLEL...
APPROACH 4: QMATMUL_DIRECT_NUMPY_PARALLEL DONE. [time: 0.00626683235168457 s, all close: True, speed-up vs reference: 364.16]
APPROACH 5: QMATMUL_DIRECT_NUMBA_CUDA...
APPROACH 5: QMATMUL_DIRECT_NUMBA_CUDA DONE. [time: 0.005542755126953125 s, all close: True, speed-up vs reference: 411.74]
APPROACH 6: QMATMUL_ALGO_NUMPY_ST...
APPROACH 6: QMATMUL_ALGO_NUMPY_ST DONE. [time: 0.022478103637695312 s, all close: True, speed-up vs reference: 101.53]
APPROACH 7: QMATMUL_ALGO_NUMPY_PARALLEL...
APPROACH 7: QMATMUL_ALGO_NUMPY_PARALLEL DONE. [time: 0.007429599761962891 s, all close: True, speed-up vs reference: 307.17]
APPROACH 8: QMATMUL_ALGO_NUMBA_CUDA...
APPROACH 8: QMATMUL_ALGO_NUMBA_CUDA DONE. [time: 0.007106304168701172 s, all close: True, speed-up vs reference: 321.14]
REPETITION: 28/100:
APPROACH 1: QMATMUL_NAIVE_NUMBA_ST...
APPROACH 1: QMATMUL_NAIVE_NUMBA_ST DONE. [time: 2.270484447479248 s, all close: True, speed-up vs reference: 1.01]
APPROACH 2: QMATMUL_NAIVE_NUMBA_PARALLEL...
APPROACH 2: QMATMUL_NAIVE_NUMBA_PARALLEL DONE. [time: 0.13559317588806152 s, all close: True, speed-up vs reference: 16.83]
APPROACH 3: QMATMUL_DIRECT_NUMPY_ST...
APPROACH 3: QMATMUL_DIRECT_NUMPY_ST DONE. [time: 0.017737150192260742 s, all close: True, speed-up vs reference: 128.66]
APPROACH 4: QMATMUL_DIRECT_NUMPY_PARALLEL...
APPROACH 4: QMATMUL_DIRECT_NUMPY_PARALLEL DONE. [time: 0.006150722503662109 s, all close: True, speed-up vs reference: 371.04]
APPROACH 5: QMATMUL_DIRECT_NUMBA_CUDA...
APPROACH 5: QMATMUL_DIRECT_NUMBA_CUDA DONE. [time: 0.00565791130065918 s, all close: True, speed-up vs reference: 403.36]
APPROACH 6: QMATMUL_ALGO_NUMPY_ST...
APPROACH 6: QMATMUL_ALGO_NUMPY_ST DONE. [time: 0.022263050079345703 s, all close: True, speed-up vs reference: 102.51]
APPROACH 7: QMATMUL_ALGO_NUMPY_PARALLEL...
APPROACH 7: QMATMUL_ALGO_NUMPY_PARALLEL DONE. [time: 0.007358551025390625 s, all close: True, speed-up vs reference: 310.14]
APPROACH 8: QMATMUL_ALGO_NUMBA_CUDA...
APPROACH 8: QMATMUL_ALGO_NUMBA_CUDA DONE. [time: 0.007092475891113281 s, all close: True, speed-up vs reference: 321.77]
REPETITION: 29/100:
APPROACH 1: QMATMUL_NAIVE_NUMBA_ST...
APPROACH 1: QMATMUL_NAIVE_NUMBA_ST DONE. [time: 2.2544662952423096 s, all close: True, speed-up vs reference: 1.01]
APPROACH 2: QMATMUL_NAIVE_NUMBA_PARALLEL...
APPROACH 2: QMATMUL_NAIVE_NUMBA_PARALLEL DONE. [time: 0.13549041748046875 s, all close: True, speed-up vs reference: 16.84]
APPROACH 3: QMATMUL_DIRECT_NUMPY_ST...
APPROACH 3: QMATMUL_DIRECT_NUMPY_ST DONE. [time: 0.017714262008666992 s, all close: True, speed-up vs reference: 128.83]
APPROACH 4: QMATMUL_DIRECT_NUMPY_PARALLEL...
APPROACH 4: QMATMUL_DIRECT_NUMPY_PARALLEL DONE. [time: 0.006163120269775391 s, all close: True, speed-up vs reference: 370.29]
APPROACH 5: QMATMUL_DIRECT_NUMBA_CUDA...
APPROACH 5: QMATMUL_DIRECT_NUMBA_CUDA DONE. [time: 0.004037141799926758 s, all close: True, speed-up vs reference: 565.29]
APPROACH 6: QMATMUL_ALGO_NUMPY_ST...
APPROACH 6: QMATMUL_ALGO_NUMPY_ST DONE. [time: 0.022469758987426758 s, all close: True, speed-up vs reference: 101.57]
APPROACH 7: QMATMUL_ALGO_NUMPY_PARALLEL...
APPROACH 7: QMATMUL_ALGO_NUMPY_PARALLEL DONE. [time: 0.007336616516113281 s, all close: True, speed-up vs reference: 311.06]
APPROACH 8: QMATMUL_ALGO_NUMBA_CUDA...
APPROACH 8: QMATMUL_ALGO_NUMBA_CUDA DONE. [time: 0.008640289306640625 s, all close: True, speed-up vs reference: 264.13]
REPETITION: 30/100:
APPROACH 1: QMATMUL_NAIVE_NUMBA_ST...
APPROACH 1: QMATMUL_NAIVE_NUMBA_ST DONE. [time: 2.2927303314208984 s, all close: True, speed-up vs reference: 1.00]
APPROACH 2: QMATMUL_NAIVE_NUMBA_PARALLEL...
APPROACH 2: QMATMUL_NAIVE_NUMBA_PARALLEL DONE. [time: 0.135589599609375 s, all close: True, speed-up vs reference: 16.83]
APPROACH 3: QMATMUL_DIRECT_NUMPY_ST...
APPROACH 3: QMATMUL_DIRECT_NUMPY_ST DONE. [time: 0.017663002014160156 s, all close: True, speed-up vs reference: 129.21]
APPROACH 4: QMATMUL_DIRECT_NUMPY_PARALLEL...
APPROACH 4: QMATMUL_DIRECT_NUMPY_PARALLEL DONE. [time: 0.006203651428222656 s, all close: True, speed-up vs reference: 367.87]
APPROACH 5: QMATMUL_DIRECT_NUMBA_CUDA...
APPROACH 5: QMATMUL_DIRECT_NUMBA_CUDA DONE. [time: 0.004051685333251953 s, all close: True, speed-up vs reference: 563.26]
APPROACH 6: QMATMUL_ALGO_NUMPY_ST...
APPROACH 6: QMATMUL_ALGO_NUMPY_ST DONE. [time: 0.022252321243286133 s, all close: True, speed-up vs reference: 102.56]
APPROACH 7: QMATMUL_ALGO_NUMPY_PARALLEL...
APPROACH 7: QMATMUL_ALGO_NUMPY_PARALLEL DONE. [time: 0.007403850555419922 s, all close: True, speed-up vs reference: 308.24]
APPROACH 8: QMATMUL_ALGO_NUMBA_CUDA...
APPROACH 8: QMATMUL_ALGO_NUMBA_CUDA DONE. [time: 0.008722543716430664 s, all close: True, speed-up vs reference: 261.64]
REPETITION: 31/100:
APPROACH 1: QMATMUL_NAIVE_NUMBA_ST...
APPROACH 1: QMATMUL_NAIVE_NUMBA_ST DONE. [time: 2.3502867221832275 s, all close: True, speed-up vs reference: 0.97]
APPROACH 2: QMATMUL_NAIVE_NUMBA_PARALLEL...
APPROACH 2: QMATMUL_NAIVE_NUMBA_PARALLEL DONE. [time: 0.13533687591552734 s, all close: True, speed-up vs reference: 16.86]
APPROACH 3: QMATMUL_DIRECT_NUMPY_ST...
APPROACH 3: QMATMUL_DIRECT_NUMPY_ST DONE. [time: 0.017724275588989258 s, all close: True, speed-up vs reference: 128.76]
APPROACH 4: QMATMUL_DIRECT_NUMPY_PARALLEL...
APPROACH 4: QMATMUL_DIRECT_NUMPY_PARALLEL DONE. [time: 0.006192922592163086 s, all close: True, speed-up vs reference: 368.51]
APPROACH 5: QMATMUL_DIRECT_NUMBA_CUDA...
APPROACH 5: QMATMUL_DIRECT_NUMBA_CUDA DONE. [time: 0.0040471553802490234 s, all close: True, speed-up vs reference: 563.89]
APPROACH 6: QMATMUL_ALGO_NUMPY_ST...
APPROACH 6: QMATMUL_ALGO_NUMPY_ST DONE. [time: 0.022663593292236328 s, all close: True, speed-up vs reference: 100.70]
APPROACH 7: QMATMUL_ALGO_NUMPY_PARALLEL...
APPROACH 7: QMATMUL_ALGO_NUMPY_PARALLEL DONE. [time: 0.007354259490966797 s, all close: True, speed-up vs reference: 310.32]
APPROACH 8: QMATMUL_ALGO_NUMBA_CUDA...
APPROACH 8: QMATMUL_ALGO_NUMBA_CUDA DONE. [time: 0.00885462760925293 s, all close: True, speed-up vs reference: 257.74]
REPETITION: 32/100:
APPROACH 1: QMATMUL_NAIVE_NUMBA_ST...
APPROACH 1: QMATMUL_NAIVE_NUMBA_ST DONE. [time: 2.2696051597595215 s, all close: True, speed-up vs reference: 1.01]
APPROACH 2: QMATMUL_NAIVE_NUMBA_PARALLEL...
APPROACH 2: QMATMUL_NAIVE_NUMBA_PARALLEL DONE. [time: 0.1644582748413086 s, all close: True, speed-up vs reference: 13.88]
APPROACH 3: QMATMUL_DIRECT_NUMPY_ST...
APPROACH 3: QMATMUL_DIRECT_NUMPY_ST DONE. [time: 0.017747879028320312 s, all close: True, speed-up vs reference: 128.59]
APPROACH 4: QMATMUL_DIRECT_NUMPY_PARALLEL...
APPROACH 4: QMATMUL_DIRECT_NUMPY_PARALLEL DONE. [time: 0.006203174591064453 s, all close: True, speed-up vs reference: 367.90]
APPROACH 5: QMATMUL_DIRECT_NUMBA_CUDA...
APPROACH 5: QMATMUL_DIRECT_NUMBA_CUDA DONE. [time: 0.004063606262207031 s, all close: True, speed-up vs reference: 561.61]
APPROACH 6: QMATMUL_ALGO_NUMPY_ST...
APPROACH 6: QMATMUL_ALGO_NUMPY_ST DONE. [time: 0.02224445343017578 s, all close: True, speed-up vs reference: 102.59]
APPROACH 7: QMATMUL_ALGO_NUMPY_PARALLEL...
APPROACH 7: QMATMUL_ALGO_NUMPY_PARALLEL DONE. [time: 0.007380485534667969 s, all close: True, speed-up vs reference: 309.21]
APPROACH 8: QMATMUL_ALGO_NUMBA_CUDA...
APPROACH 8: QMATMUL_ALGO_NUMBA_CUDA DONE. [time: 0.008797407150268555 s, all close: True, speed-up vs reference: 259.41]
REPETITION: 33/100:
APPROACH 1: QMATMUL_NAIVE_NUMBA_ST...
APPROACH 1: QMATMUL_NAIVE_NUMBA_ST DONE. [time: 2.2711641788482666 s, all close: True, speed-up vs reference: 1.00]
APPROACH 2: QMATMUL_NAIVE_NUMBA_PARALLEL...
APPROACH 2: QMATMUL_NAIVE_NUMBA_PARALLEL DONE. [time: 0.1361095905303955 s, all close: True, speed-up vs reference: 16.77]
APPROACH 3: QMATMUL_DIRECT_NUMPY_ST...
APPROACH 3: QMATMUL_DIRECT_NUMPY_ST DONE. [time: 0.017674684524536133 s, all close: True, speed-up vs reference: 129.12]
APPROACH 4: QMATMUL_DIRECT_NUMPY_PARALLEL...
APPROACH 4: QMATMUL_DIRECT_NUMPY_PARALLEL DONE. [time: 0.006222248077392578 s, all close: True, speed-up vs reference: 366.77]
APPROACH 5: QMATMUL_DIRECT_NUMBA_CUDA...
APPROACH 5: QMATMUL_DIRECT_NUMBA_CUDA DONE. [time: 0.004067659378051758 s, all close: True, speed-up vs reference: 561.05]
APPROACH 6: QMATMUL_ALGO_NUMPY_ST...
APPROACH 6: QMATMUL_ALGO_NUMPY_ST DONE. [time: 0.022716760635375977 s, all close: True, speed-up vs reference: 100.46]
APPROACH 7: QMATMUL_ALGO_NUMPY_PARALLEL...
APPROACH 7: QMATMUL_ALGO_NUMPY_PARALLEL DONE. [time: 0.0074384212493896484 s, all close: True, speed-up vs reference: 306.81]
APPROACH 8: QMATMUL_ALGO_NUMBA_CUDA...
APPROACH 8: QMATMUL_ALGO_NUMBA_CUDA DONE. [time: 0.007523536682128906 s, all close: True, speed-up vs reference: 303.33]
REPETITION: 34/100:
APPROACH 1: QMATMUL_NAIVE_NUMBA_ST...
APPROACH 1: QMATMUL_NAIVE_NUMBA_ST DONE. [time: 2.292651414871216 s, all close: True, speed-up vs reference: 1.00]
APPROACH 2: QMATMUL_NAIVE_NUMBA_PARALLEL...
APPROACH 2: QMATMUL_NAIVE_NUMBA_PARALLEL DONE. [time: 0.13558745384216309 s, all close: True, speed-up vs reference: 16.83]
APPROACH 3: QMATMUL_DIRECT_NUMPY_ST...
APPROACH 3: QMATMUL_DIRECT_NUMPY_ST DONE. [time: 0.01777505874633789 s, all close: True, speed-up vs reference: 128.39]
APPROACH 4: QMATMUL_DIRECT_NUMPY_PARALLEL...
APPROACH 4: QMATMUL_DIRECT_NUMPY_PARALLEL DONE. [time: 0.006258726119995117 s, all close: True, speed-up vs reference: 364.63]
APPROACH 5: QMATMUL_DIRECT_NUMBA_CUDA...
APPROACH 5: QMATMUL_DIRECT_NUMBA_CUDA DONE. [time: 0.00531005859375 s, all close: True, speed-up vs reference: 429.78]
APPROACH 6: QMATMUL_ALGO_NUMPY_ST...
APPROACH 6: QMATMUL_ALGO_NUMPY_ST DONE. [time: 0.022505521774291992 s, all close: True, speed-up vs reference: 101.40]
APPROACH 7: QMATMUL_ALGO_NUMPY_PARALLEL...
APPROACH 7: QMATMUL_ALGO_NUMPY_PARALLEL DONE. [time: 0.007340669631958008 s, all close: True, speed-up vs reference: 310.89]
APPROACH 8: QMATMUL_ALGO_NUMBA_CUDA...
APPROACH 8: QMATMUL_ALGO_NUMBA_CUDA DONE. [time: 0.007482767105102539 s, all close: True, speed-up vs reference: 304.99]
REPETITION: 35/100:
APPROACH 1: QMATMUL_NAIVE_NUMBA_ST...
APPROACH 1: QMATMUL_NAIVE_NUMBA_ST DONE. [time: 2.2717607021331787 s, all close: True, speed-up vs reference: 1.00]
APPROACH 2: QMATMUL_NAIVE_NUMBA_PARALLEL...
APPROACH 2: QMATMUL_NAIVE_NUMBA_PARALLEL DONE. [time: 0.1495075225830078 s, all close: True, speed-up vs reference: 15.26]
APPROACH 3: QMATMUL_DIRECT_NUMPY_ST...
APPROACH 3: QMATMUL_DIRECT_NUMPY_ST DONE. [time: 0.01783895492553711 s, all close: True, speed-up vs reference: 127.93]
APPROACH 4: QMATMUL_DIRECT_NUMPY_PARALLEL...
APPROACH 4: QMATMUL_DIRECT_NUMPY_PARALLEL DONE. [time: 0.0061566829681396484 s, all close: True, speed-up vs reference: 370.68]
APPROACH 5: QMATMUL_DIRECT_NUMBA_CUDA...
APPROACH 5: QMATMUL_DIRECT_NUMBA_CUDA DONE. [time: 0.005311250686645508 s, all close: True, speed-up vs reference: 429.68]
APPROACH 6: QMATMUL_ALGO_NUMPY_ST...
APPROACH 6: QMATMUL_ALGO_NUMPY_ST DONE. [time: 0.02245020866394043 s, all close: True, speed-up vs reference: 101.65]
APPROACH 7: QMATMUL_ALGO_NUMPY_PARALLEL...
APPROACH 7: QMATMUL_ALGO_NUMPY_PARALLEL DONE. [time: 0.007332324981689453 s, all close: True, speed-up vs reference: 311.25]
APPROACH 8: QMATMUL_ALGO_NUMBA_CUDA...
APPROACH 8: QMATMUL_ALGO_NUMBA_CUDA DONE. [time: 0.0074863433837890625 s, all close: True, speed-up vs reference: 304.84]
REPETITION: 36/100:
APPROACH 1: QMATMUL_NAIVE_NUMBA_ST...
APPROACH 1: QMATMUL_NAIVE_NUMBA_ST DONE. [time: 2.2699668407440186 s, all close: True, speed-up vs reference: 1.01]
APPROACH 2: QMATMUL_NAIVE_NUMBA_PARALLEL...
APPROACH 2: QMATMUL_NAIVE_NUMBA_PARALLEL DONE. [time: 0.13559865951538086 s, all close: True, speed-up vs reference: 16.83]
APPROACH 3: QMATMUL_DIRECT_NUMPY_ST...
APPROACH 3: QMATMUL_DIRECT_NUMPY_ST DONE. [time: 0.017718791961669922 s, all close: True, speed-up vs reference: 128.80]
APPROACH 4: QMATMUL_DIRECT_NUMPY_PARALLEL...
APPROACH 4: QMATMUL_DIRECT_NUMPY_PARALLEL DONE. [time: 0.0061817169189453125 s, all close: True, speed-up vs reference: 369.18]
APPROACH 5: QMATMUL_DIRECT_NUMBA_CUDA...
APPROACH 5: QMATMUL_DIRECT_NUMBA_CUDA DONE. [time: 0.00529026985168457 s, all close: True, speed-up vs reference: 431.39]
APPROACH 6: QMATMUL_ALGO_NUMPY_ST...
APPROACH 6: QMATMUL_ALGO_NUMPY_ST DONE. [time: 0.022528648376464844 s, all close: True, speed-up vs reference: 101.30]
APPROACH 7: QMATMUL_ALGO_NUMPY_PARALLEL...
APPROACH 7: QMATMUL_ALGO_NUMPY_PARALLEL DONE. [time: 0.0073320865631103516 s, all close: True, speed-up vs reference: 311.26]
APPROACH 8: QMATMUL_ALGO_NUMBA_CUDA...
APPROACH 8: QMATMUL_ALGO_NUMBA_CUDA DONE. [time: 0.00749516487121582 s, all close: True, speed-up vs reference: 304.48]
REPETITION: 37/100:
APPROACH 1: QMATMUL_NAIVE_NUMBA_ST...
APPROACH 1: QMATMUL_NAIVE_NUMBA_ST DONE. [time: 2.2727346420288086 s, all close: True, speed-up vs reference: 1.00]
APPROACH 2: QMATMUL_NAIVE_NUMBA_PARALLEL...
APPROACH 2: QMATMUL_NAIVE_NUMBA_PARALLEL DONE. [time: 0.1362459659576416 s, all close: True, speed-up vs reference: 16.75]
APPROACH 3: QMATMUL_DIRECT_NUMPY_ST...
APPROACH 3: QMATMUL_DIRECT_NUMPY_ST DONE. [time: 0.01764702796936035 s, all close: True, speed-up vs reference: 129.32]
APPROACH 4: QMATMUL_DIRECT_NUMPY_PARALLEL...
APPROACH 4: QMATMUL_DIRECT_NUMPY_PARALLEL DONE. [time: 0.006171226501464844 s, all close: True, speed-up vs reference: 369.80]
APPROACH 5: QMATMUL_DIRECT_NUMBA_CUDA...
APPROACH 5: QMATMUL_DIRECT_NUMBA_CUDA DONE. [time: 0.0052945613861083984 s, all close: True, speed-up vs reference: 431.04]
APPROACH 6: QMATMUL_ALGO_NUMPY_ST...
APPROACH 6: QMATMUL_ALGO_NUMPY_ST DONE. [time: 0.0225679874420166 s, all close: True, speed-up vs reference: 101.12]
APPROACH 7: QMATMUL_ALGO_NUMPY_PARALLEL...
APPROACH 7: QMATMUL_ALGO_NUMPY_PARALLEL DONE. [time: 0.030031919479370117 s, all close: True, speed-up vs reference: 75.99]
APPROACH 8: QMATMUL_ALGO_NUMBA_CUDA...
APPROACH 8: QMATMUL_ALGO_NUMBA_CUDA DONE. [time: 0.007471799850463867 s, all close: True, speed-up vs reference: 305.44]
REPETITION: 38/100:
APPROACH 1: QMATMUL_NAIVE_NUMBA_ST...
APPROACH 1: QMATMUL_NAIVE_NUMBA_ST DONE. [time: 2.2702255249023438 s, all close: True, speed-up vs reference: 1.01]
APPROACH 2: QMATMUL_NAIVE_NUMBA_PARALLEL...
APPROACH 2: QMATMUL_NAIVE_NUMBA_PARALLEL DONE. [time: 0.1361093521118164 s, all close: True, speed-up vs reference: 16.77]
APPROACH 3: QMATMUL_DIRECT_NUMPY_ST...
APPROACH 3: QMATMUL_DIRECT_NUMPY_ST DONE. [time: 0.01767873764038086 s, all close: True, speed-up vs reference: 129.09]
APPROACH 4: QMATMUL_DIRECT_NUMPY_PARALLEL...
APPROACH 4: QMATMUL_DIRECT_NUMPY_PARALLEL DONE. [time: 0.006200313568115234 s, all close: True, speed-up vs reference: 368.07]
APPROACH 5: QMATMUL_DIRECT_NUMBA_CUDA...
APPROACH 5: QMATMUL_DIRECT_NUMBA_CUDA DONE. [time: 0.005560874938964844 s, all close: True, speed-up vs reference: 410.39]
APPROACH 6: QMATMUL_ALGO_NUMPY_ST...
APPROACH 6: QMATMUL_ALGO_NUMPY_ST DONE. [time: 0.022510051727294922 s, all close: True, speed-up vs reference: 101.38]
APPROACH 7: QMATMUL_ALGO_NUMPY_PARALLEL...
APPROACH 7: QMATMUL_ALGO_NUMPY_PARALLEL DONE. [time: 0.007349491119384766 s, all close: True, speed-up vs reference: 310.52]
APPROACH 8: QMATMUL_ALGO_NUMBA_CUDA...
APPROACH 8: QMATMUL_ALGO_NUMBA_CUDA DONE. [time: 0.007216453552246094 s, all close: True, speed-up vs reference: 316.24]
REPETITION: 39/100:
APPROACH 1: QMATMUL_NAIVE_NUMBA_ST...
APPROACH 1: QMATMUL_NAIVE_NUMBA_ST DONE. [time: 2.2737882137298584 s, all close: True, speed-up vs reference: 1.00]
APPROACH 2: QMATMUL_NAIVE_NUMBA_PARALLEL...
APPROACH 2: QMATMUL_NAIVE_NUMBA_PARALLEL DONE. [time: 0.14660906791687012 s, all close: True, speed-up vs reference: 15.57]
APPROACH 3: QMATMUL_DIRECT_NUMPY_ST...
APPROACH 3: QMATMUL_DIRECT_NUMPY_ST DONE. [time: 0.01774287223815918 s, all close: True, speed-up vs reference: 128.62]
APPROACH 4: QMATMUL_DIRECT_NUMPY_PARALLEL...
APPROACH 4: QMATMUL_DIRECT_NUMPY_PARALLEL DONE. [time: 0.006386280059814453 s, all close: True, speed-up vs reference: 357.35]
APPROACH 5: QMATMUL_DIRECT_NUMBA_CUDA...
APPROACH 5: QMATMUL_DIRECT_NUMBA_CUDA DONE. [time: 0.005666971206665039 s, all close: True, speed-up vs reference: 402.71]
APPROACH 6: QMATMUL_ALGO_NUMPY_ST...
APPROACH 6: QMATMUL_ALGO_NUMPY_ST DONE. [time: 0.022558212280273438 s, all close: True, speed-up vs reference: 101.17]
APPROACH 7: QMATMUL_ALGO_NUMPY_PARALLEL...
APPROACH 7: QMATMUL_ALGO_NUMPY_PARALLEL DONE. [time: 0.007356405258178711 s, all close: True, speed-up vs reference: 310.23]
APPROACH 8: QMATMUL_ALGO_NUMBA_CUDA...
APPROACH 8: QMATMUL_ALGO_NUMBA_CUDA DONE. [time: 0.007066011428833008 s, all close: True, speed-up vs reference: 322.98]
REPETITION: 40/100:
APPROACH 1: QMATMUL_NAIVE_NUMBA_ST...
APPROACH 1: QMATMUL_NAIVE_NUMBA_ST DONE. [time: 2.2665584087371826 s, all close: True, speed-up vs reference: 1.01]
APPROACH 2: QMATMUL_NAIVE_NUMBA_PARALLEL...
APPROACH 2: QMATMUL_NAIVE_NUMBA_PARALLEL DONE. [time: 0.16417169570922852 s, all close: True, speed-up vs reference: 13.90]
APPROACH 3: QMATMUL_DIRECT_NUMPY_ST...
APPROACH 3: QMATMUL_DIRECT_NUMPY_ST DONE. [time: 0.017724990844726562 s, all close: True, speed-up vs reference: 128.75]
APPROACH 4: QMATMUL_DIRECT_NUMPY_PARALLEL...
APPROACH 4: QMATMUL_DIRECT_NUMPY_PARALLEL DONE. [time: 0.006223440170288086 s, all close: True, speed-up vs reference: 366.70]
APPROACH 5: QMATMUL_DIRECT_NUMBA_CUDA...
APPROACH 5: QMATMUL_DIRECT_NUMBA_CUDA DONE. [time: 0.0040514469146728516 s, all close: True, speed-up vs reference: 563.29]
APPROACH 6: QMATMUL_ALGO_NUMPY_ST...
APPROACH 6: QMATMUL_ALGO_NUMPY_ST DONE. [time: 0.02237987518310547 s, all close: True, speed-up vs reference: 101.97]
APPROACH 7: QMATMUL_ALGO_NUMPY_PARALLEL...
APPROACH 7: QMATMUL_ALGO_NUMPY_PARALLEL DONE. [time: 0.0073702335357666016 s, all close: True, speed-up vs reference: 309.64]
APPROACH 8: QMATMUL_ALGO_NUMBA_CUDA...
APPROACH 8: QMATMUL_ALGO_NUMBA_CUDA DONE. [time: 0.008796215057373047 s, all close: True, speed-up vs reference: 259.45]
REPETITION: 41/100:
APPROACH 1: QMATMUL_NAIVE_NUMBA_ST...
APPROACH 1: QMATMUL_NAIVE_NUMBA_ST DONE. [time: 2.281061887741089 s, all close: True, speed-up vs reference: 1.00]
APPROACH 2: QMATMUL_NAIVE_NUMBA_PARALLEL...
APPROACH 2: QMATMUL_NAIVE_NUMBA_PARALLEL DONE. [time: 0.13576650619506836 s, all close: True, speed-up vs reference: 16.81]
APPROACH 3: QMATMUL_DIRECT_NUMPY_ST...
APPROACH 3: QMATMUL_DIRECT_NUMPY_ST DONE. [time: 0.01774454116821289 s, all close: True, speed-up vs reference: 128.61]
APPROACH 4: QMATMUL_DIRECT_NUMPY_PARALLEL...
APPROACH 4: QMATMUL_DIRECT_NUMPY_PARALLEL DONE. [time: 0.0062046051025390625 s, all close: True, speed-up vs reference: 367.82]
APPROACH 5: QMATMUL_DIRECT_NUMBA_CUDA...
APPROACH 5: QMATMUL_DIRECT_NUMBA_CUDA DONE. [time: 0.004057407379150391 s, all close: True, speed-up vs reference: 562.47]
APPROACH 6: QMATMUL_ALGO_NUMPY_ST...
APPROACH 6: QMATMUL_ALGO_NUMPY_ST DONE. [time: 0.022496938705444336 s, all close: True, speed-up vs reference: 101.44]
APPROACH 7: QMATMUL_ALGO_NUMPY_PARALLEL...
APPROACH 7: QMATMUL_ALGO_NUMPY_PARALLEL DONE. [time: 0.007325887680053711 s, all close: True, speed-up vs reference: 311.52]
APPROACH 8: QMATMUL_ALGO_NUMBA_CUDA...
APPROACH 8: QMATMUL_ALGO_NUMBA_CUDA DONE. [time: 0.008706092834472656 s, all close: True, speed-up vs reference: 262.13]
REPETITION: 42/100:
APPROACH 1: QMATMUL_NAIVE_NUMBA_ST...
APPROACH 1: QMATMUL_NAIVE_NUMBA_ST DONE. [time: 2.2704927921295166 s, all close: True, speed-up vs reference: 1.01]
APPROACH 2: QMATMUL_NAIVE_NUMBA_PARALLEL...
APPROACH 2: QMATMUL_NAIVE_NUMBA_PARALLEL DONE. [time: 0.13561606407165527 s, all close: True, speed-up vs reference: 16.83]
APPROACH 3: QMATMUL_DIRECT_NUMPY_ST...
APPROACH 3: QMATMUL_DIRECT_NUMPY_ST DONE. [time: 0.01771855354309082 s, all close: True, speed-up vs reference: 128.80]
APPROACH 4: QMATMUL_DIRECT_NUMPY_PARALLEL...
APPROACH 4: QMATMUL_DIRECT_NUMPY_PARALLEL DONE. [time: 0.006188869476318359 s, all close: True, speed-up vs reference: 368.75]
APPROACH 5: QMATMUL_DIRECT_NUMBA_CUDA...
APPROACH 5: QMATMUL_DIRECT_NUMBA_CUDA DONE. [time: 0.00404810905456543 s, all close: True, speed-up vs reference: 563.76]
APPROACH 6: QMATMUL_ALGO_NUMPY_ST...
APPROACH 6: QMATMUL_ALGO_NUMPY_ST DONE. [time: 0.022607088088989258 s, all close: True, speed-up vs reference: 100.95]
APPROACH 7: QMATMUL_ALGO_NUMPY_PARALLEL...
APPROACH 7: QMATMUL_ALGO_NUMPY_PARALLEL DONE. [time: 0.007361412048339844 s, all close: True, speed-up vs reference: 310.02]
APPROACH 8: QMATMUL_ALGO_NUMBA_CUDA...
APPROACH 8: QMATMUL_ALGO_NUMBA_CUDA DONE. [time: 0.011612653732299805 s, all close: True, speed-up vs reference: 196.52]
REPETITION: 43/100:
APPROACH 1: QMATMUL_NAIVE_NUMBA_ST...
APPROACH 1: QMATMUL_NAIVE_NUMBA_ST DONE. [time: 2.2695178985595703 s, all close: True, speed-up vs reference: 1.01]
APPROACH 2: QMATMUL_NAIVE_NUMBA_PARALLEL...
APPROACH 2: QMATMUL_NAIVE_NUMBA_PARALLEL DONE. [time: 0.1363985538482666 s, all close: True, speed-up vs reference: 16.73]
APPROACH 3: QMATMUL_DIRECT_NUMPY_ST...
APPROACH 3: QMATMUL_DIRECT_NUMPY_ST DONE. [time: 0.017643451690673828 s, all close: True, speed-up vs reference: 129.35]
APPROACH 4: QMATMUL_DIRECT_NUMPY_PARALLEL...
APPROACH 4: QMATMUL_DIRECT_NUMPY_PARALLEL DONE. [time: 0.0063898563385009766 s, all close: True, speed-up vs reference: 357.15]
APPROACH 5: QMATMUL_DIRECT_NUMBA_CUDA...
APPROACH 5: QMATMUL_DIRECT_NUMBA_CUDA DONE. [time: 0.004044771194458008 s, all close: True, speed-up vs reference: 564.22]
APPROACH 6: QMATMUL_ALGO_NUMPY_ST...
APPROACH 6: QMATMUL_ALGO_NUMPY_ST DONE. [time: 0.022452354431152344 s, all close: True, speed-up vs reference: 101.64]
APPROACH 7: QMATMUL_ALGO_NUMPY_PARALLEL...
APPROACH 7: QMATMUL_ALGO_NUMPY_PARALLEL DONE. [time: 0.007393360137939453 s, all close: True, speed-up vs reference: 308.68]
APPROACH 8: QMATMUL_ALGO_NUMBA_CUDA...
APPROACH 8: QMATMUL_ALGO_NUMBA_CUDA DONE. [time: 0.009122371673583984 s, all close: True, speed-up vs reference: 250.17]
REPETITION: 44/100:
APPROACH 1: QMATMUL_NAIVE_NUMBA_ST...
APPROACH 1: QMATMUL_NAIVE_NUMBA_ST DONE. [time: 2.2696118354797363 s, all close: True, speed-up vs reference: 1.01]
APPROACH 2: QMATMUL_NAIVE_NUMBA_PARALLEL...
APPROACH 2: QMATMUL_NAIVE_NUMBA_PARALLEL DONE. [time: 0.1355419158935547 s, all close: True, speed-up vs reference: 16.84]
APPROACH 3: QMATMUL_DIRECT_NUMPY_ST...
APPROACH 3: QMATMUL_DIRECT_NUMPY_ST DONE. [time: 0.017742395401000977 s, all close: True, speed-up vs reference: 128.63]
APPROACH 4: QMATMUL_DIRECT_NUMPY_PARALLEL...
APPROACH 4: QMATMUL_DIRECT_NUMPY_PARALLEL DONE. [time: 0.006146669387817383 s, all close: True, speed-up vs reference: 371.28]
APPROACH 5: QMATMUL_DIRECT_NUMBA_CUDA...
APPROACH 5: QMATMUL_DIRECT_NUMBA_CUDA DONE. [time: 0.004059314727783203 s, all close: True, speed-up vs reference: 562.20]
APPROACH 6: QMATMUL_ALGO_NUMPY_ST...
APPROACH 6: QMATMUL_ALGO_NUMPY_ST DONE. [time: 0.02251458168029785 s, all close: True, speed-up vs reference: 101.36]
APPROACH 7: QMATMUL_ALGO_NUMPY_PARALLEL...
APPROACH 7: QMATMUL_ALGO_NUMPY_PARALLEL DONE. [time: 0.007361412048339844 s, all close: True, speed-up vs reference: 310.02]
APPROACH 8: QMATMUL_ALGO_NUMBA_CUDA...
APPROACH 8: QMATMUL_ALGO_NUMBA_CUDA DONE. [time: 0.007612705230712891 s, all close: True, speed-up vs reference: 299.78]
REPETITION: 45/100:
APPROACH 1: QMATMUL_NAIVE_NUMBA_ST...
APPROACH 1: QMATMUL_NAIVE_NUMBA_ST DONE. [time: 2.270570755004883 s, all close: True, speed-up vs reference: 1.01]
APPROACH 2: QMATMUL_NAIVE_NUMBA_PARALLEL...
APPROACH 2: QMATMUL_NAIVE_NUMBA_PARALLEL DONE. [time: 0.13734745979309082 s, all close: True, speed-up vs reference: 16.62]
APPROACH 3: QMATMUL_DIRECT_NUMPY_ST...
APPROACH 3: QMATMUL_DIRECT_NUMPY_ST DONE. [time: 0.01797628402709961 s, all close: True, speed-up vs reference: 126.95]
APPROACH 4: QMATMUL_DIRECT_NUMPY_PARALLEL...
APPROACH 4: QMATMUL_DIRECT_NUMPY_PARALLEL DONE. [time: 0.007848739624023438 s, all close: True, speed-up vs reference: 290.77]
APPROACH 5: QMATMUL_DIRECT_NUMBA_CUDA...
APPROACH 5: QMATMUL_DIRECT_NUMBA_CUDA DONE. [time: 0.005578756332397461 s, all close: True, speed-up vs reference: 409.08]
APPROACH 6: QMATMUL_ALGO_NUMPY_ST...
APPROACH 6: QMATMUL_ALGO_NUMPY_ST DONE. [time: 0.02302265167236328 s, all close: True, speed-up vs reference: 99.13]
APPROACH 7: QMATMUL_ALGO_NUMPY_PARALLEL...
APPROACH 7: QMATMUL_ALGO_NUMPY_PARALLEL DONE. [time: 0.0073435306549072266 s, all close: True, speed-up vs reference: 310.77]
APPROACH 8: QMATMUL_ALGO_NUMBA_CUDA...
APPROACH 8: QMATMUL_ALGO_NUMBA_CUDA DONE. [time: 0.0075032711029052734 s, all close: True, speed-up vs reference: 304.15]
REPETITION: 46/100:
APPROACH 1: QMATMUL_NAIVE_NUMBA_ST...
APPROACH 1: QMATMUL_NAIVE_NUMBA_ST DONE. [time: 2.269986152648926 s, all close: True, speed-up vs reference: 1.01]
APPROACH 2: QMATMUL_NAIVE_NUMBA_PARALLEL...
APPROACH 2: QMATMUL_NAIVE_NUMBA_PARALLEL DONE. [time: 0.13532090187072754 s, all close: True, speed-up vs reference: 16.86]
APPROACH 3: QMATMUL_DIRECT_NUMPY_ST...
APPROACH 3: QMATMUL_DIRECT_NUMPY_ST DONE. [time: 0.017696142196655273 s, all close: True, speed-up vs reference: 128.96]
APPROACH 4: QMATMUL_DIRECT_NUMPY_PARALLEL...
APPROACH 4: QMATMUL_DIRECT_NUMPY_PARALLEL DONE. [time: 0.006186962127685547 s, all close: True, speed-up vs reference: 368.86]
APPROACH 5: QMATMUL_DIRECT_NUMBA_CUDA...
APPROACH 5: QMATMUL_DIRECT_NUMBA_CUDA DONE. [time: 0.005316972732543945 s, all close: True, speed-up vs reference: 429.22]
APPROACH 6: QMATMUL_ALGO_NUMPY_ST...
APPROACH 6: QMATMUL_ALGO_NUMPY_ST DONE. [time: 0.022340774536132812 s, all close: True, speed-up vs reference: 102.15]
APPROACH 7: QMATMUL_ALGO_NUMPY_PARALLEL...
APPROACH 7: QMATMUL_ALGO_NUMPY_PARALLEL DONE. [time: 0.007376670837402344 s, all close: True, speed-up vs reference: 309.37]
APPROACH 8: QMATMUL_ALGO_NUMBA_CUDA...
APPROACH 8: QMATMUL_ALGO_NUMBA_CUDA DONE. [time: 0.0074923038482666016 s, all close: True, speed-up vs reference: 304.60]
REPETITION: 47/100:
APPROACH 1: QMATMUL_NAIVE_NUMBA_ST...
APPROACH 1: QMATMUL_NAIVE_NUMBA_ST DONE. [time: 2.271672010421753 s, all close: True, speed-up vs reference: 1.00]
APPROACH 2: QMATMUL_NAIVE_NUMBA_PARALLEL...
APPROACH 2: QMATMUL_NAIVE_NUMBA_PARALLEL DONE. [time: 0.1353614330291748 s, all close: True, speed-up vs reference: 16.86]
APPROACH 3: QMATMUL_DIRECT_NUMPY_ST...
APPROACH 3: QMATMUL_DIRECT_NUMPY_ST DONE. [time: 0.01765918731689453 s, all close: True, speed-up vs reference: 129.23]
APPROACH 4: QMATMUL_DIRECT_NUMPY_PARALLEL...
APPROACH 4: QMATMUL_DIRECT_NUMPY_PARALLEL DONE. [time: 0.006184577941894531 s, all close: True, speed-up vs reference: 369.01]
APPROACH 5: QMATMUL_DIRECT_NUMBA_CUDA...
APPROACH 5: QMATMUL_DIRECT_NUMBA_CUDA DONE. [time: 0.005323648452758789 s, all close: True, speed-up vs reference: 428.68]
APPROACH 6: QMATMUL_ALGO_NUMPY_ST...
APPROACH 6: QMATMUL_ALGO_NUMPY_ST DONE. [time: 0.022525548934936523 s, all close: True, speed-up vs reference: 101.31]
APPROACH 7: QMATMUL_ALGO_NUMPY_PARALLEL...
APPROACH 7: QMATMUL_ALGO_NUMPY_PARALLEL DONE. [time: 0.0073392391204833984 s, all close: True, speed-up vs reference: 310.95]
APPROACH 8: QMATMUL_ALGO_NUMBA_CUDA...
APPROACH 8: QMATMUL_ALGO_NUMBA_CUDA DONE. [time: 0.007498264312744141 s, all close: True, speed-up vs reference: 304.36]
REPETITION: 48/100:
APPROACH 1: QMATMUL_NAIVE_NUMBA_ST...
APPROACH 1: QMATMUL_NAIVE_NUMBA_ST DONE. [time: 2.2692883014678955 s, all close: True, speed-up vs reference: 1.01]
APPROACH 2: QMATMUL_NAIVE_NUMBA_PARALLEL...
APPROACH 2: QMATMUL_NAIVE_NUMBA_PARALLEL DONE. [time: 0.1522073745727539 s, all close: True, speed-up vs reference: 14.99]
APPROACH 3: QMATMUL_DIRECT_NUMPY_ST...
APPROACH 3: QMATMUL_DIRECT_NUMPY_ST DONE. [time: 0.01787114143371582 s, all close: True, speed-up vs reference: 127.70]
APPROACH 4: QMATMUL_DIRECT_NUMPY_PARALLEL...
APPROACH 4: QMATMUL_DIRECT_NUMPY_PARALLEL DONE. [time: 0.0061647891998291016 s, all close: True, speed-up vs reference: 370.19]
APPROACH 5: QMATMUL_DIRECT_NUMBA_CUDA...
APPROACH 5: QMATMUL_DIRECT_NUMBA_CUDA DONE. [time: 0.005319356918334961 s, all close: True, speed-up vs reference: 429.03]
APPROACH 6: QMATMUL_ALGO_NUMPY_ST...
APPROACH 6: QMATMUL_ALGO_NUMPY_ST DONE. [time: 0.022427797317504883 s, all close: True, speed-up vs reference: 101.76]
APPROACH 7: QMATMUL_ALGO_NUMPY_PARALLEL...
APPROACH 7: QMATMUL_ALGO_NUMPY_PARALLEL DONE. [time: 0.007657051086425781 s, all close: True, speed-up vs reference: 298.05]
APPROACH 8: QMATMUL_ALGO_NUMBA_CUDA...
APPROACH 8: QMATMUL_ALGO_NUMBA_CUDA DONE. [time: 0.007204294204711914 s, all close: True, speed-up vs reference: 316.78]
REPETITION: 49/100:
APPROACH 1: QMATMUL_NAIVE_NUMBA_ST...
APPROACH 1: QMATMUL_NAIVE_NUMBA_ST DONE. [time: 2.269287586212158 s, all close: True, speed-up vs reference: 1.01]
APPROACH 2: QMATMUL_NAIVE_NUMBA_PARALLEL...
APPROACH 2: QMATMUL_NAIVE_NUMBA_PARALLEL DONE. [time: 0.13509321212768555 s, all close: True, speed-up vs reference: 16.89]
APPROACH 3: QMATMUL_DIRECT_NUMPY_ST...
APPROACH 3: QMATMUL_DIRECT_NUMPY_ST DONE. [time: 0.017626047134399414 s, all close: True, speed-up vs reference: 129.48]
APPROACH 4: QMATMUL_DIRECT_NUMPY_PARALLEL...
APPROACH 4: QMATMUL_DIRECT_NUMPY_PARALLEL DONE. [time: 0.006257534027099609 s, all close: True, speed-up vs reference: 364.70]
APPROACH 5: QMATMUL_DIRECT_NUMBA_CUDA...
APPROACH 5: QMATMUL_DIRECT_NUMBA_CUDA DONE. [time: 0.005525112152099609 s, all close: True, speed-up vs reference: 413.05]
APPROACH 6: QMATMUL_ALGO_NUMPY_ST...
APPROACH 6: QMATMUL_ALGO_NUMPY_ST DONE. [time: 0.02251887321472168 s, all close: True, speed-up vs reference: 101.34]
APPROACH 7: QMATMUL_ALGO_NUMPY_PARALLEL...
APPROACH 7: QMATMUL_ALGO_NUMPY_PARALLEL DONE. [time: 0.007317066192626953 s, all close: True, speed-up vs reference: 311.89]
APPROACH 8: QMATMUL_ALGO_NUMBA_CUDA...
APPROACH 8: QMATMUL_ALGO_NUMBA_CUDA DONE. [time: 0.007239103317260742 s, all close: True, speed-up vs reference: 315.25]
REPETITION: 50/100:
APPROACH 1: QMATMUL_NAIVE_NUMBA_ST...
APPROACH 1: QMATMUL_NAIVE_NUMBA_ST DONE. [time: 2.3565237522125244 s, all close: True, speed-up vs reference: 0.97]
APPROACH 2: QMATMUL_NAIVE_NUMBA_PARALLEL...
APPROACH 2: QMATMUL_NAIVE_NUMBA_PARALLEL DONE. [time: 0.1353776454925537 s, all close: True, speed-up vs reference: 16.86]
APPROACH 3: QMATMUL_DIRECT_NUMPY_ST...
APPROACH 3: QMATMUL_DIRECT_NUMPY_ST DONE. [time: 0.017650365829467773 s, all close: True, speed-up vs reference: 129.30]
APPROACH 4: QMATMUL_DIRECT_NUMPY_PARALLEL...
APPROACH 4: QMATMUL_DIRECT_NUMPY_PARALLEL DONE. [time: 0.0061910152435302734 s, all close: True, speed-up vs reference: 368.62]
APPROACH 5: QMATMUL_DIRECT_NUMBA_CUDA...
APPROACH 5: QMATMUL_DIRECT_NUMBA_CUDA DONE. [time: 0.0056493282318115234 s, all close: True, speed-up vs reference: 403.97]
APPROACH 6: QMATMUL_ALGO_NUMPY_ST...
APPROACH 6: QMATMUL_ALGO_NUMPY_ST DONE. [time: 0.022563695907592773 s, all close: True, speed-up vs reference: 101.14]
APPROACH 7: QMATMUL_ALGO_NUMPY_PARALLEL...
APPROACH 7: QMATMUL_ALGO_NUMPY_PARALLEL DONE. [time: 0.025798320770263672 s, all close: True, speed-up vs reference: 88.46]
APPROACH 8: QMATMUL_ALGO_NUMBA_CUDA...
APPROACH 8: QMATMUL_ALGO_NUMBA_CUDA DONE. [time: 0.007252216339111328 s, all close: True, speed-up vs reference: 314.68]
REPETITION: 51/100:
APPROACH 1: QMATMUL_NAIVE_NUMBA_ST...
APPROACH 1: QMATMUL_NAIVE_NUMBA_ST DONE. [time: 2.27146577835083 s, all close: True, speed-up vs reference: 1.00]
APPROACH 2: QMATMUL_NAIVE_NUMBA_PARALLEL...
APPROACH 2: QMATMUL_NAIVE_NUMBA_PARALLEL DONE. [time: 0.13547420501708984 s, all close: True, speed-up vs reference: 16.85]
APPROACH 3: QMATMUL_DIRECT_NUMPY_ST...
APPROACH 3: QMATMUL_DIRECT_NUMPY_ST DONE. [time: 0.017640113830566406 s, all close: True, speed-up vs reference: 129.37]
APPROACH 4: QMATMUL_DIRECT_NUMPY_PARALLEL...
APPROACH 4: QMATMUL_DIRECT_NUMPY_PARALLEL DONE. [time: 0.006339311599731445 s, all close: True, speed-up vs reference: 360.00]
APPROACH 5: QMATMUL_DIRECT_NUMBA_CUDA...
APPROACH 5: QMATMUL_DIRECT_NUMBA_CUDA DONE. [time: 0.004040241241455078 s, all close: True, speed-up vs reference: 564.85]
APPROACH 6: QMATMUL_ALGO_NUMPY_ST...
APPROACH 6: QMATMUL_ALGO_NUMPY_ST DONE. [time: 0.022409677505493164 s, all close: True, speed-up vs reference: 101.84]
APPROACH 7: QMATMUL_ALGO_NUMPY_PARALLEL...
APPROACH 7: QMATMUL_ALGO_NUMPY_PARALLEL DONE. [time: 0.007353305816650391 s, all close: True, speed-up vs reference: 310.36]
APPROACH 8: QMATMUL_ALGO_NUMBA_CUDA...
APPROACH 8: QMATMUL_ALGO_NUMBA_CUDA DONE. [time: 0.008632659912109375 s, all close: True, speed-up vs reference: 264.36]
REPETITION: 52/100:
APPROACH 1: QMATMUL_NAIVE_NUMBA_ST...
APPROACH 1: QMATMUL_NAIVE_NUMBA_ST DONE. [time: 2.3214664459228516 s, all close: True, speed-up vs reference: 0.98]
APPROACH 2: QMATMUL_NAIVE_NUMBA_PARALLEL...
APPROACH 2: QMATMUL_NAIVE_NUMBA_PARALLEL DONE. [time: 0.13548517227172852 s, all close: True, speed-up vs reference: 16.84]
APPROACH 3: QMATMUL_DIRECT_NUMPY_ST...
APPROACH 3: QMATMUL_DIRECT_NUMPY_ST DONE. [time: 0.017709970474243164 s, all close: True, speed-up vs reference: 128.86]
APPROACH 4: QMATMUL_DIRECT_NUMPY_PARALLEL...
APPROACH 4: QMATMUL_DIRECT_NUMPY_PARALLEL DONE. [time: 0.006166696548461914 s, all close: True, speed-up vs reference: 370.08]
APPROACH 5: QMATMUL_DIRECT_NUMBA_CUDA...
APPROACH 5: QMATMUL_DIRECT_NUMBA_CUDA DONE. [time: 0.004043102264404297 s, all close: True, speed-up vs reference: 564.46]
APPROACH 6: QMATMUL_ALGO_NUMPY_ST...
APPROACH 6: QMATMUL_ALGO_NUMPY_ST DONE. [time: 0.022387981414794922 s, all close: True, speed-up vs reference: 101.94]
APPROACH 7: QMATMUL_ALGO_NUMPY_PARALLEL...
APPROACH 7: QMATMUL_ALGO_NUMPY_PARALLEL DONE. [time: 0.007402658462524414 s, all close: True, speed-up vs reference: 308.29]
APPROACH 8: QMATMUL_ALGO_NUMBA_CUDA...
APPROACH 8: QMATMUL_ALGO_NUMBA_CUDA DONE. [time: 0.008727073669433594 s, all close: True, speed-up vs reference: 261.50]
REPETITION: 53/100:
APPROACH 1: QMATMUL_NAIVE_NUMBA_ST...
APPROACH 1: QMATMUL_NAIVE_NUMBA_ST DONE. [time: 2.2740769386291504 s, all close: True, speed-up vs reference: 1.00]
APPROACH 2: QMATMUL_NAIVE_NUMBA_PARALLEL...
APPROACH 2: QMATMUL_NAIVE_NUMBA_PARALLEL DONE. [time: 0.14780282974243164 s, all close: True, speed-up vs reference: 15.44]
APPROACH 3: QMATMUL_DIRECT_NUMPY_ST...
APPROACH 3: QMATMUL_DIRECT_NUMPY_ST DONE. [time: 0.01775193214416504 s, all close: True, speed-up vs reference: 128.56]
APPROACH 4: QMATMUL_DIRECT_NUMPY_PARALLEL...
APPROACH 4: QMATMUL_DIRECT_NUMPY_PARALLEL DONE. [time: 0.006140947341918945 s, all close: True, speed-up vs reference: 371.63]
APPROACH 5: QMATMUL_DIRECT_NUMBA_CUDA...
APPROACH 5: QMATMUL_DIRECT_NUMBA_CUDA DONE. [time: 0.004047870635986328 s, all close: True, speed-up vs reference: 563.79]
APPROACH 6: QMATMUL_ALGO_NUMPY_ST...
APPROACH 6: QMATMUL_ALGO_NUMPY_ST DONE. [time: 0.02244853973388672 s, all close: True, speed-up vs reference: 101.66]
APPROACH 7: QMATMUL_ALGO_NUMPY_PARALLEL...
APPROACH 7: QMATMUL_ALGO_NUMPY_PARALLEL DONE. [time: 0.007340192794799805 s, all close: True, speed-up vs reference: 310.91]
APPROACH 8: QMATMUL_ALGO_NUMBA_CUDA...
APPROACH 8: QMATMUL_ALGO_NUMBA_CUDA DONE. [time: 0.008674383163452148 s, all close: True, speed-up vs reference: 263.09]
REPETITION: 54/100:
APPROACH 1: QMATMUL_NAIVE_NUMBA_ST...
APPROACH 1: QMATMUL_NAIVE_NUMBA_ST DONE. [time: 2.3042469024658203 s, all close: True, speed-up vs reference: 0.99]
APPROACH 2: QMATMUL_NAIVE_NUMBA_PARALLEL...
APPROACH 2: QMATMUL_NAIVE_NUMBA_PARALLEL DONE. [time: 0.17523741722106934 s, all close: True, speed-up vs reference: 13.02]
APPROACH 3: QMATMUL_DIRECT_NUMPY_ST...
APPROACH 3: QMATMUL_DIRECT_NUMPY_ST DONE. [time: 0.018139123916625977 s, all close: True, speed-up vs reference: 125.81]
APPROACH 4: QMATMUL_DIRECT_NUMPY_PARALLEL...
APPROACH 4: QMATMUL_DIRECT_NUMPY_PARALLEL DONE. [time: 0.008989334106445312 s, all close: True, speed-up vs reference: 253.87]
APPROACH 5: QMATMUL_DIRECT_NUMBA_CUDA...
APPROACH 5: QMATMUL_DIRECT_NUMBA_CUDA DONE. [time: 0.004120826721191406 s, all close: True, speed-up vs reference: 553.81]
APPROACH 6: QMATMUL_ALGO_NUMPY_ST...
APPROACH 6: QMATMUL_ALGO_NUMPY_ST DONE. [time: 0.023900508880615234 s, all close: True, speed-up vs reference: 95.49]
APPROACH 7: QMATMUL_ALGO_NUMPY_PARALLEL...
APPROACH 7: QMATMUL_ALGO_NUMPY_PARALLEL DONE. [time: 0.009099483489990234 s, all close: True, speed-up vs reference: 250.80]
APPROACH 8: QMATMUL_ALGO_NUMBA_CUDA...
APPROACH 8: QMATMUL_ALGO_NUMBA_CUDA DONE. [time: 0.008751392364501953 s, all close: True, speed-up vs reference: 260.78]
REPETITION: 55/100:
APPROACH 1: QMATMUL_NAIVE_NUMBA_ST...
APPROACH 1: QMATMUL_NAIVE_NUMBA_ST DONE. [time: 2.3380134105682373 s, all close: True, speed-up vs reference: 0.98]
APPROACH 2: QMATMUL_NAIVE_NUMBA_PARALLEL...
APPROACH 2: QMATMUL_NAIVE_NUMBA_PARALLEL DONE. [time: 0.16849684715270996 s, all close: True, speed-up vs reference: 13.54]
APPROACH 3: QMATMUL_DIRECT_NUMPY_ST...
APPROACH 3: QMATMUL_DIRECT_NUMPY_ST DONE. [time: 0.018254995346069336 s, all close: True, speed-up vs reference: 125.02]
APPROACH 4: QMATMUL_DIRECT_NUMPY_PARALLEL...
APPROACH 4: QMATMUL_DIRECT_NUMPY_PARALLEL DONE. [time: 0.010895252227783203 s, all close: True, speed-up vs reference: 209.46]
APPROACH 5: QMATMUL_DIRECT_NUMBA_CUDA...
APPROACH 5: QMATMUL_DIRECT_NUMBA_CUDA DONE. [time: 0.004120826721191406 s, all close: True, speed-up vs reference: 553.81]
APPROACH 6: QMATMUL_ALGO_NUMPY_ST...
APPROACH 6: QMATMUL_ALGO_NUMPY_ST DONE. [time: 0.023620128631591797 s, all close: True, speed-up vs reference: 96.62]
APPROACH 7: QMATMUL_ALGO_NUMPY_PARALLEL...
APPROACH 7: QMATMUL_ALGO_NUMPY_PARALLEL DONE. [time: 0.008645296096801758 s, all close: True, speed-up vs reference: 263.98]
APPROACH 8: QMATMUL_ALGO_NUMBA_CUDA...
APPROACH 8: QMATMUL_ALGO_NUMBA_CUDA DONE. [time: 0.007428646087646484 s, all close: True, speed-up vs reference: 307.21]
REPETITION: 56/100:
APPROACH 1: QMATMUL_NAIVE_NUMBA_ST...
APPROACH 1: QMATMUL_NAIVE_NUMBA_ST DONE. [time: 2.2909436225891113 s, all close: True, speed-up vs reference: 1.00]
APPROACH 2: QMATMUL_NAIVE_NUMBA_PARALLEL...
APPROACH 2: QMATMUL_NAIVE_NUMBA_PARALLEL DONE. [time: 0.1355748176574707 s, all close: True, speed-up vs reference: 16.83]
APPROACH 3: QMATMUL_DIRECT_NUMPY_ST...
APPROACH 3: QMATMUL_DIRECT_NUMPY_ST DONE. [time: 0.01790928840637207 s, all close: True, speed-up vs reference: 127.43]
APPROACH 4: QMATMUL_DIRECT_NUMPY_PARALLEL...
APPROACH 4: QMATMUL_DIRECT_NUMPY_PARALLEL DONE. [time: 0.006200313568115234 s, all close: True, speed-up vs reference: 368.07]
APPROACH 5: QMATMUL_DIRECT_NUMBA_CUDA...
APPROACH 5: QMATMUL_DIRECT_NUMBA_CUDA DONE. [time: 0.005343198776245117 s, all close: True, speed-up vs reference: 427.11]
APPROACH 6: QMATMUL_ALGO_NUMPY_ST...
APPROACH 6: QMATMUL_ALGO_NUMPY_ST DONE. [time: 0.022442340850830078 s, all close: True, speed-up vs reference: 101.69]
APPROACH 7: QMATMUL_ALGO_NUMPY_PARALLEL...
APPROACH 7: QMATMUL_ALGO_NUMPY_PARALLEL DONE. [time: 0.00734400749206543 s, all close: True, speed-up vs reference: 310.75]
APPROACH 8: QMATMUL_ALGO_NUMBA_CUDA...
APPROACH 8: QMATMUL_ALGO_NUMBA_CUDA DONE. [time: 0.007271289825439453 s, all close: True, speed-up vs reference: 313.86]
REPETITION: 57/100:
APPROACH 1: QMATMUL_NAIVE_NUMBA_ST...
APPROACH 1: QMATMUL_NAIVE_NUMBA_ST DONE. [time: 2.3600099086761475 s, all close: True, speed-up vs reference: 0.97]
APPROACH 2: QMATMUL_NAIVE_NUMBA_PARALLEL...
APPROACH 2: QMATMUL_NAIVE_NUMBA_PARALLEL DONE. [time: 0.13600778579711914 s, all close: True, speed-up vs reference: 16.78]
APPROACH 3: QMATMUL_DIRECT_NUMPY_ST...
APPROACH 3: QMATMUL_DIRECT_NUMPY_ST DONE. [time: 0.017840862274169922 s, all close: True, speed-up vs reference: 127.92]
APPROACH 4: QMATMUL_DIRECT_NUMPY_PARALLEL...
APPROACH 4: QMATMUL_DIRECT_NUMPY_PARALLEL DONE. [time: 0.00892496109008789 s, all close: True, speed-up vs reference: 255.70]
APPROACH 5: QMATMUL_DIRECT_NUMBA_CUDA...
APPROACH 5: QMATMUL_DIRECT_NUMBA_CUDA DONE. [time: 0.005335092544555664 s, all close: True, speed-up vs reference: 427.76]
APPROACH 6: QMATMUL_ALGO_NUMPY_ST...
APPROACH 6: QMATMUL_ALGO_NUMPY_ST DONE. [time: 0.02257990837097168 s, all close: True, speed-up vs reference: 101.07]
APPROACH 7: QMATMUL_ALGO_NUMPY_PARALLEL...
APPROACH 7: QMATMUL_ALGO_NUMPY_PARALLEL DONE. [time: 0.00746917724609375 s, all close: True, speed-up vs reference: 305.54]
APPROACH 8: QMATMUL_ALGO_NUMBA_CUDA...
APPROACH 8: QMATMUL_ALGO_NUMBA_CUDA DONE. [time: 0.008408308029174805 s, all close: True, speed-up vs reference: 271.42]
REPETITION: 58/100:
APPROACH 1: QMATMUL_NAIVE_NUMBA_ST...
APPROACH 1: QMATMUL_NAIVE_NUMBA_ST DONE. [time: 2.2699763774871826 s, all close: True, speed-up vs reference: 1.01]
APPROACH 2: QMATMUL_NAIVE_NUMBA_PARALLEL...
APPROACH 2: QMATMUL_NAIVE_NUMBA_PARALLEL DONE. [time: 0.13559556007385254 s, all close: True, speed-up vs reference: 16.83]
APPROACH 3: QMATMUL_DIRECT_NUMPY_ST...
APPROACH 3: QMATMUL_DIRECT_NUMPY_ST DONE. [time: 0.018376827239990234 s, all close: True, speed-up vs reference: 124.19]
APPROACH 4: QMATMUL_DIRECT_NUMPY_PARALLEL...
APPROACH 4: QMATMUL_DIRECT_NUMPY_PARALLEL DONE. [time: 0.006223201751708984 s, all close: True, speed-up vs reference: 366.72]
APPROACH 5: QMATMUL_DIRECT_NUMBA_CUDA...
APPROACH 5: QMATMUL_DIRECT_NUMBA_CUDA DONE. [time: 0.0053253173828125 s, all close: True, speed-up vs reference: 428.55]
APPROACH 6: QMATMUL_ALGO_NUMPY_ST...
APPROACH 6: QMATMUL_ALGO_NUMPY_ST DONE. [time: 0.02229619026184082 s, all close: True, speed-up vs reference: 102.36]
APPROACH 7: QMATMUL_ALGO_NUMPY_PARALLEL...
APPROACH 7: QMATMUL_ALGO_NUMPY_PARALLEL DONE. [time: 0.0076446533203125 s, all close: True, speed-up vs reference: 298.53]
APPROACH 8: QMATMUL_ALGO_NUMBA_CUDA...
APPROACH 8: QMATMUL_ALGO_NUMBA_CUDA DONE. [time: 0.00686192512512207 s, all close: True, speed-up vs reference: 332.58]
REPETITION: 59/100:
APPROACH 1: QMATMUL_NAIVE_NUMBA_ST...
APPROACH 1: QMATMUL_NAIVE_NUMBA_ST DONE. [time: 2.2702383995056152 s, all close: True, speed-up vs reference: 1.01]
APPROACH 2: QMATMUL_NAIVE_NUMBA_PARALLEL...
APPROACH 2: QMATMUL_NAIVE_NUMBA_PARALLEL DONE. [time: 0.1364748477935791 s, all close: True, speed-up vs reference: 16.72]
APPROACH 3: QMATMUL_DIRECT_NUMPY_ST...
APPROACH 3: QMATMUL_DIRECT_NUMPY_ST DONE. [time: 0.017858266830444336 s, all close: True, speed-up vs reference: 127.79]
APPROACH 4: QMATMUL_DIRECT_NUMPY_PARALLEL...
APPROACH 4: QMATMUL_DIRECT_NUMPY_PARALLEL DONE. [time: 0.0061757564544677734 s, all close: True, speed-up vs reference: 369.53]
APPROACH 5: QMATMUL_DIRECT_NUMBA_CUDA...
APPROACH 5: QMATMUL_DIRECT_NUMBA_CUDA DONE. [time: 0.0053174495697021484 s, all close: True, speed-up vs reference: 429.18]
APPROACH 6: QMATMUL_ALGO_NUMPY_ST...
APPROACH 6: QMATMUL_ALGO_NUMPY_ST DONE. [time: 0.022326231002807617 s, all close: True, speed-up vs reference: 102.22]
APPROACH 7: QMATMUL_ALGO_NUMPY_PARALLEL...
APPROACH 7: QMATMUL_ALGO_NUMPY_PARALLEL DONE. [time: 0.007426261901855469 s, all close: True, speed-up vs reference: 307.31]
APPROACH 8: QMATMUL_ALGO_NUMBA_CUDA...
APPROACH 8: QMATMUL_ALGO_NUMBA_CUDA DONE. [time: 0.00685572624206543 s, all close: True, speed-up vs reference: 332.88]
REPETITION: 60/100:
APPROACH 1: QMATMUL_NAIVE_NUMBA_ST...
APPROACH 1: QMATMUL_NAIVE_NUMBA_ST DONE. [time: 2.2777674198150635 s, all close: True, speed-up vs reference: 1.00]
APPROACH 2: QMATMUL_NAIVE_NUMBA_PARALLEL...
APPROACH 2: QMATMUL_NAIVE_NUMBA_PARALLEL DONE. [time: 0.15907692909240723 s, all close: True, speed-up vs reference: 14.35]
APPROACH 3: QMATMUL_DIRECT_NUMPY_ST...
APPROACH 3: QMATMUL_DIRECT_NUMPY_ST DONE. [time: 0.01775813102722168 s, all close: True, speed-up vs reference: 128.51]
APPROACH 4: QMATMUL_DIRECT_NUMPY_PARALLEL...
APPROACH 4: QMATMUL_DIRECT_NUMPY_PARALLEL DONE. [time: 0.0062351226806640625 s, all close: True, speed-up vs reference: 366.02]
APPROACH 5: QMATMUL_DIRECT_NUMBA_CUDA...
APPROACH 5: QMATMUL_DIRECT_NUMBA_CUDA DONE. [time: 0.005545616149902344 s, all close: True, speed-up vs reference: 411.52]
APPROACH 6: QMATMUL_ALGO_NUMPY_ST...
APPROACH 6: QMATMUL_ALGO_NUMPY_ST DONE. [time: 0.022288084030151367 s, all close: True, speed-up vs reference: 102.39]
APPROACH 7: QMATMUL_ALGO_NUMPY_PARALLEL...
APPROACH 7: QMATMUL_ALGO_NUMPY_PARALLEL DONE. [time: 0.0074005126953125 s, all close: True, speed-up vs reference: 308.38]
APPROACH 8: QMATMUL_ALGO_NUMBA_CUDA...
APPROACH 8: QMATMUL_ALGO_NUMBA_CUDA DONE. [time: 0.0068111419677734375 s, all close: True, speed-up vs reference: 335.06]
REPETITION: 61/100:
APPROACH 1: QMATMUL_NAIVE_NUMBA_ST...
APPROACH 1: QMATMUL_NAIVE_NUMBA_ST DONE. [time: 2.270909309387207 s, all close: True, speed-up vs reference: 1.00]
APPROACH 2: QMATMUL_NAIVE_NUMBA_PARALLEL...
APPROACH 2: QMATMUL_NAIVE_NUMBA_PARALLEL DONE. [time: 0.13596105575561523 s, all close: True, speed-up vs reference: 16.79]
APPROACH 3: QMATMUL_DIRECT_NUMPY_ST...
APPROACH 3: QMATMUL_DIRECT_NUMPY_ST DONE. [time: 0.017845869064331055 s, all close: True, speed-up vs reference: 127.88]
APPROACH 4: QMATMUL_DIRECT_NUMPY_PARALLEL...
APPROACH 4: QMATMUL_DIRECT_NUMPY_PARALLEL DONE. [time: 0.006211519241333008 s, all close: True, speed-up vs reference: 367.41]
APPROACH 5: QMATMUL_DIRECT_NUMBA_CUDA...
APPROACH 5: QMATMUL_DIRECT_NUMBA_CUDA DONE. [time: 0.005660533905029297 s, all close: True, speed-up vs reference: 403.17]
APPROACH 6: QMATMUL_ALGO_NUMPY_ST...
APPROACH 6: QMATMUL_ALGO_NUMPY_ST DONE. [time: 0.022593259811401367 s, all close: True, speed-up vs reference: 101.01]
APPROACH 7: QMATMUL_ALGO_NUMPY_PARALLEL...
APPROACH 7: QMATMUL_ALGO_NUMPY_PARALLEL DONE. [time: 0.007437229156494141 s, all close: True, speed-up vs reference: 306.85]
APPROACH 8: QMATMUL_ALGO_NUMBA_CUDA...
APPROACH 8: QMATMUL_ALGO_NUMBA_CUDA DONE. [time: 0.007197856903076172 s, all close: True, speed-up vs reference: 317.06]
REPETITION: 62/100:
APPROACH 1: QMATMUL_NAIVE_NUMBA_ST...
APPROACH 1: QMATMUL_NAIVE_NUMBA_ST DONE. [time: 2.2514140605926514 s, all close: True, speed-up vs reference: 1.01]
APPROACH 2: QMATMUL_NAIVE_NUMBA_PARALLEL...
APPROACH 2: QMATMUL_NAIVE_NUMBA_PARALLEL DONE. [time: 0.13580632209777832 s, all close: True, speed-up vs reference: 16.80]
APPROACH 3: QMATMUL_DIRECT_NUMPY_ST...
APPROACH 3: QMATMUL_DIRECT_NUMPY_ST DONE. [time: 0.017983436584472656 s, all close: True, speed-up vs reference: 126.90]
APPROACH 4: QMATMUL_DIRECT_NUMPY_PARALLEL...
APPROACH 4: QMATMUL_DIRECT_NUMPY_PARALLEL DONE. [time: 0.006270647048950195 s, all close: True, speed-up vs reference: 363.94]
APPROACH 5: QMATMUL_DIRECT_NUMBA_CUDA...
APPROACH 5: QMATMUL_DIRECT_NUMBA_CUDA DONE. [time: 0.004073619842529297 s, all close: True, speed-up vs reference: 560.23]
APPROACH 6: QMATMUL_ALGO_NUMPY_ST...
APPROACH 6: QMATMUL_ALGO_NUMPY_ST DONE. [time: 0.02252674102783203 s, all close: True, speed-up vs reference: 101.31]
APPROACH 7: QMATMUL_ALGO_NUMPY_PARALLEL...
APPROACH 7: QMATMUL_ALGO_NUMPY_PARALLEL DONE. [time: 0.007639169692993164 s, all close: True, speed-up vs reference: 298.74]
APPROACH 8: QMATMUL_ALGO_NUMBA_CUDA...
APPROACH 8: QMATMUL_ALGO_NUMBA_CUDA DONE. [time: 0.008513689041137695 s, all close: True, speed-up vs reference: 268.06]
REPETITION: 63/100:
APPROACH 1: QMATMUL_NAIVE_NUMBA_ST...
APPROACH 1: QMATMUL_NAIVE_NUMBA_ST DONE. [time: 2.3637471199035645 s, all close: True, speed-up vs reference: 0.97]
APPROACH 2: QMATMUL_NAIVE_NUMBA_PARALLEL...
APPROACH 2: QMATMUL_NAIVE_NUMBA_PARALLEL DONE. [time: 0.15103459358215332 s, all close: True, speed-up vs reference: 15.11]
APPROACH 3: QMATMUL_DIRECT_NUMPY_ST...
APPROACH 3: QMATMUL_DIRECT_NUMPY_ST DONE. [time: 0.018033504486083984 s, all close: True, speed-up vs reference: 126.55]
APPROACH 4: QMATMUL_DIRECT_NUMPY_PARALLEL...
APPROACH 4: QMATMUL_DIRECT_NUMPY_PARALLEL DONE. [time: 0.006229877471923828 s, all close: True, speed-up vs reference: 366.32]
APPROACH 5: QMATMUL_DIRECT_NUMBA_CUDA...
APPROACH 5: QMATMUL_DIRECT_NUMBA_CUDA DONE. [time: 0.0040590763092041016 s, all close: True, speed-up vs reference: 562.23]
APPROACH 6: QMATMUL_ALGO_NUMPY_ST...
APPROACH 6: QMATMUL_ALGO_NUMPY_ST DONE. [time: 0.022409677505493164 s, all close: True, speed-up vs reference: 101.84]
APPROACH 7: QMATMUL_ALGO_NUMPY_PARALLEL...
APPROACH 7: QMATMUL_ALGO_NUMPY_PARALLEL DONE. [time: 0.009042024612426758 s, all close: True, speed-up vs reference: 252.39]
APPROACH 8: QMATMUL_ALGO_NUMBA_CUDA...
APPROACH 8: QMATMUL_ALGO_NUMBA_CUDA DONE. [time: 0.008696317672729492 s, all close: True, speed-up vs reference: 262.43]
REPETITION: 64/100:
APPROACH 1: QMATMUL_NAIVE_NUMBA_ST...
APPROACH 1: QMATMUL_NAIVE_NUMBA_ST DONE. [time: 2.286585569381714 s, all close: True, speed-up vs reference: 1.00]
APPROACH 2: QMATMUL_NAIVE_NUMBA_PARALLEL...
APPROACH 2: QMATMUL_NAIVE_NUMBA_PARALLEL DONE. [time: 0.13569951057434082 s, all close: True, speed-up vs reference: 16.82]
APPROACH 3: QMATMUL_DIRECT_NUMPY_ST...
APPROACH 3: QMATMUL_DIRECT_NUMPY_ST DONE. [time: 0.01783895492553711 s, all close: True, speed-up vs reference: 127.93]
APPROACH 4: QMATMUL_DIRECT_NUMPY_PARALLEL...
APPROACH 4: QMATMUL_DIRECT_NUMPY_PARALLEL DONE. [time: 0.00623011589050293 s, all close: True, speed-up vs reference: 366.31]
APPROACH 5: QMATMUL_DIRECT_NUMBA_CUDA...
APPROACH 5: QMATMUL_DIRECT_NUMBA_CUDA DONE. [time: 0.00406956672668457 s, all close: True, speed-up vs reference: 560.78]
APPROACH 6: QMATMUL_ALGO_NUMPY_ST...
APPROACH 6: QMATMUL_ALGO_NUMPY_ST DONE. [time: 0.02263021469116211 s, all close: True, speed-up vs reference: 100.85]
APPROACH 7: QMATMUL_ALGO_NUMPY_PARALLEL...
APPROACH 7: QMATMUL_ALGO_NUMPY_PARALLEL DONE. [time: 0.007387638092041016 s, all close: True, speed-up vs reference: 308.91]
APPROACH 8: QMATMUL_ALGO_NUMBA_CUDA...
APPROACH 8: QMATMUL_ALGO_NUMBA_CUDA DONE. [time: 0.008716583251953125 s, all close: True, speed-up vs reference: 261.82]
REPETITION: 65/100:
APPROACH 1: QMATMUL_NAIVE_NUMBA_ST...
APPROACH 1: QMATMUL_NAIVE_NUMBA_ST DONE. [time: 2.2804009914398193 s, all close: True, speed-up vs reference: 1.00]
APPROACH 2: QMATMUL_NAIVE_NUMBA_PARALLEL...
APPROACH 2: QMATMUL_NAIVE_NUMBA_PARALLEL DONE. [time: 0.16262602806091309 s, all close: True, speed-up vs reference: 14.03]
APPROACH 3: QMATMUL_DIRECT_NUMPY_ST...
APPROACH 3: QMATMUL_DIRECT_NUMPY_ST DONE. [time: 0.017928361892700195 s, all close: True, speed-up vs reference: 127.29]
APPROACH 4: QMATMUL_DIRECT_NUMPY_PARALLEL...
APPROACH 4: QMATMUL_DIRECT_NUMPY_PARALLEL DONE. [time: 0.006249427795410156 s, all close: True, speed-up vs reference: 365.18]
APPROACH 5: QMATMUL_DIRECT_NUMBA_CUDA...
APPROACH 5: QMATMUL_DIRECT_NUMBA_CUDA DONE. [time: 0.004062652587890625 s, all close: True, speed-up vs reference: 561.74]
APPROACH 6: QMATMUL_ALGO_NUMPY_ST...
APPROACH 6: QMATMUL_ALGO_NUMPY_ST DONE. [time: 0.022582054138183594 s, all close: True, speed-up vs reference: 101.06]
APPROACH 7: QMATMUL_ALGO_NUMPY_PARALLEL...
APPROACH 7: QMATMUL_ALGO_NUMPY_PARALLEL DONE. [time: 0.007430553436279297 s, all close: True, speed-up vs reference: 307.13]
APPROACH 8: QMATMUL_ALGO_NUMBA_CUDA...
APPROACH 8: QMATMUL_ALGO_NUMBA_CUDA DONE. [time: 0.008734941482543945 s, all close: True, speed-up vs reference: 261.27]
REPETITION: 66/100:
APPROACH 1: QMATMUL_NAIVE_NUMBA_ST...
APPROACH 1: QMATMUL_NAIVE_NUMBA_ST DONE. [time: 2.274946928024292 s, all close: True, speed-up vs reference: 1.00]
APPROACH 2: QMATMUL_NAIVE_NUMBA_PARALLEL...
APPROACH 2: QMATMUL_NAIVE_NUMBA_PARALLEL DONE. [time: 0.1356666088104248 s, all close: True, speed-up vs reference: 16.82]
APPROACH 3: QMATMUL_DIRECT_NUMPY_ST...
APPROACH 3: QMATMUL_DIRECT_NUMPY_ST DONE. [time: 0.017868995666503906 s, all close: True, speed-up vs reference: 127.72]
APPROACH 4: QMATMUL_DIRECT_NUMPY_PARALLEL...
APPROACH 4: QMATMUL_DIRECT_NUMPY_PARALLEL DONE. [time: 0.006268978118896484 s, all close: True, speed-up vs reference: 364.04]
APPROACH 5: QMATMUL_DIRECT_NUMBA_CUDA...
APPROACH 5: QMATMUL_DIRECT_NUMBA_CUDA DONE. [time: 0.004069805145263672 s, all close: True, speed-up vs reference: 560.75]
APPROACH 6: QMATMUL_ALGO_NUMPY_ST...
APPROACH 6: QMATMUL_ALGO_NUMPY_ST DONE. [time: 0.02249312400817871 s, all close: True, speed-up vs reference: 101.46]
APPROACH 7: QMATMUL_ALGO_NUMPY_PARALLEL...
APPROACH 7: QMATMUL_ALGO_NUMPY_PARALLEL DONE. [time: 0.0074121952056884766 s, all close: True, speed-up vs reference: 307.89]
APPROACH 8: QMATMUL_ALGO_NUMBA_CUDA...
APPROACH 8: QMATMUL_ALGO_NUMBA_CUDA DONE. [time: 0.007503986358642578 s, all close: True, speed-up vs reference: 304.13]
REPETITION: 67/100:
APPROACH 1: QMATMUL_NAIVE_NUMBA_ST...
APPROACH 1: QMATMUL_NAIVE_NUMBA_ST DONE. [time: 2.2716872692108154 s, all close: True, speed-up vs reference: 1.00]
APPROACH 2: QMATMUL_NAIVE_NUMBA_PARALLEL...
APPROACH 2: QMATMUL_NAIVE_NUMBA_PARALLEL DONE. [time: 0.13581323623657227 s, all close: True, speed-up vs reference: 16.80]
APPROACH 3: QMATMUL_DIRECT_NUMPY_ST...
APPROACH 3: QMATMUL_DIRECT_NUMPY_ST DONE. [time: 0.01781749725341797 s, all close: True, speed-up vs reference: 128.08]
APPROACH 4: QMATMUL_DIRECT_NUMPY_PARALLEL...
APPROACH 4: QMATMUL_DIRECT_NUMPY_PARALLEL DONE. [time: 0.00624537467956543 s, all close: True, speed-up vs reference: 365.41]
APPROACH 5: QMATMUL_DIRECT_NUMBA_CUDA...
APPROACH 5: QMATMUL_DIRECT_NUMBA_CUDA DONE. [time: 0.005327463150024414 s, all close: True, speed-up vs reference: 428.37]
APPROACH 6: QMATMUL_ALGO_NUMPY_ST...
APPROACH 6: QMATMUL_ALGO_NUMPY_ST DONE. [time: 0.022620677947998047 s, all close: True, speed-up vs reference: 100.89]
APPROACH 7: QMATMUL_ALGO_NUMPY_PARALLEL...
APPROACH 7: QMATMUL_ALGO_NUMPY_PARALLEL DONE. [time: 0.007347822189331055 s, all close: True, speed-up vs reference: 310.59]
APPROACH 8: QMATMUL_ALGO_NUMBA_CUDA...
APPROACH 8: QMATMUL_ALGO_NUMBA_CUDA DONE. [time: 0.0076313018798828125 s, all close: True, speed-up vs reference: 299.05]
REPETITION: 68/100:
APPROACH 1: QMATMUL_NAIVE_NUMBA_ST...
APPROACH 1: QMATMUL_NAIVE_NUMBA_ST DONE. [time: 2.2723138332366943 s, all close: True, speed-up vs reference: 1.00]
APPROACH 2: QMATMUL_NAIVE_NUMBA_PARALLEL...
APPROACH 2: QMATMUL_NAIVE_NUMBA_PARALLEL DONE. [time: 0.1356830596923828 s, all close: True, speed-up vs reference: 16.82]
APPROACH 3: QMATMUL_DIRECT_NUMPY_ST...
APPROACH 3: QMATMUL_DIRECT_NUMPY_ST DONE. [time: 0.01786494255065918 s, all close: True, speed-up vs reference: 127.74]
APPROACH 4: QMATMUL_DIRECT_NUMPY_PARALLEL...
APPROACH 4: QMATMUL_DIRECT_NUMPY_PARALLEL DONE. [time: 0.006217241287231445 s, all close: True, speed-up vs reference: 367.07]
APPROACH 5: QMATMUL_DIRECT_NUMBA_CUDA...
APPROACH 5: QMATMUL_DIRECT_NUMBA_CUDA DONE. [time: 0.005326271057128906 s, all close: True, speed-up vs reference: 428.47]
APPROACH 6: QMATMUL_ALGO_NUMPY_ST...
APPROACH 6: QMATMUL_ALGO_NUMPY_ST DONE. [time: 0.02247762680053711 s, all close: True, speed-up vs reference: 101.53]
APPROACH 7: QMATMUL_ALGO_NUMPY_PARALLEL...
APPROACH 7: QMATMUL_ALGO_NUMPY_PARALLEL DONE. [time: 0.0074002742767333984 s, all close: True, speed-up vs reference: 308.39]
APPROACH 8: QMATMUL_ALGO_NUMBA_CUDA...
APPROACH 8: QMATMUL_ALGO_NUMBA_CUDA DONE. [time: 0.007627964019775391 s, all close: True, speed-up vs reference: 299.18]
REPETITION: 69/100:
APPROACH 1: QMATMUL_NAIVE_NUMBA_ST...
APPROACH 1: QMATMUL_NAIVE_NUMBA_ST DONE. [time: 2.270801544189453 s, all close: True, speed-up vs reference: 1.00]
APPROACH 2: QMATMUL_NAIVE_NUMBA_PARALLEL...
APPROACH 2: QMATMUL_NAIVE_NUMBA_PARALLEL DONE. [time: 0.13596200942993164 s, all close: True, speed-up vs reference: 16.79]
APPROACH 3: QMATMUL_DIRECT_NUMPY_ST...
APPROACH 3: QMATMUL_DIRECT_NUMPY_ST DONE. [time: 0.017732620239257812 s, all close: True, speed-up vs reference: 128.70]
APPROACH 4: QMATMUL_DIRECT_NUMPY_PARALLEL...
APPROACH 4: QMATMUL_DIRECT_NUMPY_PARALLEL DONE. [time: 0.006239652633666992 s, all close: True, speed-up vs reference: 365.75]
APPROACH 5: QMATMUL_DIRECT_NUMBA_CUDA...
APPROACH 5: QMATMUL_DIRECT_NUMBA_CUDA DONE. [time: 0.0053331851959228516 s, all close: True, speed-up vs reference: 427.92]
APPROACH 6: QMATMUL_ALGO_NUMPY_ST...
APPROACH 6: QMATMUL_ALGO_NUMPY_ST DONE. [time: 0.022466659545898438 s, all close: True, speed-up vs reference: 101.58]
APPROACH 7: QMATMUL_ALGO_NUMPY_PARALLEL...
APPROACH 7: QMATMUL_ALGO_NUMPY_PARALLEL DONE. [time: 0.007379293441772461 s, all close: True, speed-up vs reference: 309.26]
APPROACH 8: QMATMUL_ALGO_NUMBA_CUDA...
APPROACH 8: QMATMUL_ALGO_NUMBA_CUDA DONE. [time: 0.007529020309448242 s, all close: True, speed-up vs reference: 303.11]
REPETITION: 70/100:
APPROACH 1: QMATMUL_NAIVE_NUMBA_ST...
APPROACH 1: QMATMUL_NAIVE_NUMBA_ST DONE. [time: 2.269538402557373 s, all close: True, speed-up vs reference: 1.01]
APPROACH 2: QMATMUL_NAIVE_NUMBA_PARALLEL...
APPROACH 2: QMATMUL_NAIVE_NUMBA_PARALLEL DONE. [time: 0.1357264518737793 s, all close: True, speed-up vs reference: 16.81]
APPROACH 3: QMATMUL_DIRECT_NUMPY_ST...
APPROACH 3: QMATMUL_DIRECT_NUMPY_ST DONE. [time: 0.017776966094970703 s, all close: True, speed-up vs reference: 128.38]
APPROACH 4: QMATMUL_DIRECT_NUMPY_PARALLEL...
APPROACH 4: QMATMUL_DIRECT_NUMPY_PARALLEL DONE. [time: 0.006258726119995117 s, all close: True, speed-up vs reference: 364.63]
APPROACH 5: QMATMUL_DIRECT_NUMBA_CUDA...
APPROACH 5: QMATMUL_DIRECT_NUMBA_CUDA DONE. [time: 0.005343437194824219 s, all close: True, speed-up vs reference: 427.09]
APPROACH 6: QMATMUL_ALGO_NUMPY_ST...
APPROACH 6: QMATMUL_ALGO_NUMPY_ST DONE. [time: 0.02249932289123535 s, all close: True, speed-up vs reference: 101.43]
APPROACH 7: QMATMUL_ALGO_NUMPY_PARALLEL...
APPROACH 7: QMATMUL_ALGO_NUMPY_PARALLEL DONE. [time: 0.017119407653808594 s, all close: True, speed-up vs reference: 133.31]
APPROACH 8: QMATMUL_ALGO_NUMBA_CUDA...
APPROACH 8: QMATMUL_ALGO_NUMBA_CUDA DONE. [time: 0.0075893402099609375 s, all close: True, speed-up vs reference: 300.70]
REPETITION: 71/100:
APPROACH 1: QMATMUL_NAIVE_NUMBA_ST...
APPROACH 1: QMATMUL_NAIVE_NUMBA_ST DONE. [time: 2.271530866622925 s, all close: True, speed-up vs reference: 1.00]
APPROACH 2: QMATMUL_NAIVE_NUMBA_PARALLEL...
APPROACH 2: QMATMUL_NAIVE_NUMBA_PARALLEL DONE. [time: 0.1360948085784912 s, all close: True, speed-up vs reference: 16.77]
APPROACH 3: QMATMUL_DIRECT_NUMPY_ST...
APPROACH 3: QMATMUL_DIRECT_NUMPY_ST DONE. [time: 0.017810583114624023 s, all close: True, speed-up vs reference: 128.13]
APPROACH 4: QMATMUL_DIRECT_NUMPY_PARALLEL...
APPROACH 4: QMATMUL_DIRECT_NUMPY_PARALLEL DONE. [time: 0.006242990493774414 s, all close: True, speed-up vs reference: 365.55]
APPROACH 5: QMATMUL_DIRECT_NUMBA_CUDA...
APPROACH 5: QMATMUL_DIRECT_NUMBA_CUDA DONE. [time: 0.00556182861328125 s, all close: True, speed-up vs reference: 410.32]
APPROACH 6: QMATMUL_ALGO_NUMPY_ST...
APPROACH 6: QMATMUL_ALGO_NUMPY_ST DONE. [time: 0.022557735443115234 s, all close: True, speed-up vs reference: 101.17]
APPROACH 7: QMATMUL_ALGO_NUMPY_PARALLEL...
APPROACH 7: QMATMUL_ALGO_NUMPY_PARALLEL DONE. [time: 0.007471323013305664 s, all close: True, speed-up vs reference: 305.45]
APPROACH 8: QMATMUL_ALGO_NUMBA_CUDA...
APPROACH 8: QMATMUL_ALGO_NUMBA_CUDA DONE. [time: 0.007096290588378906 s, all close: True, speed-up vs reference: 321.60]
REPETITION: 72/100:
APPROACH 1: QMATMUL_NAIVE_NUMBA_ST...
APPROACH 1: QMATMUL_NAIVE_NUMBA_ST DONE. [time: 2.270256519317627 s, all close: True, speed-up vs reference: 1.01]
APPROACH 2: QMATMUL_NAIVE_NUMBA_PARALLEL...
APPROACH 2: QMATMUL_NAIVE_NUMBA_PARALLEL DONE. [time: 0.13566231727600098 s, all close: True, speed-up vs reference: 16.82]
APPROACH 3: QMATMUL_DIRECT_NUMPY_ST...
APPROACH 3: QMATMUL_DIRECT_NUMPY_ST DONE. [time: 0.01785588264465332 s, all close: True, speed-up vs reference: 127.81]
APPROACH 4: QMATMUL_DIRECT_NUMPY_PARALLEL...
APPROACH 4: QMATMUL_DIRECT_NUMPY_PARALLEL DONE. [time: 0.006231069564819336 s, all close: True, speed-up vs reference: 366.25]
APPROACH 5: QMATMUL_DIRECT_NUMBA_CUDA...
APPROACH 5: QMATMUL_DIRECT_NUMBA_CUDA DONE. [time: 0.005664825439453125 s, all close: True, speed-up vs reference: 402.86]
APPROACH 6: QMATMUL_ALGO_NUMPY_ST...
APPROACH 6: QMATMUL_ALGO_NUMPY_ST DONE. [time: 0.022614717483520508 s, all close: True, speed-up vs reference: 100.91]
APPROACH 7: QMATMUL_ALGO_NUMPY_PARALLEL...
APPROACH 7: QMATMUL_ALGO_NUMPY_PARALLEL DONE. [time: 0.007533550262451172 s, all close: True, speed-up vs reference: 302.93]
APPROACH 8: QMATMUL_ALGO_NUMBA_CUDA...
APPROACH 8: QMATMUL_ALGO_NUMBA_CUDA DONE. [time: 0.0072438716888427734 s, all close: True, speed-up vs reference: 315.05]
REPETITION: 73/100:
APPROACH 1: QMATMUL_NAIVE_NUMBA_ST...
APPROACH 1: QMATMUL_NAIVE_NUMBA_ST DONE. [time: 2.2708046436309814 s, all close: True, speed-up vs reference: 1.00]
APPROACH 2: QMATMUL_NAIVE_NUMBA_PARALLEL...
APPROACH 2: QMATMUL_NAIVE_NUMBA_PARALLEL DONE. [time: 0.1597130298614502 s, all close: True, speed-up vs reference: 14.29]
APPROACH 3: QMATMUL_DIRECT_NUMPY_ST...
APPROACH 3: QMATMUL_DIRECT_NUMPY_ST DONE. [time: 0.01789689064025879 s, all close: True, speed-up vs reference: 127.52]
APPROACH 4: QMATMUL_DIRECT_NUMPY_PARALLEL...
APPROACH 4: QMATMUL_DIRECT_NUMPY_PARALLEL DONE. [time: 0.0062406063079833984 s, all close: True, speed-up vs reference: 365.69]
APPROACH 5: QMATMUL_DIRECT_NUMBA_CUDA...
APPROACH 5: QMATMUL_DIRECT_NUMBA_CUDA DONE. [time: 0.0040585994720458984 s, all close: True, speed-up vs reference: 562.30]
APPROACH 6: QMATMUL_ALGO_NUMPY_ST...
APPROACH 6: QMATMUL_ALGO_NUMPY_ST DONE. [time: 0.022558212280273438 s, all close: True, speed-up vs reference: 101.17]
APPROACH 7: QMATMUL_ALGO_NUMPY_PARALLEL...
APPROACH 7: QMATMUL_ALGO_NUMPY_PARALLEL DONE. [time: 0.007389545440673828 s, all close: True, speed-up vs reference: 308.83]
APPROACH 8: QMATMUL_ALGO_NUMBA_CUDA...
APPROACH 8: QMATMUL_ALGO_NUMBA_CUDA DONE. [time: 0.008578062057495117 s, all close: True, speed-up vs reference: 266.04]
REPETITION: 74/100:
APPROACH 1: QMATMUL_NAIVE_NUMBA_ST...
APPROACH 1: QMATMUL_NAIVE_NUMBA_ST DONE. [time: 2.292670726776123 s, all close: True, speed-up vs reference: 1.00]
APPROACH 2: QMATMUL_NAIVE_NUMBA_PARALLEL...
APPROACH 2: QMATMUL_NAIVE_NUMBA_PARALLEL DONE. [time: 0.17648959159851074 s, all close: True, speed-up vs reference: 12.93]
APPROACH 3: QMATMUL_DIRECT_NUMPY_ST...
APPROACH 3: QMATMUL_DIRECT_NUMPY_ST DONE. [time: 0.019447803497314453 s, all close: True, speed-up vs reference: 117.35]
APPROACH 4: QMATMUL_DIRECT_NUMPY_PARALLEL...
APPROACH 4: QMATMUL_DIRECT_NUMPY_PARALLEL DONE. [time: 0.008016347885131836 s, all close: True, speed-up vs reference: 284.69]
APPROACH 5: QMATMUL_DIRECT_NUMBA_CUDA...
APPROACH 5: QMATMUL_DIRECT_NUMBA_CUDA DONE. [time: 0.004140138626098633 s, all close: True, speed-up vs reference: 551.23]
APPROACH 6: QMATMUL_ALGO_NUMPY_ST...
APPROACH 6: QMATMUL_ALGO_NUMPY_ST DONE. [time: 0.023891448974609375 s, all close: True, speed-up vs reference: 95.52]
APPROACH 7: QMATMUL_ALGO_NUMPY_PARALLEL...
APPROACH 7: QMATMUL_ALGO_NUMPY_PARALLEL DONE. [time: 0.008774757385253906 s, all close: True, speed-up vs reference: 260.08]
APPROACH 8: QMATMUL_ALGO_NUMBA_CUDA...
APPROACH 8: QMATMUL_ALGO_NUMBA_CUDA DONE. [time: 0.008855104446411133 s, all close: True, speed-up vs reference: 257.72]
REPETITION: 75/100:
APPROACH 1: QMATMUL_NAIVE_NUMBA_ST...
APPROACH 1: QMATMUL_NAIVE_NUMBA_ST DONE. [time: 2.3286032676696777 s, all close: True, speed-up vs reference: 0.98]
APPROACH 2: QMATMUL_NAIVE_NUMBA_PARALLEL...
APPROACH 2: QMATMUL_NAIVE_NUMBA_PARALLEL DONE. [time: 0.1858227252960205 s, all close: True, speed-up vs reference: 12.28]
APPROACH 3: QMATMUL_DIRECT_NUMPY_ST...
APPROACH 3: QMATMUL_DIRECT_NUMPY_ST DONE. [time: 0.018206119537353516 s, all close: True, speed-up vs reference: 125.35]
APPROACH 4: QMATMUL_DIRECT_NUMPY_PARALLEL...
APPROACH 4: QMATMUL_DIRECT_NUMPY_PARALLEL DONE. [time: 0.008050203323364258 s, all close: True, speed-up vs reference: 283.49]
APPROACH 5: QMATMUL_DIRECT_NUMBA_CUDA...
APPROACH 5: QMATMUL_DIRECT_NUMBA_CUDA DONE. [time: 0.0042798519134521484 s, all close: True, speed-up vs reference: 533.23]
APPROACH 6: QMATMUL_ALGO_NUMPY_ST...
APPROACH 6: QMATMUL_ALGO_NUMPY_ST DONE. [time: 0.022493600845336914 s, all close: True, speed-up vs reference: 101.46]
APPROACH 7: QMATMUL_ALGO_NUMPY_PARALLEL...
APPROACH 7: QMATMUL_ALGO_NUMPY_PARALLEL DONE. [time: 0.008513927459716797 s, all close: True, speed-up vs reference: 268.05]
APPROACH 8: QMATMUL_ALGO_NUMBA_CUDA...
APPROACH 8: QMATMUL_ALGO_NUMBA_CUDA DONE. [time: 0.008384227752685547 s, all close: True, speed-up vs reference: 272.20]
REPETITION: 76/100:
APPROACH 1: QMATMUL_NAIVE_NUMBA_ST...
APPROACH 1: QMATMUL_NAIVE_NUMBA_ST DONE. [time: 2.2702083587646484 s, all close: True, speed-up vs reference: 1.01]
APPROACH 2: QMATMUL_NAIVE_NUMBA_PARALLEL...
APPROACH 2: QMATMUL_NAIVE_NUMBA_PARALLEL DONE. [time: 0.13549375534057617 s, all close: True, speed-up vs reference: 16.84]
APPROACH 3: QMATMUL_DIRECT_NUMPY_ST...
APPROACH 3: QMATMUL_DIRECT_NUMPY_ST DONE. [time: 0.01777362823486328 s, all close: True, speed-up vs reference: 128.40]
APPROACH 4: QMATMUL_DIRECT_NUMPY_PARALLEL...
APPROACH 4: QMATMUL_DIRECT_NUMPY_PARALLEL DONE. [time: 0.006200075149536133 s, all close: True, speed-up vs reference: 368.08]
APPROACH 5: QMATMUL_DIRECT_NUMBA_CUDA...
APPROACH 5: QMATMUL_DIRECT_NUMBA_CUDA DONE. [time: 0.0040433406829833984 s, all close: True, speed-up vs reference: 564.42]
APPROACH 6: QMATMUL_ALGO_NUMPY_ST...
APPROACH 6: QMATMUL_ALGO_NUMPY_ST DONE. [time: 0.02227926254272461 s, all close: True, speed-up vs reference: 102.43]
APPROACH 7: QMATMUL_ALGO_NUMPY_PARALLEL...
APPROACH 7: QMATMUL_ALGO_NUMPY_PARALLEL DONE. [time: 0.007337331771850586 s, all close: True, speed-up vs reference: 311.03]
APPROACH 8: QMATMUL_ALGO_NUMBA_CUDA...
APPROACH 8: QMATMUL_ALGO_NUMBA_CUDA DONE. [time: 0.008239507675170898 s, all close: True, speed-up vs reference: 276.98]
REPETITION: 77/100:
APPROACH 1: QMATMUL_NAIVE_NUMBA_ST...
APPROACH 1: QMATMUL_NAIVE_NUMBA_ST DONE. [time: 2.2725303173065186 s, all close: True, speed-up vs reference: 1.00]
APPROACH 2: QMATMUL_NAIVE_NUMBA_PARALLEL...
APPROACH 2: QMATMUL_NAIVE_NUMBA_PARALLEL DONE. [time: 0.13468527793884277 s, all close: True, speed-up vs reference: 16.94]
APPROACH 3: QMATMUL_DIRECT_NUMPY_ST...
APPROACH 3: QMATMUL_DIRECT_NUMPY_ST DONE. [time: 0.01768946647644043 s, all close: True, speed-up vs reference: 129.01]
APPROACH 4: QMATMUL_DIRECT_NUMPY_PARALLEL...
APPROACH 4: QMATMUL_DIRECT_NUMPY_PARALLEL DONE. [time: 0.00629115104675293 s, all close: True, speed-up vs reference: 362.76]
APPROACH 5: QMATMUL_DIRECT_NUMBA_CUDA...
APPROACH 5: QMATMUL_DIRECT_NUMBA_CUDA DONE. [time: 0.004048824310302734 s, all close: True, speed-up vs reference: 563.66]
APPROACH 6: QMATMUL_ALGO_NUMPY_ST...
APPROACH 6: QMATMUL_ALGO_NUMPY_ST DONE. [time: 0.02223062515258789 s, all close: True, speed-up vs reference: 102.66]
APPROACH 7: QMATMUL_ALGO_NUMPY_PARALLEL...
APPROACH 7: QMATMUL_ALGO_NUMPY_PARALLEL DONE. [time: 0.0073337554931640625 s, all close: True, speed-up vs reference: 311.18]
APPROACH 8: QMATMUL_ALGO_NUMBA_CUDA...
APPROACH 8: QMATMUL_ALGO_NUMBA_CUDA DONE. [time: 0.007082939147949219 s, all close: True, speed-up vs reference: 322.20]
REPETITION: 78/100:
APPROACH 1: QMATMUL_NAIVE_NUMBA_ST...
APPROACH 1: QMATMUL_NAIVE_NUMBA_ST DONE. [time: 2.2679405212402344 s, all close: True, speed-up vs reference: 1.01]
APPROACH 2: QMATMUL_NAIVE_NUMBA_PARALLEL...
APPROACH 2: QMATMUL_NAIVE_NUMBA_PARALLEL DONE. [time: 0.15021729469299316 s, all close: True, speed-up vs reference: 15.19]
APPROACH 3: QMATMUL_DIRECT_NUMPY_ST...
APPROACH 3: QMATMUL_DIRECT_NUMPY_ST DONE. [time: 0.017714500427246094 s, all close: True, speed-up vs reference: 128.83]
APPROACH 4: QMATMUL_DIRECT_NUMPY_PARALLEL...
APPROACH 4: QMATMUL_DIRECT_NUMPY_PARALLEL DONE. [time: 0.0061550140380859375 s, all close: True, speed-up vs reference: 370.78]
APPROACH 5: QMATMUL_DIRECT_NUMBA_CUDA...
APPROACH 5: QMATMUL_DIRECT_NUMBA_CUDA DONE. [time: 0.005510568618774414 s, all close: True, speed-up vs reference: 414.14]
APPROACH 6: QMATMUL_ALGO_NUMPY_ST...
APPROACH 6: QMATMUL_ALGO_NUMPY_ST DONE. [time: 0.022220373153686523 s, all close: True, speed-up vs reference: 102.71]
APPROACH 7: QMATMUL_ALGO_NUMPY_PARALLEL...
APPROACH 7: QMATMUL_ALGO_NUMPY_PARALLEL DONE. [time: 0.007331371307373047 s, all close: True, speed-up vs reference: 311.29]
APPROACH 8: QMATMUL_ALGO_NUMBA_CUDA...
APPROACH 8: QMATMUL_ALGO_NUMBA_CUDA DONE. [time: 0.007077455520629883 s, all close: True, speed-up vs reference: 322.45]
REPETITION: 79/100:
APPROACH 1: QMATMUL_NAIVE_NUMBA_ST...
APPROACH 1: QMATMUL_NAIVE_NUMBA_ST DONE. [time: 2.2729830741882324 s, all close: True, speed-up vs reference: 1.00]
APPROACH 2: QMATMUL_NAIVE_NUMBA_PARALLEL...
APPROACH 2: QMATMUL_NAIVE_NUMBA_PARALLEL DONE. [time: 0.13559865951538086 s, all close: True, speed-up vs reference: 16.83]
APPROACH 3: QMATMUL_DIRECT_NUMPY_ST...
APPROACH 3: QMATMUL_DIRECT_NUMPY_ST DONE. [time: 0.017731666564941406 s, all close: True, speed-up vs reference: 128.70]
APPROACH 4: QMATMUL_DIRECT_NUMPY_PARALLEL...
APPROACH 4: QMATMUL_DIRECT_NUMPY_PARALLEL DONE. [time: 0.006155252456665039 s, all close: True, speed-up vs reference: 370.76]
APPROACH 5: QMATMUL_DIRECT_NUMBA_CUDA...
APPROACH 5: QMATMUL_DIRECT_NUMBA_CUDA DONE. [time: 0.00531005859375 s, all close: True, speed-up vs reference: 429.78]
APPROACH 6: QMATMUL_ALGO_NUMPY_ST...
APPROACH 6: QMATMUL_ALGO_NUMPY_ST DONE. [time: 0.02222466468811035 s, all close: True, speed-up vs reference: 102.69]
APPROACH 7: QMATMUL_ALGO_NUMPY_PARALLEL...
APPROACH 7: QMATMUL_ALGO_NUMPY_PARALLEL DONE. [time: 0.0073702335357666016 s, all close: True, speed-up vs reference: 309.64]
APPROACH 8: QMATMUL_ALGO_NUMBA_CUDA...
APPROACH 8: QMATMUL_ALGO_NUMBA_CUDA DONE. [time: 0.007162809371948242 s, all close: True, speed-up vs reference: 318.61]
REPETITION: 80/100:
APPROACH 1: QMATMUL_NAIVE_NUMBA_ST...
APPROACH 1: QMATMUL_NAIVE_NUMBA_ST DONE. [time: 2.3647212982177734 s, all close: True, speed-up vs reference: 0.97]
APPROACH 2: QMATMUL_NAIVE_NUMBA_PARALLEL...
APPROACH 2: QMATMUL_NAIVE_NUMBA_PARALLEL DONE. [time: 0.13667607307434082 s, all close: True, speed-up vs reference: 16.70]
APPROACH 3: QMATMUL_DIRECT_NUMPY_ST...
APPROACH 3: QMATMUL_DIRECT_NUMPY_ST DONE. [time: 0.017772436141967773 s, all close: True, speed-up vs reference: 128.41]
APPROACH 4: QMATMUL_DIRECT_NUMPY_PARALLEL...
APPROACH 4: QMATMUL_DIRECT_NUMPY_PARALLEL DONE. [time: 0.00753331184387207 s, all close: True, speed-up vs reference: 302.94]
APPROACH 5: QMATMUL_DIRECT_NUMBA_CUDA...
APPROACH 5: QMATMUL_DIRECT_NUMBA_CUDA DONE. [time: 0.005337715148925781 s, all close: True, speed-up vs reference: 427.55]
APPROACH 6: QMATMUL_ALGO_NUMPY_ST...
APPROACH 6: QMATMUL_ALGO_NUMPY_ST DONE. [time: 0.02235579490661621 s, all close: True, speed-up vs reference: 102.08]
APPROACH 7: QMATMUL_ALGO_NUMPY_PARALLEL...
APPROACH 7: QMATMUL_ALGO_NUMPY_PARALLEL DONE. [time: 0.008213996887207031 s, all close: True, speed-up vs reference: 277.84]
APPROACH 8: QMATMUL_ALGO_NUMBA_CUDA...
APPROACH 8: QMATMUL_ALGO_NUMBA_CUDA DONE. [time: 0.007222652435302734 s, all close: True, speed-up vs reference: 315.97]
REPETITION: 81/100:
APPROACH 1: QMATMUL_NAIVE_NUMBA_ST...
APPROACH 1: QMATMUL_NAIVE_NUMBA_ST DONE. [time: 2.273621082305908 s, all close: True, speed-up vs reference: 1.00]
APPROACH 2: QMATMUL_NAIVE_NUMBA_PARALLEL...
APPROACH 2: QMATMUL_NAIVE_NUMBA_PARALLEL DONE. [time: 0.13573575019836426 s, all close: True, speed-up vs reference: 16.81]
APPROACH 3: QMATMUL_DIRECT_NUMPY_ST...
APPROACH 3: QMATMUL_DIRECT_NUMPY_ST DONE. [time: 0.01763010025024414 s, all close: True, speed-up vs reference: 129.45]
APPROACH 4: QMATMUL_DIRECT_NUMPY_PARALLEL...
APPROACH 4: QMATMUL_DIRECT_NUMPY_PARALLEL DONE. [time: 0.006175518035888672 s, all close: True, speed-up vs reference: 369.55]
APPROACH 5: QMATMUL_DIRECT_NUMBA_CUDA...
APPROACH 5: QMATMUL_DIRECT_NUMBA_CUDA DONE. [time: 0.0053327083587646484 s, all close: True, speed-up vs reference: 427.95]
APPROACH 6: QMATMUL_ALGO_NUMPY_ST...
APPROACH 6: QMATMUL_ALGO_NUMPY_ST DONE. [time: 0.022200345993041992 s, all close: True, speed-up vs reference: 102.80]
APPROACH 7: QMATMUL_ALGO_NUMPY_PARALLEL...
APPROACH 7: QMATMUL_ALGO_NUMPY_PARALLEL DONE. [time: 0.007478475570678711 s, all close: True, speed-up vs reference: 305.16]
APPROACH 8: QMATMUL_ALGO_NUMBA_CUDA...
APPROACH 8: QMATMUL_ALGO_NUMBA_CUDA DONE. [time: 0.00681304931640625 s, all close: True, speed-up vs reference: 334.97]
REPETITION: 82/100:
APPROACH 1: QMATMUL_NAIVE_NUMBA_ST...
APPROACH 1: QMATMUL_NAIVE_NUMBA_ST DONE. [time: 2.272441864013672 s, all close: True, speed-up vs reference: 1.00]
APPROACH 2: QMATMUL_NAIVE_NUMBA_PARALLEL...
APPROACH 2: QMATMUL_NAIVE_NUMBA_PARALLEL DONE. [time: 0.13460445404052734 s, all close: True, speed-up vs reference: 16.95]
APPROACH 3: QMATMUL_DIRECT_NUMPY_ST...
APPROACH 3: QMATMUL_DIRECT_NUMPY_ST DONE. [time: 0.017637252807617188 s, all close: True, speed-up vs reference: 129.39]
APPROACH 4: QMATMUL_DIRECT_NUMPY_PARALLEL...
APPROACH 4: QMATMUL_DIRECT_NUMPY_PARALLEL DONE. [time: 0.0061893463134765625 s, all close: True, speed-up vs reference: 368.72]
APPROACH 5: QMATMUL_DIRECT_NUMBA_CUDA...
APPROACH 5: QMATMUL_DIRECT_NUMBA_CUDA DONE. [time: 0.005529642105102539 s, all close: True, speed-up vs reference: 412.71]
APPROACH 6: QMATMUL_ALGO_NUMPY_ST...
APPROACH 6: QMATMUL_ALGO_NUMPY_ST DONE. [time: 0.022405147552490234 s, all close: True, speed-up vs reference: 101.86]
APPROACH 7: QMATMUL_ALGO_NUMPY_PARALLEL...
APPROACH 7: QMATMUL_ALGO_NUMPY_PARALLEL DONE. [time: 0.007344722747802734 s, all close: True, speed-up vs reference: 310.72]
APPROACH 8: QMATMUL_ALGO_NUMBA_CUDA...
APPROACH 8: QMATMUL_ALGO_NUMBA_CUDA DONE. [time: 0.006791591644287109 s, all close: True, speed-up vs reference: 336.03]
REPETITION: 83/100:
APPROACH 1: QMATMUL_NAIVE_NUMBA_ST...
APPROACH 1: QMATMUL_NAIVE_NUMBA_ST DONE. [time: 2.268136501312256 s, all close: True, speed-up vs reference: 1.01]
APPROACH 2: QMATMUL_NAIVE_NUMBA_PARALLEL...
APPROACH 2: QMATMUL_NAIVE_NUMBA_PARALLEL DONE. [time: 0.15935516357421875 s, all close: True, speed-up vs reference: 14.32]
APPROACH 3: QMATMUL_DIRECT_NUMPY_ST...
APPROACH 3: QMATMUL_DIRECT_NUMPY_ST DONE. [time: 0.01770615577697754 s, all close: True, speed-up vs reference: 128.89]
APPROACH 4: QMATMUL_DIRECT_NUMPY_PARALLEL...
APPROACH 4: QMATMUL_DIRECT_NUMPY_PARALLEL DONE. [time: 0.006197690963745117 s, all close: True, speed-up vs reference: 368.23]
APPROACH 5: QMATMUL_DIRECT_NUMBA_CUDA...
APPROACH 5: QMATMUL_DIRECT_NUMBA_CUDA DONE. [time: 0.005675077438354492 s, all close: True, speed-up vs reference: 402.14]
APPROACH 6: QMATMUL_ALGO_NUMPY_ST...
APPROACH 6: QMATMUL_ALGO_NUMPY_ST DONE. [time: 0.022199630737304688 s, all close: True, speed-up vs reference: 102.80]
APPROACH 7: QMATMUL_ALGO_NUMPY_PARALLEL...
APPROACH 7: QMATMUL_ALGO_NUMPY_PARALLEL DONE. [time: 0.0073986053466796875 s, all close: True, speed-up vs reference: 308.46]
APPROACH 8: QMATMUL_ALGO_NUMBA_CUDA...
APPROACH 8: QMATMUL_ALGO_NUMBA_CUDA DONE. [time: 0.006676912307739258 s, all close: True, speed-up vs reference: 341.80]
REPETITION: 84/100:
APPROACH 1: QMATMUL_NAIVE_NUMBA_ST...
APPROACH 1: QMATMUL_NAIVE_NUMBA_ST DONE. [time: 2.270033359527588 s, all close: True, speed-up vs reference: 1.01]
APPROACH 2: QMATMUL_NAIVE_NUMBA_PARALLEL...
APPROACH 2: QMATMUL_NAIVE_NUMBA_PARALLEL DONE. [time: 0.1356217861175537 s, all close: True, speed-up vs reference: 16.83]
APPROACH 3: QMATMUL_DIRECT_NUMPY_ST...
APPROACH 3: QMATMUL_DIRECT_NUMPY_ST DONE. [time: 0.0176699161529541 s, all close: True, speed-up vs reference: 129.15]
APPROACH 4: QMATMUL_DIRECT_NUMPY_PARALLEL...
APPROACH 4: QMATMUL_DIRECT_NUMPY_PARALLEL DONE. [time: 0.006175518035888672 s, all close: True, speed-up vs reference: 369.55]
APPROACH 5: QMATMUL_DIRECT_NUMBA_CUDA...
APPROACH 5: QMATMUL_DIRECT_NUMBA_CUDA DONE. [time: 0.004045009613037109 s, all close: True, speed-up vs reference: 564.19]
APPROACH 6: QMATMUL_ALGO_NUMPY_ST...
APPROACH 6: QMATMUL_ALGO_NUMPY_ST DONE. [time: 0.02235722541809082 s, all close: True, speed-up vs reference: 102.08]
APPROACH 7: QMATMUL_ALGO_NUMPY_PARALLEL...
APPROACH 7: QMATMUL_ALGO_NUMPY_PARALLEL DONE. [time: 0.007460355758666992 s, all close: True, speed-up vs reference: 305.90]
APPROACH 8: QMATMUL_ALGO_NUMBA_CUDA...
APPROACH 8: QMATMUL_ALGO_NUMBA_CUDA DONE. [time: 0.008317708969116211 s, all close: True, speed-up vs reference: 274.37]
REPETITION: 85/100:
APPROACH 1: QMATMUL_NAIVE_NUMBA_ST...
APPROACH 1: QMATMUL_NAIVE_NUMBA_ST DONE. [time: 2.270385980606079 s, all close: True, speed-up vs reference: 1.01]
APPROACH 2: QMATMUL_NAIVE_NUMBA_PARALLEL...
APPROACH 2: QMATMUL_NAIVE_NUMBA_PARALLEL DONE. [time: 0.1359415054321289 s, all close: True, speed-up vs reference: 16.79]
APPROACH 3: QMATMUL_DIRECT_NUMPY_ST...
APPROACH 3: QMATMUL_DIRECT_NUMPY_ST DONE. [time: 0.017781734466552734 s, all close: True, speed-up vs reference: 128.34]
APPROACH 4: QMATMUL_DIRECT_NUMPY_PARALLEL...
APPROACH 4: QMATMUL_DIRECT_NUMPY_PARALLEL DONE. [time: 0.006166696548461914 s, all close: True, speed-up vs reference: 370.08]
APPROACH 5: QMATMUL_DIRECT_NUMBA_CUDA...
APPROACH 5: QMATMUL_DIRECT_NUMBA_CUDA DONE. [time: 0.004069805145263672 s, all close: True, speed-up vs reference: 560.75]
APPROACH 6: QMATMUL_ALGO_NUMPY_ST...
APPROACH 6: QMATMUL_ALGO_NUMPY_ST DONE. [time: 0.022420167922973633 s, all close: True, speed-up vs reference: 101.79]
APPROACH 7: QMATMUL_ALGO_NUMPY_PARALLEL...
APPROACH 7: QMATMUL_ALGO_NUMPY_PARALLEL DONE. [time: 0.007356405258178711 s, all close: True, speed-up vs reference: 310.23]
APPROACH 8: QMATMUL_ALGO_NUMBA_CUDA...
APPROACH 8: QMATMUL_ALGO_NUMBA_CUDA DONE. [time: 0.008672952651977539 s, all close: True, speed-up vs reference: 263.13]
REPETITION: 86/100:
APPROACH 1: QMATMUL_NAIVE_NUMBA_ST...
APPROACH 1: QMATMUL_NAIVE_NUMBA_ST DONE. [time: 2.335517644882202 s, all close: True, speed-up vs reference: 0.98]
APPROACH 2: QMATMUL_NAIVE_NUMBA_PARALLEL...
APPROACH 2: QMATMUL_NAIVE_NUMBA_PARALLEL DONE. [time: 0.13558363914489746 s, all close: True, speed-up vs reference: 16.83]
APPROACH 3: QMATMUL_DIRECT_NUMPY_ST...
APPROACH 3: QMATMUL_DIRECT_NUMPY_ST DONE. [time: 0.017616748809814453 s, all close: True, speed-up vs reference: 129.54]
APPROACH 4: QMATMUL_DIRECT_NUMPY_PARALLEL...
APPROACH 4: QMATMUL_DIRECT_NUMPY_PARALLEL DONE. [time: 0.006209611892700195 s, all close: True, speed-up vs reference: 367.52]
APPROACH 5: QMATMUL_DIRECT_NUMBA_CUDA...
APPROACH 5: QMATMUL_DIRECT_NUMBA_CUDA DONE. [time: 0.004068136215209961 s, all close: True, speed-up vs reference: 560.98]
APPROACH 6: QMATMUL_ALGO_NUMPY_ST...
APPROACH 6: QMATMUL_ALGO_NUMPY_ST DONE. [time: 0.022310972213745117 s, all close: True, speed-up vs reference: 102.29]
APPROACH 7: QMATMUL_ALGO_NUMPY_PARALLEL...
APPROACH 7: QMATMUL_ALGO_NUMPY_PARALLEL DONE. [time: 0.0073947906494140625 s, all close: True, speed-up vs reference: 308.62]
APPROACH 8: QMATMUL_ALGO_NUMBA_CUDA...
APPROACH 8: QMATMUL_ALGO_NUMBA_CUDA DONE. [time: 0.008747100830078125 s, all close: True, speed-up vs reference: 260.90]
REPETITION: 87/100:
APPROACH 1: QMATMUL_NAIVE_NUMBA_ST...
APPROACH 1: QMATMUL_NAIVE_NUMBA_ST DONE. [time: 2.269742250442505 s, all close: True, speed-up vs reference: 1.01]
APPROACH 2: QMATMUL_NAIVE_NUMBA_PARALLEL...
APPROACH 2: QMATMUL_NAIVE_NUMBA_PARALLEL DONE. [time: 0.13544034957885742 s, all close: True, speed-up vs reference: 16.85]
APPROACH 3: QMATMUL_DIRECT_NUMPY_ST...
APPROACH 3: QMATMUL_DIRECT_NUMPY_ST DONE. [time: 0.017612218856811523 s, all close: True, speed-up vs reference: 129.58]
APPROACH 4: QMATMUL_DIRECT_NUMPY_PARALLEL...
APPROACH 4: QMATMUL_DIRECT_NUMPY_PARALLEL DONE. [time: 0.006163835525512695 s, all close: True, speed-up vs reference: 370.25]
APPROACH 5: QMATMUL_DIRECT_NUMBA_CUDA...
APPROACH 5: QMATMUL_DIRECT_NUMBA_CUDA DONE. [time: 0.004045248031616211 s, all close: True, speed-up vs reference: 564.16]
APPROACH 6: QMATMUL_ALGO_NUMPY_ST...
APPROACH 6: QMATMUL_ALGO_NUMPY_ST DONE. [time: 0.022448062896728516 s, all close: True, speed-up vs reference: 101.66]
APPROACH 7: QMATMUL_ALGO_NUMPY_PARALLEL...
APPROACH 7: QMATMUL_ALGO_NUMPY_PARALLEL DONE. [time: 0.007560253143310547 s, all close: True, speed-up vs reference: 301.86]
APPROACH 8: QMATMUL_ALGO_NUMBA_CUDA...
APPROACH 8: QMATMUL_ALGO_NUMBA_CUDA DONE. [time: 0.008526802062988281 s, all close: True, speed-up vs reference: 267.64]
REPETITION: 88/100:
APPROACH 1: QMATMUL_NAIVE_NUMBA_ST...
APPROACH 1: QMATMUL_NAIVE_NUMBA_ST DONE. [time: 2.2915596961975098 s, all close: True, speed-up vs reference: 1.00]
APPROACH 2: QMATMUL_NAIVE_NUMBA_PARALLEL...
APPROACH 2: QMATMUL_NAIVE_NUMBA_PARALLEL DONE. [time: 0.14963889122009277 s, all close: True, speed-up vs reference: 15.25]
APPROACH 3: QMATMUL_DIRECT_NUMPY_ST...
APPROACH 3: QMATMUL_DIRECT_NUMPY_ST DONE. [time: 0.017727375030517578 s, all close: True, speed-up vs reference: 128.74]
APPROACH 4: QMATMUL_DIRECT_NUMPY_PARALLEL...
APPROACH 4: QMATMUL_DIRECT_NUMPY_PARALLEL DONE. [time: 0.0062100887298583984 s, all close: True, speed-up vs reference: 367.49]
APPROACH 5: QMATMUL_DIRECT_NUMBA_CUDA...
APPROACH 5: QMATMUL_DIRECT_NUMBA_CUDA DONE. [time: 0.0040378570556640625 s, all close: True, speed-up vs reference: 565.19]
APPROACH 6: QMATMUL_ALGO_NUMPY_ST...
APPROACH 6: QMATMUL_ALGO_NUMPY_ST DONE. [time: 0.0223541259765625 s, all close: True, speed-up vs reference: 102.09]
APPROACH 7: QMATMUL_ALGO_NUMPY_PARALLEL...
APPROACH 7: QMATMUL_ALGO_NUMPY_PARALLEL DONE. [time: 0.007365703582763672 s, all close: True, speed-up vs reference: 309.83]
APPROACH 8: QMATMUL_ALGO_NUMBA_CUDA...
APPROACH 8: QMATMUL_ALGO_NUMBA_CUDA DONE. [time: 0.007365703582763672 s, all close: True, speed-up vs reference: 309.83]
REPETITION: 89/100:
APPROACH 1: QMATMUL_NAIVE_NUMBA_ST...
APPROACH 1: QMATMUL_NAIVE_NUMBA_ST DONE. [time: 2.282766819000244 s, all close: True, speed-up vs reference: 1.00]
APPROACH 2: QMATMUL_NAIVE_NUMBA_PARALLEL...
APPROACH 2: QMATMUL_NAIVE_NUMBA_PARALLEL DONE. [time: 0.13564801216125488 s, all close: True, speed-up vs reference: 16.82]
APPROACH 3: QMATMUL_DIRECT_NUMPY_ST...
APPROACH 3: QMATMUL_DIRECT_NUMPY_ST DONE. [time: 0.017636537551879883 s, all close: True, speed-up vs reference: 129.40]
APPROACH 4: QMATMUL_DIRECT_NUMPY_PARALLEL...
APPROACH 4: QMATMUL_DIRECT_NUMPY_PARALLEL DONE. [time: 0.006200075149536133 s, all close: True, speed-up vs reference: 368.08]
APPROACH 5: QMATMUL_DIRECT_NUMBA_CUDA...
APPROACH 5: QMATMUL_DIRECT_NUMBA_CUDA DONE. [time: 0.005290508270263672 s, all close: True, speed-up vs reference: 431.37]
APPROACH 6: QMATMUL_ALGO_NUMPY_ST...
APPROACH 6: QMATMUL_ALGO_NUMPY_ST DONE. [time: 0.022598981857299805 s, all close: True, speed-up vs reference: 100.98]
APPROACH 7: QMATMUL_ALGO_NUMPY_PARALLEL...
APPROACH 7: QMATMUL_ALGO_NUMPY_PARALLEL DONE. [time: 0.0073125362396240234 s, all close: True, speed-up vs reference: 312.09]
APPROACH 8: QMATMUL_ALGO_NUMBA_CUDA...
APPROACH 8: QMATMUL_ALGO_NUMBA_CUDA DONE. [time: 0.00737762451171875 s, all close: True, speed-up vs reference: 309.33]
REPETITION: 90/100:
APPROACH 1: QMATMUL_NAIVE_NUMBA_ST...
APPROACH 1: QMATMUL_NAIVE_NUMBA_ST DONE. [time: 2.27396559715271 s, all close: True, speed-up vs reference: 1.00]
APPROACH 2: QMATMUL_NAIVE_NUMBA_PARALLEL...
APPROACH 2: QMATMUL_NAIVE_NUMBA_PARALLEL DONE. [time: 0.17507004737854004 s, all close: True, speed-up vs reference: 13.04]
APPROACH 3: QMATMUL_DIRECT_NUMPY_ST...
APPROACH 3: QMATMUL_DIRECT_NUMPY_ST DONE. [time: 0.0177457332611084 s, all close: True, speed-up vs reference: 128.60]
APPROACH 4: QMATMUL_DIRECT_NUMPY_PARALLEL...
APPROACH 4: QMATMUL_DIRECT_NUMPY_PARALLEL DONE. [time: 0.006226062774658203 s, all close: True, speed-up vs reference: 366.55]
APPROACH 5: QMATMUL_DIRECT_NUMBA_CUDA...
APPROACH 5: QMATMUL_DIRECT_NUMBA_CUDA DONE. [time: 0.005313396453857422 s, all close: True, speed-up vs reference: 429.51]
APPROACH 6: QMATMUL_ALGO_NUMPY_ST...
APPROACH 6: QMATMUL_ALGO_NUMPY_ST DONE. [time: 0.0224001407623291 s, all close: True, speed-up vs reference: 101.88]
APPROACH 7: QMATMUL_ALGO_NUMPY_PARALLEL...
APPROACH 7: QMATMUL_ALGO_NUMPY_PARALLEL DONE. [time: 0.007322549819946289 s, all close: True, speed-up vs reference: 311.66]
APPROACH 8: QMATMUL_ALGO_NUMBA_CUDA...
APPROACH 8: QMATMUL_ALGO_NUMBA_CUDA DONE. [time: 0.007439374923706055 s, all close: True, speed-up vs reference: 306.77]
REPETITION: 91/100:
APPROACH 1: QMATMUL_NAIVE_NUMBA_ST...
APPROACH 1: QMATMUL_NAIVE_NUMBA_ST DONE. [time: 2.2718684673309326 s, all close: True, speed-up vs reference: 1.00]
APPROACH 2: QMATMUL_NAIVE_NUMBA_PARALLEL...
APPROACH 2: QMATMUL_NAIVE_NUMBA_PARALLEL DONE. [time: 0.13553595542907715 s, all close: True, speed-up vs reference: 16.84]
APPROACH 3: QMATMUL_DIRECT_NUMPY_ST...
APPROACH 3: QMATMUL_DIRECT_NUMPY_ST DONE. [time: 0.017704248428344727 s, all close: True, speed-up vs reference: 128.90]
APPROACH 4: QMATMUL_DIRECT_NUMPY_PARALLEL...
APPROACH 4: QMATMUL_DIRECT_NUMPY_PARALLEL DONE. [time: 0.006273508071899414 s, all close: True, speed-up vs reference: 363.78]
APPROACH 5: QMATMUL_DIRECT_NUMBA_CUDA...
APPROACH 5: QMATMUL_DIRECT_NUMBA_CUDA DONE. [time: 0.005315303802490234 s, all close: True, speed-up vs reference: 429.35]
APPROACH 6: QMATMUL_ALGO_NUMPY_ST...
APPROACH 6: QMATMUL_ALGO_NUMPY_ST DONE. [time: 0.02240467071533203 s, all close: True, speed-up vs reference: 101.86]
APPROACH 7: QMATMUL_ALGO_NUMPY_PARALLEL...
APPROACH 7: QMATMUL_ALGO_NUMPY_PARALLEL DONE. [time: 0.007373332977294922 s, all close: True, speed-up vs reference: 309.51]
APPROACH 8: QMATMUL_ALGO_NUMBA_CUDA...
APPROACH 8: QMATMUL_ALGO_NUMBA_CUDA DONE. [time: 0.007524013519287109 s, all close: True, speed-up vs reference: 303.32]
REPETITION: 92/100:
APPROACH 1: QMATMUL_NAIVE_NUMBA_ST...
APPROACH 1: QMATMUL_NAIVE_NUMBA_ST DONE. [time: 2.251072645187378 s, all close: True, speed-up vs reference: 1.01]
APPROACH 2: QMATMUL_NAIVE_NUMBA_PARALLEL...
APPROACH 2: QMATMUL_NAIVE_NUMBA_PARALLEL DONE. [time: 0.13493871688842773 s, all close: True, speed-up vs reference: 16.91]
APPROACH 3: QMATMUL_DIRECT_NUMPY_ST...
APPROACH 3: QMATMUL_DIRECT_NUMPY_ST DONE. [time: 0.017615795135498047 s, all close: True, speed-up vs reference: 129.55]
APPROACH 4: QMATMUL_DIRECT_NUMPY_PARALLEL...
APPROACH 4: QMATMUL_DIRECT_NUMPY_PARALLEL DONE. [time: 0.006201028823852539 s, all close: True, speed-up vs reference: 368.03]
APPROACH 5: QMATMUL_DIRECT_NUMBA_CUDA...
APPROACH 5: QMATMUL_DIRECT_NUMBA_CUDA DONE. [time: 0.005321979522705078 s, all close: True, speed-up vs reference: 428.82]
APPROACH 6: QMATMUL_ALGO_NUMPY_ST...
APPROACH 6: QMATMUL_ALGO_NUMPY_ST DONE. [time: 0.022515296936035156 s, all close: True, speed-up vs reference: 101.36]
APPROACH 7: QMATMUL_ALGO_NUMPY_PARALLEL...
APPROACH 7: QMATMUL_ALGO_NUMPY_PARALLEL DONE. [time: 0.007379293441772461 s, all close: True, speed-up vs reference: 309.26]
APPROACH 8: QMATMUL_ALGO_NUMBA_CUDA...
APPROACH 8: QMATMUL_ALGO_NUMBA_CUDA DONE. [time: 0.0072536468505859375 s, all close: True, speed-up vs reference: 314.62]
REPETITION: 93/100:
APPROACH 1: QMATMUL_NAIVE_NUMBA_ST...
APPROACH 1: QMATMUL_NAIVE_NUMBA_ST DONE. [time: 2.2707743644714355 s, all close: True, speed-up vs reference: 1.01]
APPROACH 2: QMATMUL_NAIVE_NUMBA_PARALLEL...
APPROACH 2: QMATMUL_NAIVE_NUMBA_PARALLEL DONE. [time: 0.13561177253723145 s, all close: True, speed-up vs reference: 16.83]
APPROACH 3: QMATMUL_DIRECT_NUMPY_ST...
APPROACH 3: QMATMUL_DIRECT_NUMPY_ST DONE. [time: 0.01773858070373535 s, all close: True, speed-up vs reference: 128.65]
APPROACH 4: QMATMUL_DIRECT_NUMPY_PARALLEL...
APPROACH 4: QMATMUL_DIRECT_NUMPY_PARALLEL DONE. [time: 0.006289005279541016 s, all close: True, speed-up vs reference: 362.88]
APPROACH 5: QMATMUL_DIRECT_NUMBA_CUDA...
APPROACH 5: QMATMUL_DIRECT_NUMBA_CUDA DONE. [time: 0.005526542663574219 s, all close: True, speed-up vs reference: 412.94]
APPROACH 6: QMATMUL_ALGO_NUMPY_ST...
APPROACH 6: QMATMUL_ALGO_NUMPY_ST DONE. [time: 0.02262282371520996 s, all close: True, speed-up vs reference: 100.88]
APPROACH 7: QMATMUL_ALGO_NUMPY_PARALLEL...
APPROACH 7: QMATMUL_ALGO_NUMPY_PARALLEL DONE. [time: 0.02652764320373535 s, all close: True, speed-up vs reference: 86.03]
APPROACH 8: QMATMUL_ALGO_NUMBA_CUDA...
APPROACH 8: QMATMUL_ALGO_NUMBA_CUDA DONE. [time: 0.007105350494384766 s, all close: True, speed-up vs reference: 321.19]
REPETITION: 94/100:
APPROACH 1: QMATMUL_NAIVE_NUMBA_ST...
APPROACH 1: QMATMUL_NAIVE_NUMBA_ST DONE. [time: 2.3568670749664307 s, all close: True, speed-up vs reference: 0.97]
APPROACH 2: QMATMUL_NAIVE_NUMBA_PARALLEL...
APPROACH 2: QMATMUL_NAIVE_NUMBA_PARALLEL DONE. [time: 0.13550162315368652 s, all close: True, speed-up vs reference: 16.84]
APPROACH 3: QMATMUL_DIRECT_NUMPY_ST...
APPROACH 3: QMATMUL_DIRECT_NUMPY_ST DONE. [time: 0.017733097076416016 s, all close: True, speed-up vs reference: 128.69]
APPROACH 4: QMATMUL_DIRECT_NUMPY_PARALLEL...
APPROACH 4: QMATMUL_DIRECT_NUMPY_PARALLEL DONE. [time: 0.00618433952331543 s, all close: True, speed-up vs reference: 369.02]
APPROACH 5: QMATMUL_DIRECT_NUMBA_CUDA...
APPROACH 5: QMATMUL_DIRECT_NUMBA_CUDA DONE. [time: 0.005639553070068359 s, all close: True, speed-up vs reference: 404.67]
APPROACH 6: QMATMUL_ALGO_NUMPY_ST...
APPROACH 6: QMATMUL_ALGO_NUMPY_ST DONE. [time: 0.022400856018066406 s, all close: True, speed-up vs reference: 101.88]
APPROACH 7: QMATMUL_ALGO_NUMPY_PARALLEL...
APPROACH 7: QMATMUL_ALGO_NUMPY_PARALLEL DONE. [time: 0.016961336135864258 s, all close: True, speed-up vs reference: 134.55]
APPROACH 8: QMATMUL_ALGO_NUMBA_CUDA...
APPROACH 8: QMATMUL_ALGO_NUMBA_CUDA DONE. [time: 0.010138511657714844 s, all close: True, speed-up vs reference: 225.10]
REPETITION: 95/100:
APPROACH 1: QMATMUL_NAIVE_NUMBA_ST...
APPROACH 1: QMATMUL_NAIVE_NUMBA_ST DONE. [time: 2.305537462234497 s, all close: True, speed-up vs reference: 0.99]
APPROACH 2: QMATMUL_NAIVE_NUMBA_PARALLEL...
APPROACH 2: QMATMUL_NAIVE_NUMBA_PARALLEL DONE. [time: 0.13585877418518066 s, all close: True, speed-up vs reference: 16.80]
APPROACH 3: QMATMUL_DIRECT_NUMPY_ST...
APPROACH 3: QMATMUL_DIRECT_NUMPY_ST DONE. [time: 0.017789602279663086 s, all close: True, speed-up vs reference: 128.29]
APPROACH 4: QMATMUL_DIRECT_NUMPY_PARALLEL...
APPROACH 4: QMATMUL_DIRECT_NUMPY_PARALLEL DONE. [time: 0.008369922637939453 s, all close: True, speed-up vs reference: 272.66]
APPROACH 5: QMATMUL_DIRECT_NUMBA_CUDA...
APPROACH 5: QMATMUL_DIRECT_NUMBA_CUDA DONE. [time: 0.004044532775878906 s, all close: True, speed-up vs reference: 564.26]
APPROACH 6: QMATMUL_ALGO_NUMPY_ST...
APPROACH 6: QMATMUL_ALGO_NUMPY_ST DONE. [time: 0.022322416305541992 s, all close: True, speed-up vs reference: 102.24]
APPROACH 7: QMATMUL_ALGO_NUMPY_PARALLEL...
APPROACH 7: QMATMUL_ALGO_NUMPY_PARALLEL DONE. [time: 0.007330417633056641 s, all close: True, speed-up vs reference: 311.33]
APPROACH 8: QMATMUL_ALGO_NUMBA_CUDA...
APPROACH 8: QMATMUL_ALGO_NUMBA_CUDA DONE. [time: 0.008432388305664062 s, all close: True, speed-up vs reference: 270.64]
REPETITION: 96/100:
APPROACH 1: QMATMUL_NAIVE_NUMBA_ST...
APPROACH 1: QMATMUL_NAIVE_NUMBA_ST DONE. [time: 2.2706310749053955 s, all close: True, speed-up vs reference: 1.01]
APPROACH 2: QMATMUL_NAIVE_NUMBA_PARALLEL...
APPROACH 2: QMATMUL_NAIVE_NUMBA_PARALLEL DONE. [time: 0.13557720184326172 s, all close: True, speed-up vs reference: 16.83]
APPROACH 3: QMATMUL_DIRECT_NUMPY_ST...
APPROACH 3: QMATMUL_DIRECT_NUMPY_ST DONE. [time: 0.017764806747436523 s, all close: True, speed-up vs reference: 128.46]
APPROACH 4: QMATMUL_DIRECT_NUMPY_PARALLEL...
APPROACH 4: QMATMUL_DIRECT_NUMPY_PARALLEL DONE. [time: 0.00783228874206543 s, all close: True, speed-up vs reference: 291.38]
APPROACH 5: QMATMUL_DIRECT_NUMBA_CUDA...
APPROACH 5: QMATMUL_DIRECT_NUMBA_CUDA DONE. [time: 0.004063129425048828 s, all close: True, speed-up vs reference: 561.67]
APPROACH 6: QMATMUL_ALGO_NUMPY_ST...
APPROACH 6: QMATMUL_ALGO_NUMPY_ST DONE. [time: 0.022491455078125 s, all close: True, speed-up vs reference: 101.47]
APPROACH 7: QMATMUL_ALGO_NUMPY_PARALLEL...
APPROACH 7: QMATMUL_ALGO_NUMPY_PARALLEL DONE. [time: 0.007364511489868164 s, all close: True, speed-up vs reference: 309.88]
APPROACH 8: QMATMUL_ALGO_NUMBA_CUDA...
APPROACH 8: QMATMUL_ALGO_NUMBA_CUDA DONE. [time: 0.008696556091308594 s, all close: True, speed-up vs reference: 262.42]
REPETITION: 97/100:
APPROACH 1: QMATMUL_NAIVE_NUMBA_ST...
APPROACH 1: QMATMUL_NAIVE_NUMBA_ST DONE. [time: 2.2666308879852295 s, all close: True, speed-up vs reference: 1.01]
APPROACH 2: QMATMUL_NAIVE_NUMBA_PARALLEL...
APPROACH 2: QMATMUL_NAIVE_NUMBA_PARALLEL DONE. [time: 0.13556337356567383 s, all close: True, speed-up vs reference: 16.83]
APPROACH 3: QMATMUL_DIRECT_NUMPY_ST...
APPROACH 3: QMATMUL_DIRECT_NUMPY_ST DONE. [time: 0.017786026000976562 s, all close: True, speed-up vs reference: 128.31]
APPROACH 4: QMATMUL_DIRECT_NUMPY_PARALLEL...
APPROACH 4: QMATMUL_DIRECT_NUMPY_PARALLEL DONE. [time: 0.006220817565917969 s, all close: True, speed-up vs reference: 366.86]
APPROACH 5: QMATMUL_DIRECT_NUMBA_CUDA...
APPROACH 5: QMATMUL_DIRECT_NUMBA_CUDA DONE. [time: 0.004053354263305664 s, all close: True, speed-up vs reference: 563.03]
APPROACH 6: QMATMUL_ALGO_NUMPY_ST...
APPROACH 6: QMATMUL_ALGO_NUMPY_ST DONE. [time: 0.02236652374267578 s, all close: True, speed-up vs reference: 102.03]
APPROACH 7: QMATMUL_ALGO_NUMPY_PARALLEL...
APPROACH 7: QMATMUL_ALGO_NUMPY_PARALLEL DONE. [time: 0.007387876510620117 s, all close: True, speed-up vs reference: 308.90]
APPROACH 8: QMATMUL_ALGO_NUMBA_CUDA...
APPROACH 8: QMATMUL_ALGO_NUMBA_CUDA DONE. [time: 0.008804559707641602 s, all close: True, speed-up vs reference: 259.20]
REPETITION: 98/100:
APPROACH 1: QMATMUL_NAIVE_NUMBA_ST...
APPROACH 1: QMATMUL_NAIVE_NUMBA_ST DONE. [time: 2.2697372436523438 s, all close: True, speed-up vs reference: 1.01]
APPROACH 2: QMATMUL_NAIVE_NUMBA_PARALLEL...
APPROACH 2: QMATMUL_NAIVE_NUMBA_PARALLEL DONE. [time: 0.13503050804138184 s, all close: True, speed-up vs reference: 16.90]
APPROACH 3: QMATMUL_DIRECT_NUMPY_ST...
APPROACH 3: QMATMUL_DIRECT_NUMPY_ST DONE. [time: 0.017667531967163086 s, all close: True, speed-up vs reference: 129.17]
APPROACH 4: QMATMUL_DIRECT_NUMPY_PARALLEL...
APPROACH 4: QMATMUL_DIRECT_NUMPY_PARALLEL DONE. [time: 0.006197452545166016 s, all close: True, speed-up vs reference: 368.24]
APPROACH 5: QMATMUL_DIRECT_NUMBA_CUDA...
APPROACH 5: QMATMUL_DIRECT_NUMBA_CUDA DONE. [time: 0.0056569576263427734 s, all close: True, speed-up vs reference: 403.42]
APPROACH 6: QMATMUL_ALGO_NUMPY_ST...
APPROACH 6: QMATMUL_ALGO_NUMPY_ST DONE. [time: 0.022456645965576172 s, all close: True, speed-up vs reference: 101.62]
APPROACH 7: QMATMUL_ALGO_NUMPY_PARALLEL...
APPROACH 7: QMATMUL_ALGO_NUMPY_PARALLEL DONE. [time: 0.011619329452514648 s, all close: True, speed-up vs reference: 196.41]
APPROACH 8: QMATMUL_ALGO_NUMBA_CUDA...
APPROACH 8: QMATMUL_ALGO_NUMBA_CUDA DONE. [time: 0.008780479431152344 s, all close: True, speed-up vs reference: 259.91]
REPETITION: 99/100:
APPROACH 1: QMATMUL_NAIVE_NUMBA_ST...
APPROACH 1: QMATMUL_NAIVE_NUMBA_ST DONE. [time: 2.299678325653076 s, all close: True, speed-up vs reference: 0.99]
APPROACH 2: QMATMUL_NAIVE_NUMBA_PARALLEL...
APPROACH 2: QMATMUL_NAIVE_NUMBA_PARALLEL DONE. [time: 0.13556456565856934 s, all close: True, speed-up vs reference: 16.83]
APPROACH 3: QMATMUL_DIRECT_NUMPY_ST...
APPROACH 3: QMATMUL_DIRECT_NUMPY_ST DONE. [time: 0.017772436141967773 s, all close: True, speed-up vs reference: 128.41]
APPROACH 4: QMATMUL_DIRECT_NUMPY_PARALLEL...
APPROACH 4: QMATMUL_DIRECT_NUMPY_PARALLEL DONE. [time: 0.0061779022216796875 s, all close: True, speed-up vs reference: 369.41]
APPROACH 5: QMATMUL_DIRECT_NUMBA_CUDA...
APPROACH 5: QMATMUL_DIRECT_NUMBA_CUDA DONE. [time: 0.004071235656738281 s, all close: True, speed-up vs reference: 560.55]
APPROACH 6: QMATMUL_ALGO_NUMPY_ST...
APPROACH 6: QMATMUL_ALGO_NUMPY_ST DONE. [time: 0.02248096466064453 s, all close: True, speed-up vs reference: 101.51]
APPROACH 7: QMATMUL_ALGO_NUMPY_PARALLEL...
APPROACH 7: QMATMUL_ALGO_NUMPY_PARALLEL DONE. [time: 0.007367372512817383 s, all close: True, speed-up vs reference: 309.76]
APPROACH 8: QMATMUL_ALGO_NUMBA_CUDA...
APPROACH 8: QMATMUL_ALGO_NUMBA_CUDA DONE. [time: 0.007496356964111328 s, all close: True, speed-up vs reference: 304.43]
REPETITION: 100/100:
APPROACH 1: QMATMUL_NAIVE_NUMBA_ST...
APPROACH 1: QMATMUL_NAIVE_NUMBA_ST DONE. [time: 2.26963210105896 s, all close: True, speed-up vs reference: 1.01]
APPROACH 2: QMATMUL_NAIVE_NUMBA_PARALLEL...
APPROACH 2: QMATMUL_NAIVE_NUMBA_PARALLEL DONE. [time: 0.13504838943481445 s, all close: True, speed-up vs reference: 16.90]
APPROACH 3: QMATMUL_DIRECT_NUMPY_ST...
APPROACH 3: QMATMUL_DIRECT_NUMPY_ST DONE. [time: 0.017644882202148438 s, all close: True, speed-up vs reference: 129.34]
APPROACH 4: QMATMUL_DIRECT_NUMPY_PARALLEL...
APPROACH 4: QMATMUL_DIRECT_NUMPY_PARALLEL DONE. [time: 0.0061931610107421875 s, all close: True, speed-up vs reference: 368.50]
APPROACH 5: QMATMUL_DIRECT_NUMBA_CUDA...
APPROACH 5: QMATMUL_DIRECT_NUMBA_CUDA DONE. [time: 0.0053005218505859375 s, all close: True, speed-up vs reference: 430.55]
APPROACH 6: QMATMUL_ALGO_NUMPY_ST...
APPROACH 6: QMATMUL_ALGO_NUMPY_ST DONE. [time: 0.022528409957885742 s, all close: True, speed-up vs reference: 101.30]
APPROACH 7: QMATMUL_ALGO_NUMPY_PARALLEL...
APPROACH 7: QMATMUL_ALGO_NUMPY_PARALLEL DONE. [time: 0.007341861724853516 s, all close: True, speed-up vs reference: 310.84]
APPROACH 8: QMATMUL_ALGO_NUMBA_CUDA...
APPROACH 8: QMATMUL_ALGO_NUMBA_CUDA DONE. [time: 0.0074880123138427734 s, all close: True, speed-up vs reference: 304.77]
================================================================================================================================================================================================================
SUMMARY:
APPROACH 1: QMATMUL_NAIVE_NUMBA_ST (REFERENCE) -> MEAN TIME: 2.2844031691551208 s, TIME STD: 0.027479783862467296 s, STD_%: 1.2%, SPEED-UP: 1.00
APPROACH 2: QMATMUL_NAIVE_NUMBA_PARALLEL -> MEAN TIME: 0.14218851566314697 s, TIME STD: 0.011856447014538446 s, STD_%: 8.3%, SPEED-UP: 16.07
APPROACH 3: QMATMUL_DIRECT_NUMPY_ST -> MEAN TIME: 0.01781106948852539 s, TIME STD: 0.0002646246355258748 s, STD_%: 1.5%, SPEED-UP: 128.26
APPROACH 4: QMATMUL_DIRECT_NUMPY_PARALLEL -> MEAN TIME: 0.006537561416625977 s, TIME STD: 0.0008507118547452217 s, STD_%: 13.0%, SPEED-UP: 349.43
APPROACH 5: QMATMUL_DIRECT_NUMBA_CUDA -> MEAN TIME: 0.004856357574462891 s, TIME STD: 0.0007934435333481639 s, STD_%: 16.3%, SPEED-UP: 470.39
APPROACH 6: QMATMUL_ALGO_NUMPY_ST -> MEAN TIME: 0.022724368572235108 s, TIME STD: 0.0031563246689551953 s, STD_%: 13.9%, SPEED-UP: 100.53
APPROACH 7: QMATMUL_ALGO_NUMPY_PARALLEL -> MEAN TIME: 0.008530261516571045 s, TIME STD: 0.003921979520308168 s, STD_%: 46.0%, SPEED-UP: 267.80
APPROACH 8: QMATMUL_ALGO_NUMBA_CUDA -> MEAN TIME: 0.007929999828338623 s, TIME STD: 0.0009832695540999052 s, STD_%: 12.4%, SPEED-UP: 288.07
================================================================================================================================================================================================================
QUATERNIONS MAIN DONE. [hash string: 1353770719_97564_565_[300;300;300;2.0;float64;100;TTTTTTTT], time: 252.16207695007324 s]
