QUATERNIONS MAIN...
HASH STRING: 1367800386_00377_565_[100;300;200;2.0;float64;100;TTTTTTTT]
================================================================================================================================================================================================================
EXPERIMENT INFO:
{
  M: 100,
  N: 300,
  P: 200,
  SEED: 0,
  RANGE: 2.0,
  DTYPE: <class 'numpy.float64'>,
  REPETITIONS: 100,
  QMATMUL_NAIVE_NUMBA_ST: (True, 'qmatmul_naive_numba_st_float64'),
  QMATMUL_NAIVE_NUMBA_PARALLEL: (True, 'qmatmul_naive_numba_parallel_float64'),
  QMATMUL_DIRECT_NUMPY_ST: (True, 'qmatmul_direct_numpy_st'),
  QMATMUL_DIRECT_NUMPY_PARALLEL: (True, 'qmatmul_direct_numpy_parallel'),
  QMATMUL_DIRECT_NUMBA_CUDA: (True, 'qmatmul_direct_numba_cuda_float64'),
  QMATMUL_ALGO_NUMPY_ST: (True, 'qmatmul_algo_numpy_st'),
  QMATMUL_ALGO_NUMPY_PARALLEL: (True, 'qmatmul_algo_numpy_parallel'),
  QMATMUL_ALGO_NUMBA_CUDA: (True, 'qmatmul_algo_numba_cuda_float64')
}
================================================================================================================================================================================================================
CPU AND SYSTEM PROPS:
{
  cpu_name: Intel(R) Core(TM) i7-10700 CPU @ 2.90GHz,
  ram_size: 125.7 GB,
  os_name: Linux 6.8.0-106-generic,
  os_version: #106-Ubuntu SMP PREEMPT_DYNAMIC Fri Mar  6 07:58:08 UTC 2026,
  os_machine: x86_64
}
GPU PROPS:
{
  name: NVIDIA GeForce RTX 3090,
  max_threads_per_block: 1024,
  max_block_dim_x: 1024,
  max_block_dim_y: 1024,
  max_block_dim_z: 64,
  max_grid_dim_x: 2147483647,
  max_grid_dim_y: 65535,
  max_grid_dim_z: 65535,
  max_shared_memory_per_block: 49152,
  async_engine_count: 2,
  can_map_host_memory: 1,
  multiprocessor_count: 82,
  warp_size: 32,
  unified_addressing: 1,
  pci_bus_id: 1,
  pci_device_id: 0,
  compute_capability: ComputeCapability(major=8, minor=6),
  cores_per_SM: 128,
  cores_total: 10496
}
================================================================================================================================================================================================================
MEMORY INFO:
A: 0.916 MiB
B: 1.831 MiB
C: 0.61 MiB
================================================================================================================================================================================================================
WARM-UP:
WARM-UP FOR APPROACH 1: QMATMUL_NAIVE_NUMBA_ST...
WARM-UP FOR APPROACH 1: QMATMUL_NAIVE_NUMBA_ST DONE. [time: 0.08758234977722168 s]
WARM-UP FOR APPROACH 2: QMATMUL_NAIVE_NUMBA_PARALLEL...
WARM-UP FOR APPROACH 2: QMATMUL_NAIVE_NUMBA_PARALLEL DONE. [time: 0.005688190460205078 s]
WARM-UP FOR APPROACH 3: QMATMUL_DIRECT_NUMPY_ST...
WARM-UP FOR APPROACH 3: QMATMUL_DIRECT_NUMPY_ST DONE. [time: 0.00625920295715332 s]
WARM-UP FOR APPROACH 4: QMATMUL_DIRECT_NUMPY_PARALLEL...
WARM-UP FOR APPROACH 4: QMATMUL_DIRECT_NUMPY_PARALLEL DONE. [time: 0.000652313232421875 s]
WARM-UP FOR APPROACH 5: QMATMUL_DIRECT_NUMBA_CUDA...
WARM-UP FOR APPROACH 5: QMATMUL_DIRECT_NUMBA_CUDA DONE. [time: 0.0019211769104003906 s]
WARM-UP FOR APPROACH 6: QMATMUL_ALGO_NUMPY_ST...
WARM-UP FOR APPROACH 6: QMATMUL_ALGO_NUMPY_ST DONE. [time: 0.002394437789916992 s]
WARM-UP FOR APPROACH 7: QMATMUL_ALGO_NUMPY_PARALLEL...
WARM-UP FOR APPROACH 7: QMATMUL_ALGO_NUMPY_PARALLEL DONE. [time: 0.0007205009460449219 s]
WARM-UP FOR APPROACH 8: QMATMUL_ALGO_NUMBA_CUDA...
WARM-UP FOR APPROACH 8: QMATMUL_ALGO_NUMBA_CUDA DONE. [time: 0.002740621566772461 s]
================================================================================================================================================================================================================
REPETITION: 1/100:
APPROACH 1: QMATMUL_NAIVE_NUMBA_ST...
APPROACH 1: QMATMUL_NAIVE_NUMBA_ST DONE. [time: 0.5188195705413818 s, all close: True, speed-up vs reference: 1.00, reference]
APPROACH 2: QMATMUL_NAIVE_NUMBA_PARALLEL...
APPROACH 2: QMATMUL_NAIVE_NUMBA_PARALLEL DONE. [time: 0.03326582908630371 s, all close: True, speed-up vs reference: 15.60]
APPROACH 3: QMATMUL_DIRECT_NUMPY_ST...
APPROACH 3: QMATMUL_DIRECT_NUMPY_ST DONE. [time: 0.006005525588989258 s, all close: True, speed-up vs reference: 86.39]
APPROACH 4: QMATMUL_DIRECT_NUMPY_PARALLEL...
APPROACH 4: QMATMUL_DIRECT_NUMPY_PARALLEL DONE. [time: 0.0055065155029296875 s, all close: True, speed-up vs reference: 94.22]
APPROACH 5: QMATMUL_DIRECT_NUMBA_CUDA...
APPROACH 5: QMATMUL_DIRECT_NUMBA_CUDA DONE. [time: 0.0023648738861083984 s, all close: True, speed-up vs reference: 219.39]
APPROACH 6: QMATMUL_ALGO_NUMPY_ST...
APPROACH 6: QMATMUL_ALGO_NUMPY_ST DONE. [time: 0.007152080535888672 s, all close: True, speed-up vs reference: 72.54]
APPROACH 7: QMATMUL_ALGO_NUMPY_PARALLEL...
APPROACH 7: QMATMUL_ALGO_NUMPY_PARALLEL DONE. [time: 0.005463838577270508 s, all close: True, speed-up vs reference: 94.96]
APPROACH 8: QMATMUL_ALGO_NUMBA_CUDA...
APPROACH 8: QMATMUL_ALGO_NUMBA_CUDA DONE. [time: 0.005065441131591797 s, all close: True, speed-up vs reference: 102.42]
REPETITION: 2/100:
APPROACH 1: QMATMUL_NAIVE_NUMBA_ST...
APPROACH 1: QMATMUL_NAIVE_NUMBA_ST DONE. [time: 0.5266942977905273 s, all close: True, speed-up vs reference: 0.99]
APPROACH 2: QMATMUL_NAIVE_NUMBA_PARALLEL...
APPROACH 2: QMATMUL_NAIVE_NUMBA_PARALLEL DONE. [time: 0.03360891342163086 s, all close: True, speed-up vs reference: 15.44]
APPROACH 3: QMATMUL_DIRECT_NUMPY_ST...
APPROACH 3: QMATMUL_DIRECT_NUMPY_ST DONE. [time: 0.005555152893066406 s, all close: True, speed-up vs reference: 93.39]
APPROACH 4: QMATMUL_DIRECT_NUMPY_PARALLEL...
APPROACH 4: QMATMUL_DIRECT_NUMPY_PARALLEL DONE. [time: 0.0016639232635498047 s, all close: True, speed-up vs reference: 311.80]
APPROACH 5: QMATMUL_DIRECT_NUMBA_CUDA...
APPROACH 5: QMATMUL_DIRECT_NUMBA_CUDA DONE. [time: 0.0024340152740478516 s, all close: True, speed-up vs reference: 213.15]
APPROACH 6: QMATMUL_ALGO_NUMPY_ST...
APPROACH 6: QMATMUL_ALGO_NUMPY_ST DONE. [time: 0.007116794586181641 s, all close: True, speed-up vs reference: 72.90]
APPROACH 7: QMATMUL_ALGO_NUMPY_PARALLEL...
APPROACH 7: QMATMUL_ALGO_NUMPY_PARALLEL DONE. [time: 0.002378702163696289 s, all close: True, speed-up vs reference: 218.11]
APPROACH 8: QMATMUL_ALGO_NUMBA_CUDA...
APPROACH 8: QMATMUL_ALGO_NUMBA_CUDA DONE. [time: 0.004374980926513672 s, all close: True, speed-up vs reference: 118.59]
REPETITION: 3/100:
APPROACH 1: QMATMUL_NAIVE_NUMBA_ST...
APPROACH 1: QMATMUL_NAIVE_NUMBA_ST DONE. [time: 0.5264482498168945 s, all close: True, speed-up vs reference: 0.99]
APPROACH 2: QMATMUL_NAIVE_NUMBA_PARALLEL...
APPROACH 2: QMATMUL_NAIVE_NUMBA_PARALLEL DONE. [time: 0.03765416145324707 s, all close: True, speed-up vs reference: 13.78]
APPROACH 3: QMATMUL_DIRECT_NUMPY_ST...
APPROACH 3: QMATMUL_DIRECT_NUMPY_ST DONE. [time: 0.005568504333496094 s, all close: True, speed-up vs reference: 93.17]
APPROACH 4: QMATMUL_DIRECT_NUMPY_PARALLEL...
APPROACH 4: QMATMUL_DIRECT_NUMPY_PARALLEL DONE. [time: 0.0016734600067138672 s, all close: True, speed-up vs reference: 310.03]
APPROACH 5: QMATMUL_DIRECT_NUMBA_CUDA...
APPROACH 5: QMATMUL_DIRECT_NUMBA_CUDA DONE. [time: 0.0023822784423828125 s, all close: True, speed-up vs reference: 217.78]
APPROACH 6: QMATMUL_ALGO_NUMPY_ST...
APPROACH 6: QMATMUL_ALGO_NUMPY_ST DONE. [time: 0.0071337223052978516 s, all close: True, speed-up vs reference: 72.73]
APPROACH 7: QMATMUL_ALGO_NUMPY_PARALLEL...
APPROACH 7: QMATMUL_ALGO_NUMPY_PARALLEL DONE. [time: 0.0023746490478515625 s, all close: True, speed-up vs reference: 218.48]
APPROACH 8: QMATMUL_ALGO_NUMBA_CUDA...
APPROACH 8: QMATMUL_ALGO_NUMBA_CUDA DONE. [time: 0.004534482955932617 s, all close: True, speed-up vs reference: 114.42]
REPETITION: 4/100:
APPROACH 1: QMATMUL_NAIVE_NUMBA_ST...
APPROACH 1: QMATMUL_NAIVE_NUMBA_ST DONE. [time: 0.5266413688659668 s, all close: True, speed-up vs reference: 0.99]
APPROACH 2: QMATMUL_NAIVE_NUMBA_PARALLEL...
APPROACH 2: QMATMUL_NAIVE_NUMBA_PARALLEL DONE. [time: 0.033159732818603516 s, all close: True, speed-up vs reference: 15.65]
APPROACH 3: QMATMUL_DIRECT_NUMPY_ST...
APPROACH 3: QMATMUL_DIRECT_NUMPY_ST DONE. [time: 0.005533456802368164 s, all close: True, speed-up vs reference: 93.76]
APPROACH 4: QMATMUL_DIRECT_NUMPY_PARALLEL...
APPROACH 4: QMATMUL_DIRECT_NUMPY_PARALLEL DONE. [time: 0.001657724380493164 s, all close: True, speed-up vs reference: 312.97]
APPROACH 5: QMATMUL_DIRECT_NUMBA_CUDA...
APPROACH 5: QMATMUL_DIRECT_NUMBA_CUDA DONE. [time: 0.002422332763671875 s, all close: True, speed-up vs reference: 214.18]
APPROACH 6: QMATMUL_ALGO_NUMPY_ST...
APPROACH 6: QMATMUL_ALGO_NUMPY_ST DONE. [time: 0.007134675979614258 s, all close: True, speed-up vs reference: 72.72]
APPROACH 7: QMATMUL_ALGO_NUMPY_PARALLEL...
APPROACH 7: QMATMUL_ALGO_NUMPY_PARALLEL DONE. [time: 0.0023598670959472656 s, all close: True, speed-up vs reference: 219.85]
APPROACH 8: QMATMUL_ALGO_NUMBA_CUDA...
APPROACH 8: QMATMUL_ALGO_NUMBA_CUDA DONE. [time: 0.0044286251068115234 s, all close: True, speed-up vs reference: 117.15]
REPETITION: 5/100:
APPROACH 1: QMATMUL_NAIVE_NUMBA_ST...
APPROACH 1: QMATMUL_NAIVE_NUMBA_ST DONE. [time: 0.5278489589691162 s, all close: True, speed-up vs reference: 0.98]
APPROACH 2: QMATMUL_NAIVE_NUMBA_PARALLEL...
APPROACH 2: QMATMUL_NAIVE_NUMBA_PARALLEL DONE. [time: 0.031134366989135742 s, all close: True, speed-up vs reference: 16.66]
APPROACH 3: QMATMUL_DIRECT_NUMPY_ST...
APPROACH 3: QMATMUL_DIRECT_NUMPY_ST DONE. [time: 0.005602598190307617 s, all close: True, speed-up vs reference: 92.60]
APPROACH 4: QMATMUL_DIRECT_NUMPY_PARALLEL...
APPROACH 4: QMATMUL_DIRECT_NUMPY_PARALLEL DONE. [time: 0.0016560554504394531 s, all close: True, speed-up vs reference: 313.29]
APPROACH 5: QMATMUL_DIRECT_NUMBA_CUDA...
APPROACH 5: QMATMUL_DIRECT_NUMBA_CUDA DONE. [time: 0.0025637149810791016 s, all close: True, speed-up vs reference: 202.37]
APPROACH 6: QMATMUL_ALGO_NUMPY_ST...
APPROACH 6: QMATMUL_ALGO_NUMPY_ST DONE. [time: 0.007118701934814453 s, all close: True, speed-up vs reference: 72.88]
APPROACH 7: QMATMUL_ALGO_NUMPY_PARALLEL...
APPROACH 7: QMATMUL_ALGO_NUMPY_PARALLEL DONE. [time: 0.002356290817260742 s, all close: True, speed-up vs reference: 220.18]
APPROACH 8: QMATMUL_ALGO_NUMBA_CUDA...
APPROACH 8: QMATMUL_ALGO_NUMBA_CUDA DONE. [time: 0.0043408870697021484 s, all close: True, speed-up vs reference: 119.52]
REPETITION: 6/100:
APPROACH 1: QMATMUL_NAIVE_NUMBA_ST...
APPROACH 1: QMATMUL_NAIVE_NUMBA_ST DONE. [time: 0.5268692970275879 s, all close: True, speed-up vs reference: 0.98]
APPROACH 2: QMATMUL_NAIVE_NUMBA_PARALLEL...
APPROACH 2: QMATMUL_NAIVE_NUMBA_PARALLEL DONE. [time: 0.03292584419250488 s, all close: True, speed-up vs reference: 15.76]
APPROACH 3: QMATMUL_DIRECT_NUMPY_ST...
APPROACH 3: QMATMUL_DIRECT_NUMPY_ST DONE. [time: 0.005529642105102539 s, all close: True, speed-up vs reference: 93.83]
APPROACH 4: QMATMUL_DIRECT_NUMPY_PARALLEL...
APPROACH 4: QMATMUL_DIRECT_NUMPY_PARALLEL DONE. [time: 0.0016715526580810547 s, all close: True, speed-up vs reference: 310.38]
APPROACH 5: QMATMUL_DIRECT_NUMBA_CUDA...
APPROACH 5: QMATMUL_DIRECT_NUMBA_CUDA DONE. [time: 0.002552509307861328 s, all close: True, speed-up vs reference: 203.26]
APPROACH 6: QMATMUL_ALGO_NUMPY_ST...
APPROACH 6: QMATMUL_ALGO_NUMPY_ST DONE. [time: 0.007155179977416992 s, all close: True, speed-up vs reference: 72.51]
APPROACH 7: QMATMUL_ALGO_NUMPY_PARALLEL...
APPROACH 7: QMATMUL_ALGO_NUMPY_PARALLEL DONE. [time: 0.0023746490478515625 s, all close: True, speed-up vs reference: 218.48]
APPROACH 8: QMATMUL_ALGO_NUMBA_CUDA...
APPROACH 8: QMATMUL_ALGO_NUMBA_CUDA DONE. [time: 0.004494905471801758 s, all close: True, speed-up vs reference: 115.42]
REPETITION: 7/100:
APPROACH 1: QMATMUL_NAIVE_NUMBA_ST...
APPROACH 1: QMATMUL_NAIVE_NUMBA_ST DONE. [time: 0.5276429653167725 s, all close: True, speed-up vs reference: 0.98]
APPROACH 2: QMATMUL_NAIVE_NUMBA_PARALLEL...
APPROACH 2: QMATMUL_NAIVE_NUMBA_PARALLEL DONE. [time: 0.031403541564941406 s, all close: True, speed-up vs reference: 16.52]
APPROACH 3: QMATMUL_DIRECT_NUMPY_ST...
APPROACH 3: QMATMUL_DIRECT_NUMPY_ST DONE. [time: 0.0055751800537109375 s, all close: True, speed-up vs reference: 93.06]
APPROACH 4: QMATMUL_DIRECT_NUMPY_PARALLEL...
APPROACH 4: QMATMUL_DIRECT_NUMPY_PARALLEL DONE. [time: 0.0016779899597167969 s, all close: True, speed-up vs reference: 309.19]
APPROACH 5: QMATMUL_DIRECT_NUMBA_CUDA...
APPROACH 5: QMATMUL_DIRECT_NUMBA_CUDA DONE. [time: 0.0020112991333007812 s, all close: True, speed-up vs reference: 257.95]
APPROACH 6: QMATMUL_ALGO_NUMPY_ST...
APPROACH 6: QMATMUL_ALGO_NUMPY_ST DONE. [time: 0.0071218013763427734 s, all close: True, speed-up vs reference: 72.85]
APPROACH 7: QMATMUL_ALGO_NUMPY_PARALLEL...
APPROACH 7: QMATMUL_ALGO_NUMPY_PARALLEL DONE. [time: 0.002362489700317383 s, all close: True, speed-up vs reference: 219.61]
APPROACH 8: QMATMUL_ALGO_NUMBA_CUDA...
APPROACH 8: QMATMUL_ALGO_NUMBA_CUDA DONE. [time: 0.0051305294036865234 s, all close: True, speed-up vs reference: 101.12]
REPETITION: 8/100:
APPROACH 1: QMATMUL_NAIVE_NUMBA_ST...
APPROACH 1: QMATMUL_NAIVE_NUMBA_ST DONE. [time: 0.5180222988128662 s, all close: True, speed-up vs reference: 1.00]
APPROACH 2: QMATMUL_NAIVE_NUMBA_PARALLEL...
APPROACH 2: QMATMUL_NAIVE_NUMBA_PARALLEL DONE. [time: 0.03318071365356445 s, all close: True, speed-up vs reference: 15.64]
APPROACH 3: QMATMUL_DIRECT_NUMPY_ST...
APPROACH 3: QMATMUL_DIRECT_NUMPY_ST DONE. [time: 0.005532264709472656 s, all close: True, speed-up vs reference: 93.78]
APPROACH 4: QMATMUL_DIRECT_NUMPY_PARALLEL...
APPROACH 4: QMATMUL_DIRECT_NUMPY_PARALLEL DONE. [time: 0.001651763916015625 s, all close: True, speed-up vs reference: 314.10]
APPROACH 5: QMATMUL_DIRECT_NUMBA_CUDA...
APPROACH 5: QMATMUL_DIRECT_NUMBA_CUDA DONE. [time: 0.0020172595977783203 s, all close: True, speed-up vs reference: 257.19]
APPROACH 6: QMATMUL_ALGO_NUMPY_ST...
APPROACH 6: QMATMUL_ALGO_NUMPY_ST DONE. [time: 0.007109642028808594 s, all close: True, speed-up vs reference: 72.97]
APPROACH 7: QMATMUL_ALGO_NUMPY_PARALLEL...
APPROACH 7: QMATMUL_ALGO_NUMPY_PARALLEL DONE. [time: 0.0025963783264160156 s, all close: True, speed-up vs reference: 199.82]
APPROACH 8: QMATMUL_ALGO_NUMBA_CUDA...
APPROACH 8: QMATMUL_ALGO_NUMBA_CUDA DONE. [time: 0.005112648010253906 s, all close: True, speed-up vs reference: 101.48]
REPETITION: 9/100:
APPROACH 1: QMATMUL_NAIVE_NUMBA_ST...
APPROACH 1: QMATMUL_NAIVE_NUMBA_ST DONE. [time: 0.5180199146270752 s, all close: True, speed-up vs reference: 1.00]
APPROACH 2: QMATMUL_NAIVE_NUMBA_PARALLEL...
APPROACH 2: QMATMUL_NAIVE_NUMBA_PARALLEL DONE. [time: 0.03116750717163086 s, all close: True, speed-up vs reference: 16.65]
APPROACH 3: QMATMUL_DIRECT_NUMPY_ST...
APPROACH 3: QMATMUL_DIRECT_NUMPY_ST DONE. [time: 0.005520820617675781 s, all close: True, speed-up vs reference: 93.98]
APPROACH 4: QMATMUL_DIRECT_NUMPY_PARALLEL...
APPROACH 4: QMATMUL_DIRECT_NUMPY_PARALLEL DONE. [time: 0.001646280288696289 s, all close: True, speed-up vs reference: 315.15]
APPROACH 5: QMATMUL_DIRECT_NUMBA_CUDA...
APPROACH 5: QMATMUL_DIRECT_NUMBA_CUDA DONE. [time: 0.0020017623901367188 s, all close: True, speed-up vs reference: 259.18]
APPROACH 6: QMATMUL_ALGO_NUMPY_ST...
APPROACH 6: QMATMUL_ALGO_NUMPY_ST DONE. [time: 0.007145881652832031 s, all close: True, speed-up vs reference: 72.60]
APPROACH 7: QMATMUL_ALGO_NUMPY_PARALLEL...
APPROACH 7: QMATMUL_ALGO_NUMPY_PARALLEL DONE. [time: 0.0023488998413085938 s, all close: True, speed-up vs reference: 220.88]
APPROACH 8: QMATMUL_ALGO_NUMBA_CUDA...
APPROACH 8: QMATMUL_ALGO_NUMBA_CUDA DONE. [time: 0.005031108856201172 s, all close: True, speed-up vs reference: 103.12]
REPETITION: 10/100:
APPROACH 1: QMATMUL_NAIVE_NUMBA_ST...
APPROACH 1: QMATMUL_NAIVE_NUMBA_ST DONE. [time: 0.5182304382324219 s, all close: True, speed-up vs reference: 1.00]
APPROACH 2: QMATMUL_NAIVE_NUMBA_PARALLEL...
APPROACH 2: QMATMUL_NAIVE_NUMBA_PARALLEL DONE. [time: 0.03280162811279297 s, all close: True, speed-up vs reference: 15.82]
APPROACH 3: QMATMUL_DIRECT_NUMPY_ST...
APPROACH 3: QMATMUL_DIRECT_NUMPY_ST DONE. [time: 0.005554914474487305 s, all close: True, speed-up vs reference: 93.40]
APPROACH 4: QMATMUL_DIRECT_NUMPY_PARALLEL...
APPROACH 4: QMATMUL_DIRECT_NUMPY_PARALLEL DONE. [time: 0.007697105407714844 s, all close: True, speed-up vs reference: 67.40]
APPROACH 5: QMATMUL_DIRECT_NUMBA_CUDA...
APPROACH 5: QMATMUL_DIRECT_NUMBA_CUDA DONE. [time: 0.0020856857299804688 s, all close: True, speed-up vs reference: 248.75]
APPROACH 6: QMATMUL_ALGO_NUMPY_ST...
APPROACH 6: QMATMUL_ALGO_NUMPY_ST DONE. [time: 0.007128715515136719 s, all close: True, speed-up vs reference: 72.78]
APPROACH 7: QMATMUL_ALGO_NUMPY_PARALLEL...
APPROACH 7: QMATMUL_ALGO_NUMPY_PARALLEL DONE. [time: 0.005909442901611328 s, all close: True, speed-up vs reference: 87.80]
APPROACH 8: QMATMUL_ALGO_NUMBA_CUDA...
APPROACH 8: QMATMUL_ALGO_NUMBA_CUDA DONE. [time: 0.0050809383392333984 s, all close: True, speed-up vs reference: 102.11]
REPETITION: 11/100:
APPROACH 1: QMATMUL_NAIVE_NUMBA_ST...
APPROACH 1: QMATMUL_NAIVE_NUMBA_ST DONE. [time: 0.5206542015075684 s, all close: True, speed-up vs reference: 1.00]
APPROACH 2: QMATMUL_NAIVE_NUMBA_PARALLEL...
APPROACH 2: QMATMUL_NAIVE_NUMBA_PARALLEL DONE. [time: 0.04308509826660156 s, all close: True, speed-up vs reference: 12.04]
APPROACH 3: QMATMUL_DIRECT_NUMPY_ST...
APPROACH 3: QMATMUL_DIRECT_NUMPY_ST DONE. [time: 0.005544900894165039 s, all close: True, speed-up vs reference: 93.57]
APPROACH 4: QMATMUL_DIRECT_NUMPY_PARALLEL...
APPROACH 4: QMATMUL_DIRECT_NUMPY_PARALLEL DONE. [time: 0.0016248226165771484 s, all close: True, speed-up vs reference: 319.31]
APPROACH 5: QMATMUL_DIRECT_NUMBA_CUDA...
APPROACH 5: QMATMUL_DIRECT_NUMBA_CUDA DONE. [time: 0.0020821094512939453 s, all close: True, speed-up vs reference: 249.18]
APPROACH 6: QMATMUL_ALGO_NUMPY_ST...
APPROACH 6: QMATMUL_ALGO_NUMPY_ST DONE. [time: 0.007115364074707031 s, all close: True, speed-up vs reference: 72.92]
APPROACH 7: QMATMUL_ALGO_NUMPY_PARALLEL...
APPROACH 7: QMATMUL_ALGO_NUMPY_PARALLEL DONE. [time: 0.0023539066314697266 s, all close: True, speed-up vs reference: 220.41]
APPROACH 8: QMATMUL_ALGO_NUMBA_CUDA...
APPROACH 8: QMATMUL_ALGO_NUMBA_CUDA DONE. [time: 0.004631996154785156 s, all close: True, speed-up vs reference: 112.01]
REPETITION: 12/100:
APPROACH 1: QMATMUL_NAIVE_NUMBA_ST...
APPROACH 1: QMATMUL_NAIVE_NUMBA_ST DONE. [time: 0.5181221961975098 s, all close: True, speed-up vs reference: 1.00]
APPROACH 2: QMATMUL_NAIVE_NUMBA_PARALLEL...
APPROACH 2: QMATMUL_NAIVE_NUMBA_PARALLEL DONE. [time: 0.033223867416381836 s, all close: True, speed-up vs reference: 15.62]
APPROACH 3: QMATMUL_DIRECT_NUMPY_ST...
APPROACH 3: QMATMUL_DIRECT_NUMPY_ST DONE. [time: 0.005566120147705078 s, all close: True, speed-up vs reference: 93.21]
APPROACH 4: QMATMUL_DIRECT_NUMPY_PARALLEL...
APPROACH 4: QMATMUL_DIRECT_NUMPY_PARALLEL DONE. [time: 0.0016486644744873047 s, all close: True, speed-up vs reference: 314.69]
APPROACH 5: QMATMUL_DIRECT_NUMBA_CUDA...
APPROACH 5: QMATMUL_DIRECT_NUMBA_CUDA DONE. [time: 0.0023097991943359375 s, all close: True, speed-up vs reference: 224.62]
APPROACH 6: QMATMUL_ALGO_NUMPY_ST...
APPROACH 6: QMATMUL_ALGO_NUMPY_ST DONE. [time: 0.00715184211730957 s, all close: True, speed-up vs reference: 72.54]
APPROACH 7: QMATMUL_ALGO_NUMPY_PARALLEL...
APPROACH 7: QMATMUL_ALGO_NUMPY_PARALLEL DONE. [time: 0.0023622512817382812 s, all close: True, speed-up vs reference: 219.63]
APPROACH 8: QMATMUL_ALGO_NUMBA_CUDA...
APPROACH 8: QMATMUL_ALGO_NUMBA_CUDA DONE. [time: 0.00446772575378418 s, all close: True, speed-up vs reference: 116.13]
REPETITION: 13/100:
APPROACH 1: QMATMUL_NAIVE_NUMBA_ST...
APPROACH 1: QMATMUL_NAIVE_NUMBA_ST DONE. [time: 0.5278956890106201 s, all close: True, speed-up vs reference: 0.98]
APPROACH 2: QMATMUL_NAIVE_NUMBA_PARALLEL...
APPROACH 2: QMATMUL_NAIVE_NUMBA_PARALLEL DONE. [time: 0.0388340950012207 s, all close: True, speed-up vs reference: 13.36]
APPROACH 3: QMATMUL_DIRECT_NUMPY_ST...
APPROACH 3: QMATMUL_DIRECT_NUMPY_ST DONE. [time: 0.005545139312744141 s, all close: True, speed-up vs reference: 93.56]
APPROACH 4: QMATMUL_DIRECT_NUMPY_PARALLEL...
APPROACH 4: QMATMUL_DIRECT_NUMPY_PARALLEL DONE. [time: 0.0016543865203857422 s, all close: True, speed-up vs reference: 313.60]
APPROACH 5: QMATMUL_DIRECT_NUMBA_CUDA...
APPROACH 5: QMATMUL_DIRECT_NUMBA_CUDA DONE. [time: 0.0024373531341552734 s, all close: True, speed-up vs reference: 212.86]
APPROACH 6: QMATMUL_ALGO_NUMPY_ST...
APPROACH 6: QMATMUL_ALGO_NUMPY_ST DONE. [time: 0.007131099700927734 s, all close: True, speed-up vs reference: 72.75]
APPROACH 7: QMATMUL_ALGO_NUMPY_PARALLEL...
APPROACH 7: QMATMUL_ALGO_NUMPY_PARALLEL DONE. [time: 0.002357959747314453 s, all close: True, speed-up vs reference: 220.03]
APPROACH 8: QMATMUL_ALGO_NUMBA_CUDA...
APPROACH 8: QMATMUL_ALGO_NUMBA_CUDA DONE. [time: 0.005213260650634766 s, all close: True, speed-up vs reference: 99.52]
REPETITION: 14/100:
APPROACH 1: QMATMUL_NAIVE_NUMBA_ST...
APPROACH 1: QMATMUL_NAIVE_NUMBA_ST DONE. [time: 0.5273087024688721 s, all close: True, speed-up vs reference: 0.98]
APPROACH 2: QMATMUL_NAIVE_NUMBA_PARALLEL...
APPROACH 2: QMATMUL_NAIVE_NUMBA_PARALLEL DONE. [time: 0.03104114532470703 s, all close: True, speed-up vs reference: 16.71]
APPROACH 3: QMATMUL_DIRECT_NUMPY_ST...
APPROACH 3: QMATMUL_DIRECT_NUMPY_ST DONE. [time: 0.005534648895263672 s, all close: True, speed-up vs reference: 93.74]
APPROACH 4: QMATMUL_DIRECT_NUMPY_PARALLEL...
APPROACH 4: QMATMUL_DIRECT_NUMPY_PARALLEL DONE. [time: 0.001650094985961914 s, all close: True, speed-up vs reference: 314.42]
APPROACH 5: QMATMUL_DIRECT_NUMBA_CUDA...
APPROACH 5: QMATMUL_DIRECT_NUMBA_CUDA DONE. [time: 0.002363920211791992 s, all close: True, speed-up vs reference: 219.47]
APPROACH 6: QMATMUL_ALGO_NUMPY_ST...
APPROACH 6: QMATMUL_ALGO_NUMPY_ST DONE. [time: 0.007139444351196289 s, all close: True, speed-up vs reference: 72.67]
APPROACH 7: QMATMUL_ALGO_NUMPY_PARALLEL...
APPROACH 7: QMATMUL_ALGO_NUMPY_PARALLEL DONE. [time: 0.0023839473724365234 s, all close: True, speed-up vs reference: 217.63]
APPROACH 8: QMATMUL_ALGO_NUMBA_CUDA...
APPROACH 8: QMATMUL_ALGO_NUMBA_CUDA DONE. [time: 0.004633665084838867 s, all close: True, speed-up vs reference: 111.97]
REPETITION: 15/100:
APPROACH 1: QMATMUL_NAIVE_NUMBA_ST...
APPROACH 1: QMATMUL_NAIVE_NUMBA_ST DONE. [time: 0.5331907272338867 s, all close: True, speed-up vs reference: 0.97]
APPROACH 2: QMATMUL_NAIVE_NUMBA_PARALLEL...
APPROACH 2: QMATMUL_NAIVE_NUMBA_PARALLEL DONE. [time: 0.038826704025268555 s, all close: True, speed-up vs reference: 13.36]
APPROACH 3: QMATMUL_DIRECT_NUMPY_ST...
APPROACH 3: QMATMUL_DIRECT_NUMPY_ST DONE. [time: 0.005804777145385742 s, all close: True, speed-up vs reference: 89.38]
APPROACH 4: QMATMUL_DIRECT_NUMPY_PARALLEL...
APPROACH 4: QMATMUL_DIRECT_NUMPY_PARALLEL DONE. [time: 0.002454042434692383 s, all close: True, speed-up vs reference: 211.41]
APPROACH 5: QMATMUL_DIRECT_NUMBA_CUDA...
APPROACH 5: QMATMUL_DIRECT_NUMBA_CUDA DONE. [time: 0.0025017261505126953 s, all close: True, speed-up vs reference: 207.38]
APPROACH 6: QMATMUL_ALGO_NUMPY_ST...
APPROACH 6: QMATMUL_ALGO_NUMPY_ST DONE. [time: 0.007361650466918945 s, all close: True, speed-up vs reference: 70.48]
APPROACH 7: QMATMUL_ALGO_NUMPY_PARALLEL...
APPROACH 7: QMATMUL_ALGO_NUMPY_PARALLEL DONE. [time: 0.0029807090759277344 s, all close: True, speed-up vs reference: 174.06]
APPROACH 8: QMATMUL_ALGO_NUMBA_CUDA...
APPROACH 8: QMATMUL_ALGO_NUMBA_CUDA DONE. [time: 0.004489421844482422 s, all close: True, speed-up vs reference: 115.56]
REPETITION: 16/100:
APPROACH 1: QMATMUL_NAIVE_NUMBA_ST...
APPROACH 1: QMATMUL_NAIVE_NUMBA_ST DONE. [time: 0.546112060546875 s, all close: True, speed-up vs reference: 0.95]
APPROACH 2: QMATMUL_NAIVE_NUMBA_PARALLEL...
APPROACH 2: QMATMUL_NAIVE_NUMBA_PARALLEL DONE. [time: 0.04286527633666992 s, all close: True, speed-up vs reference: 12.10]
APPROACH 3: QMATMUL_DIRECT_NUMPY_ST...
APPROACH 3: QMATMUL_DIRECT_NUMPY_ST DONE. [time: 0.005965471267700195 s, all close: True, speed-up vs reference: 86.97]
APPROACH 4: QMATMUL_DIRECT_NUMPY_PARALLEL...
APPROACH 4: QMATMUL_DIRECT_NUMPY_PARALLEL DONE. [time: 0.002366781234741211 s, all close: True, speed-up vs reference: 219.21]
APPROACH 5: QMATMUL_DIRECT_NUMBA_CUDA...
APPROACH 5: QMATMUL_DIRECT_NUMBA_CUDA DONE. [time: 0.0026721954345703125 s, all close: True, speed-up vs reference: 194.15]
APPROACH 6: QMATMUL_ALGO_NUMPY_ST...
APPROACH 6: QMATMUL_ALGO_NUMPY_ST DONE. [time: 0.007470607757568359 s, all close: True, speed-up vs reference: 69.45]
APPROACH 7: QMATMUL_ALGO_NUMPY_PARALLEL...
APPROACH 7: QMATMUL_ALGO_NUMPY_PARALLEL DONE. [time: 0.0029287338256835938 s, all close: True, speed-up vs reference: 177.15]
APPROACH 8: QMATMUL_ALGO_NUMBA_CUDA...
APPROACH 8: QMATMUL_ALGO_NUMBA_CUDA DONE. [time: 0.00449681282043457 s, all close: True, speed-up vs reference: 115.37]
REPETITION: 17/100:
APPROACH 1: QMATMUL_NAIVE_NUMBA_ST...
APPROACH 1: QMATMUL_NAIVE_NUMBA_ST DONE. [time: 0.5360321998596191 s, all close: True, speed-up vs reference: 0.97]
APPROACH 2: QMATMUL_NAIVE_NUMBA_PARALLEL...
APPROACH 2: QMATMUL_NAIVE_NUMBA_PARALLEL DONE. [time: 0.04091954231262207 s, all close: True, speed-up vs reference: 12.68]
APPROACH 3: QMATMUL_DIRECT_NUMPY_ST...
APPROACH 3: QMATMUL_DIRECT_NUMPY_ST DONE. [time: 0.0058286190032958984 s, all close: True, speed-up vs reference: 89.01]
APPROACH 4: QMATMUL_DIRECT_NUMPY_PARALLEL...
APPROACH 4: QMATMUL_DIRECT_NUMPY_PARALLEL DONE. [time: 0.0022211074829101562 s, all close: True, speed-up vs reference: 233.59]
APPROACH 5: QMATMUL_DIRECT_NUMBA_CUDA...
APPROACH 5: QMATMUL_DIRECT_NUMBA_CUDA DONE. [time: 0.0026438236236572266 s, all close: True, speed-up vs reference: 196.24]
APPROACH 6: QMATMUL_ALGO_NUMPY_ST...
APPROACH 6: QMATMUL_ALGO_NUMPY_ST DONE. [time: 0.007348299026489258 s, all close: True, speed-up vs reference: 70.60]
APPROACH 7: QMATMUL_ALGO_NUMPY_PARALLEL...
APPROACH 7: QMATMUL_ALGO_NUMPY_PARALLEL DONE. [time: 0.0028154850006103516 s, all close: True, speed-up vs reference: 184.27]
APPROACH 8: QMATMUL_ALGO_NUMBA_CUDA...
APPROACH 8: QMATMUL_ALGO_NUMBA_CUDA DONE. [time: 0.004531383514404297 s, all close: True, speed-up vs reference: 114.49]
REPETITION: 18/100:
APPROACH 1: QMATMUL_NAIVE_NUMBA_ST...
APPROACH 1: QMATMUL_NAIVE_NUMBA_ST DONE. [time: 0.5371685028076172 s, all close: True, speed-up vs reference: 0.97]
APPROACH 2: QMATMUL_NAIVE_NUMBA_PARALLEL...
APPROACH 2: QMATMUL_NAIVE_NUMBA_PARALLEL DONE. [time: 0.041626930236816406 s, all close: True, speed-up vs reference: 12.46]
APPROACH 3: QMATMUL_DIRECT_NUMPY_ST...
APPROACH 3: QMATMUL_DIRECT_NUMPY_ST DONE. [time: 0.005761384963989258 s, all close: True, speed-up vs reference: 90.05]
APPROACH 4: QMATMUL_DIRECT_NUMPY_PARALLEL...
APPROACH 4: QMATMUL_DIRECT_NUMPY_PARALLEL DONE. [time: 0.002176523208618164 s, all close: True, speed-up vs reference: 238.37]
APPROACH 5: QMATMUL_DIRECT_NUMBA_CUDA...
APPROACH 5: QMATMUL_DIRECT_NUMBA_CUDA DONE. [time: 0.0020525455474853516 s, all close: True, speed-up vs reference: 252.77]
APPROACH 6: QMATMUL_ALGO_NUMPY_ST...
APPROACH 6: QMATMUL_ALGO_NUMPY_ST DONE. [time: 0.007421731948852539 s, all close: True, speed-up vs reference: 69.91]
APPROACH 7: QMATMUL_ALGO_NUMPY_PARALLEL...
APPROACH 7: QMATMUL_ALGO_NUMPY_PARALLEL DONE. [time: 0.002732992172241211 s, all close: True, speed-up vs reference: 189.84]
APPROACH 8: QMATMUL_ALGO_NUMBA_CUDA...
APPROACH 8: QMATMUL_ALGO_NUMBA_CUDA DONE. [time: 0.005009651184082031 s, all close: True, speed-up vs reference: 103.56]
REPETITION: 19/100:
APPROACH 1: QMATMUL_NAIVE_NUMBA_ST...
APPROACH 1: QMATMUL_NAIVE_NUMBA_ST DONE. [time: 0.5290951728820801 s, all close: True, speed-up vs reference: 0.98]
APPROACH 2: QMATMUL_NAIVE_NUMBA_PARALLEL...
APPROACH 2: QMATMUL_NAIVE_NUMBA_PARALLEL DONE. [time: 0.03834819793701172 s, all close: True, speed-up vs reference: 13.53]
APPROACH 3: QMATMUL_DIRECT_NUMPY_ST...
APPROACH 3: QMATMUL_DIRECT_NUMPY_ST DONE. [time: 0.0057566165924072266 s, all close: True, speed-up vs reference: 90.13]
APPROACH 4: QMATMUL_DIRECT_NUMPY_PARALLEL...
APPROACH 4: QMATMUL_DIRECT_NUMPY_PARALLEL DONE. [time: 0.002111673355102539 s, all close: True, speed-up vs reference: 245.69]
APPROACH 5: QMATMUL_DIRECT_NUMBA_CUDA...
APPROACH 5: QMATMUL_DIRECT_NUMBA_CUDA DONE. [time: 0.0020694732666015625 s, all close: True, speed-up vs reference: 250.70]
APPROACH 6: QMATMUL_ALGO_NUMPY_ST...
APPROACH 6: QMATMUL_ALGO_NUMPY_ST DONE. [time: 0.007308244705200195 s, all close: True, speed-up vs reference: 70.99]
APPROACH 7: QMATMUL_ALGO_NUMPY_PARALLEL...
APPROACH 7: QMATMUL_ALGO_NUMPY_PARALLEL DONE. [time: 0.0027132034301757812 s, all close: True, speed-up vs reference: 191.22]
APPROACH 8: QMATMUL_ALGO_NUMBA_CUDA...
APPROACH 8: QMATMUL_ALGO_NUMBA_CUDA DONE. [time: 0.0052797794342041016 s, all close: True, speed-up vs reference: 98.27]
REPETITION: 20/100:
APPROACH 1: QMATMUL_NAIVE_NUMBA_ST...
APPROACH 1: QMATMUL_NAIVE_NUMBA_ST DONE. [time: 0.5225462913513184 s, all close: True, speed-up vs reference: 0.99]
APPROACH 2: QMATMUL_NAIVE_NUMBA_PARALLEL...
APPROACH 2: QMATMUL_NAIVE_NUMBA_PARALLEL DONE. [time: 0.038283348083496094 s, all close: True, speed-up vs reference: 13.55]
APPROACH 3: QMATMUL_DIRECT_NUMPY_ST...
APPROACH 3: QMATMUL_DIRECT_NUMPY_ST DONE. [time: 0.005730867385864258 s, all close: True, speed-up vs reference: 90.53]
APPROACH 4: QMATMUL_DIRECT_NUMPY_PARALLEL...
APPROACH 4: QMATMUL_DIRECT_NUMPY_PARALLEL DONE. [time: 0.002122640609741211 s, all close: True, speed-up vs reference: 244.42]
APPROACH 5: QMATMUL_DIRECT_NUMBA_CUDA...
APPROACH 5: QMATMUL_DIRECT_NUMBA_CUDA DONE. [time: 0.002065420150756836 s, all close: True, speed-up vs reference: 251.19]
APPROACH 6: QMATMUL_ALGO_NUMPY_ST...
APPROACH 6: QMATMUL_ALGO_NUMPY_ST DONE. [time: 0.007328510284423828 s, all close: True, speed-up vs reference: 70.79]
APPROACH 7: QMATMUL_ALGO_NUMPY_PARALLEL...
APPROACH 7: QMATMUL_ALGO_NUMPY_PARALLEL DONE. [time: 0.002711772918701172 s, all close: True, speed-up vs reference: 191.32]
APPROACH 8: QMATMUL_ALGO_NUMBA_CUDA...
APPROACH 8: QMATMUL_ALGO_NUMBA_CUDA DONE. [time: 0.0051898956298828125 s, all close: True, speed-up vs reference: 99.97]
REPETITION: 21/100:
APPROACH 1: QMATMUL_NAIVE_NUMBA_ST...
APPROACH 1: QMATMUL_NAIVE_NUMBA_ST DONE. [time: 0.5236237049102783 s, all close: True, speed-up vs reference: 0.99]
APPROACH 2: QMATMUL_NAIVE_NUMBA_PARALLEL...
APPROACH 2: QMATMUL_NAIVE_NUMBA_PARALLEL DONE. [time: 0.036817312240600586 s, all close: True, speed-up vs reference: 14.09]
APPROACH 3: QMATMUL_DIRECT_NUMPY_ST...
APPROACH 3: QMATMUL_DIRECT_NUMPY_ST DONE. [time: 0.006005048751831055 s, all close: True, speed-up vs reference: 86.40]
APPROACH 4: QMATMUL_DIRECT_NUMPY_PARALLEL...
APPROACH 4: QMATMUL_DIRECT_NUMPY_PARALLEL DONE. [time: 0.0021436214447021484 s, all close: True, speed-up vs reference: 242.03]
APPROACH 5: QMATMUL_DIRECT_NUMBA_CUDA...
APPROACH 5: QMATMUL_DIRECT_NUMBA_CUDA DONE. [time: 0.002122163772583008 s, all close: True, speed-up vs reference: 244.48]
APPROACH 6: QMATMUL_ALGO_NUMPY_ST...
APPROACH 6: QMATMUL_ALGO_NUMPY_ST DONE. [time: 0.007297992706298828 s, all close: True, speed-up vs reference: 71.09]
APPROACH 7: QMATMUL_ALGO_NUMPY_PARALLEL...
APPROACH 7: QMATMUL_ALGO_NUMPY_PARALLEL DONE. [time: 0.0026769638061523438 s, all close: True, speed-up vs reference: 193.81]
APPROACH 8: QMATMUL_ALGO_NUMBA_CUDA...
APPROACH 8: QMATMUL_ALGO_NUMBA_CUDA DONE. [time: 0.0050182342529296875 s, all close: True, speed-up vs reference: 103.39]
REPETITION: 22/100:
APPROACH 1: QMATMUL_NAIVE_NUMBA_ST...
APPROACH 1: QMATMUL_NAIVE_NUMBA_ST DONE. [time: 0.5233817100524902 s, all close: True, speed-up vs reference: 0.99]
APPROACH 2: QMATMUL_NAIVE_NUMBA_PARALLEL...
APPROACH 2: QMATMUL_NAIVE_NUMBA_PARALLEL DONE. [time: 0.04125809669494629 s, all close: True, speed-up vs reference: 12.57]
APPROACH 3: QMATMUL_DIRECT_NUMPY_ST...
APPROACH 3: QMATMUL_DIRECT_NUMPY_ST DONE. [time: 0.005698204040527344 s, all close: True, speed-up vs reference: 91.05]
APPROACH 4: QMATMUL_DIRECT_NUMPY_PARALLEL...
APPROACH 4: QMATMUL_DIRECT_NUMPY_PARALLEL DONE. [time: 0.002059459686279297 s, all close: True, speed-up vs reference: 251.92]
APPROACH 5: QMATMUL_DIRECT_NUMBA_CUDA...
APPROACH 5: QMATMUL_DIRECT_NUMBA_CUDA DONE. [time: 0.002145528793334961 s, all close: True, speed-up vs reference: 241.81]
APPROACH 6: QMATMUL_ALGO_NUMPY_ST...
APPROACH 6: QMATMUL_ALGO_NUMPY_ST DONE. [time: 0.0072650909423828125 s, all close: True, speed-up vs reference: 71.41]
APPROACH 7: QMATMUL_ALGO_NUMPY_PARALLEL...
APPROACH 7: QMATMUL_ALGO_NUMPY_PARALLEL DONE. [time: 0.0027527809143066406 s, all close: True, speed-up vs reference: 188.47]
APPROACH 8: QMATMUL_ALGO_NUMBA_CUDA...
APPROACH 8: QMATMUL_ALGO_NUMBA_CUDA DONE. [time: 0.0045719146728515625 s, all close: True, speed-up vs reference: 113.48]
REPETITION: 23/100:
APPROACH 1: QMATMUL_NAIVE_NUMBA_ST...
APPROACH 1: QMATMUL_NAIVE_NUMBA_ST DONE. [time: 0.530106782913208 s, all close: True, speed-up vs reference: 0.98]
APPROACH 2: QMATMUL_NAIVE_NUMBA_PARALLEL...
APPROACH 2: QMATMUL_NAIVE_NUMBA_PARALLEL DONE. [time: 0.04494905471801758 s, all close: True, speed-up vs reference: 11.54]
APPROACH 3: QMATMUL_DIRECT_NUMPY_ST...
APPROACH 3: QMATMUL_DIRECT_NUMPY_ST DONE. [time: 0.005697011947631836 s, all close: True, speed-up vs reference: 91.07]
APPROACH 4: QMATMUL_DIRECT_NUMPY_PARALLEL...
APPROACH 4: QMATMUL_DIRECT_NUMPY_PARALLEL DONE. [time: 0.0022504329681396484 s, all close: True, speed-up vs reference: 230.54]
APPROACH 5: QMATMUL_DIRECT_NUMBA_CUDA...
APPROACH 5: QMATMUL_DIRECT_NUMBA_CUDA DONE. [time: 0.0023360252380371094 s, all close: True, speed-up vs reference: 222.10]
APPROACH 6: QMATMUL_ALGO_NUMPY_ST...
APPROACH 6: QMATMUL_ALGO_NUMPY_ST DONE. [time: 0.007180213928222656 s, all close: True, speed-up vs reference: 72.26]
APPROACH 7: QMATMUL_ALGO_NUMPY_PARALLEL...
APPROACH 7: QMATMUL_ALGO_NUMPY_PARALLEL DONE. [time: 0.002833127975463867 s, all close: True, speed-up vs reference: 183.13]
APPROACH 8: QMATMUL_ALGO_NUMBA_CUDA...
APPROACH 8: QMATMUL_ALGO_NUMBA_CUDA DONE. [time: 0.004374265670776367 s, all close: True, speed-up vs reference: 118.61]
REPETITION: 24/100:
APPROACH 1: QMATMUL_NAIVE_NUMBA_ST...
APPROACH 1: QMATMUL_NAIVE_NUMBA_ST DONE. [time: 0.5181548595428467 s, all close: True, speed-up vs reference: 1.00]
APPROACH 2: QMATMUL_NAIVE_NUMBA_PARALLEL...
APPROACH 2: QMATMUL_NAIVE_NUMBA_PARALLEL DONE. [time: 0.04241681098937988 s, all close: True, speed-up vs reference: 12.23]
APPROACH 3: QMATMUL_DIRECT_NUMPY_ST...
APPROACH 3: QMATMUL_DIRECT_NUMPY_ST DONE. [time: 0.005507469177246094 s, all close: True, speed-up vs reference: 94.20]
APPROACH 4: QMATMUL_DIRECT_NUMPY_PARALLEL...
APPROACH 4: QMATMUL_DIRECT_NUMPY_PARALLEL DONE. [time: 0.001657724380493164 s, all close: True, speed-up vs reference: 312.97]
APPROACH 5: QMATMUL_DIRECT_NUMBA_CUDA...
APPROACH 5: QMATMUL_DIRECT_NUMBA_CUDA DONE. [time: 0.0024509429931640625 s, all close: True, speed-up vs reference: 211.68]
APPROACH 6: QMATMUL_ALGO_NUMPY_ST...
APPROACH 6: QMATMUL_ALGO_NUMPY_ST DONE. [time: 0.007161617279052734 s, all close: True, speed-up vs reference: 72.44]
APPROACH 7: QMATMUL_ALGO_NUMPY_PARALLEL...
APPROACH 7: QMATMUL_ALGO_NUMPY_PARALLEL DONE. [time: 0.007288694381713867 s, all close: True, speed-up vs reference: 71.18]
APPROACH 8: QMATMUL_ALGO_NUMBA_CUDA...
APPROACH 8: QMATMUL_ALGO_NUMBA_CUDA DONE. [time: 0.004311323165893555 s, all close: True, speed-up vs reference: 120.34]
REPETITION: 25/100:
APPROACH 1: QMATMUL_NAIVE_NUMBA_ST...
APPROACH 1: QMATMUL_NAIVE_NUMBA_ST DONE. [time: 0.535266637802124 s, all close: True, speed-up vs reference: 0.97]
APPROACH 2: QMATMUL_NAIVE_NUMBA_PARALLEL...
APPROACH 2: QMATMUL_NAIVE_NUMBA_PARALLEL DONE. [time: 0.03349113464355469 s, all close: True, speed-up vs reference: 15.49]
APPROACH 3: QMATMUL_DIRECT_NUMPY_ST...
APPROACH 3: QMATMUL_DIRECT_NUMPY_ST DONE. [time: 0.005525350570678711 s, all close: True, speed-up vs reference: 93.90]
APPROACH 4: QMATMUL_DIRECT_NUMPY_PARALLEL...
APPROACH 4: QMATMUL_DIRECT_NUMPY_PARALLEL DONE. [time: 0.0016369819641113281 s, all close: True, speed-up vs reference: 316.94]
APPROACH 5: QMATMUL_DIRECT_NUMBA_CUDA...
APPROACH 5: QMATMUL_DIRECT_NUMBA_CUDA DONE. [time: 0.0023720264434814453 s, all close: True, speed-up vs reference: 218.72]
APPROACH 6: QMATMUL_ALGO_NUMPY_ST...
APPROACH 6: QMATMUL_ALGO_NUMPY_ST DONE. [time: 0.007076263427734375 s, all close: True, speed-up vs reference: 73.32]
APPROACH 7: QMATMUL_ALGO_NUMPY_PARALLEL...
APPROACH 7: QMATMUL_ALGO_NUMPY_PARALLEL DONE. [time: 0.0023336410522460938 s, all close: True, speed-up vs reference: 222.32]
APPROACH 8: QMATMUL_ALGO_NUMBA_CUDA...
APPROACH 8: QMATMUL_ALGO_NUMBA_CUDA DONE. [time: 0.004605531692504883 s, all close: True, speed-up vs reference: 112.65]
REPETITION: 26/100:
APPROACH 1: QMATMUL_NAIVE_NUMBA_ST...
APPROACH 1: QMATMUL_NAIVE_NUMBA_ST DONE. [time: 0.5184023380279541 s, all close: True, speed-up vs reference: 1.00]
APPROACH 2: QMATMUL_NAIVE_NUMBA_PARALLEL...
APPROACH 2: QMATMUL_NAIVE_NUMBA_PARALLEL DONE. [time: 0.03301644325256348 s, all close: True, speed-up vs reference: 15.71]
APPROACH 3: QMATMUL_DIRECT_NUMPY_ST...
APPROACH 3: QMATMUL_DIRECT_NUMPY_ST DONE. [time: 0.005503416061401367 s, all close: True, speed-up vs reference: 94.27]
APPROACH 4: QMATMUL_DIRECT_NUMPY_PARALLEL...
APPROACH 4: QMATMUL_DIRECT_NUMPY_PARALLEL DONE. [time: 0.0016376972198486328 s, all close: True, speed-up vs reference: 316.80]
APPROACH 5: QMATMUL_DIRECT_NUMBA_CUDA...
APPROACH 5: QMATMUL_DIRECT_NUMBA_CUDA DONE. [time: 0.0024366378784179688 s, all close: True, speed-up vs reference: 212.92]
APPROACH 6: QMATMUL_ALGO_NUMPY_ST...
APPROACH 6: QMATMUL_ALGO_NUMPY_ST DONE. [time: 0.007098197937011719 s, all close: True, speed-up vs reference: 73.09]
APPROACH 7: QMATMUL_ALGO_NUMPY_PARALLEL...
APPROACH 7: QMATMUL_ALGO_NUMPY_PARALLEL DONE. [time: 0.0023374557495117188 s, all close: True, speed-up vs reference: 221.96]
APPROACH 8: QMATMUL_ALGO_NUMBA_CUDA...
APPROACH 8: QMATMUL_ALGO_NUMBA_CUDA DONE. [time: 0.0045206546783447266 s, all close: True, speed-up vs reference: 114.77]
REPETITION: 27/100:
APPROACH 1: QMATMUL_NAIVE_NUMBA_ST...
APPROACH 1: QMATMUL_NAIVE_NUMBA_ST DONE. [time: 0.520758867263794 s, all close: True, speed-up vs reference: 1.00]
APPROACH 2: QMATMUL_NAIVE_NUMBA_PARALLEL...
APPROACH 2: QMATMUL_NAIVE_NUMBA_PARALLEL DONE. [time: 0.033461809158325195 s, all close: True, speed-up vs reference: 15.50]
APPROACH 3: QMATMUL_DIRECT_NUMPY_ST...
APPROACH 3: QMATMUL_DIRECT_NUMPY_ST DONE. [time: 0.005582094192504883 s, all close: True, speed-up vs reference: 92.94]
APPROACH 4: QMATMUL_DIRECT_NUMPY_PARALLEL...
APPROACH 4: QMATMUL_DIRECT_NUMPY_PARALLEL DONE. [time: 0.0016472339630126953 s, all close: True, speed-up vs reference: 314.96]
APPROACH 5: QMATMUL_DIRECT_NUMBA_CUDA...
APPROACH 5: QMATMUL_DIRECT_NUMBA_CUDA DONE. [time: 0.0025625228881835938 s, all close: True, speed-up vs reference: 202.46]
APPROACH 6: QMATMUL_ALGO_NUMPY_ST...
APPROACH 6: QMATMUL_ALGO_NUMPY_ST DONE. [time: 0.0072536468505859375 s, all close: True, speed-up vs reference: 71.53]
APPROACH 7: QMATMUL_ALGO_NUMPY_PARALLEL...
APPROACH 7: QMATMUL_ALGO_NUMPY_PARALLEL DONE. [time: 0.002396821975708008 s, all close: True, speed-up vs reference: 216.46]
APPROACH 8: QMATMUL_ALGO_NUMBA_CUDA...
APPROACH 8: QMATMUL_ALGO_NUMBA_CUDA DONE. [time: 0.004332304000854492 s, all close: True, speed-up vs reference: 119.76]
REPETITION: 28/100:
APPROACH 1: QMATMUL_NAIVE_NUMBA_ST...
APPROACH 1: QMATMUL_NAIVE_NUMBA_ST DONE. [time: 0.5181331634521484 s, all close: True, speed-up vs reference: 1.00]
APPROACH 2: QMATMUL_NAIVE_NUMBA_PARALLEL...
APPROACH 2: QMATMUL_NAIVE_NUMBA_PARALLEL DONE. [time: 0.031157493591308594 s, all close: True, speed-up vs reference: 16.65]
APPROACH 3: QMATMUL_DIRECT_NUMPY_ST...
APPROACH 3: QMATMUL_DIRECT_NUMPY_ST DONE. [time: 0.00552058219909668 s, all close: True, speed-up vs reference: 93.98]
APPROACH 4: QMATMUL_DIRECT_NUMPY_PARALLEL...
APPROACH 4: QMATMUL_DIRECT_NUMPY_PARALLEL DONE. [time: 0.0016503334045410156 s, all close: True, speed-up vs reference: 314.37]
APPROACH 5: QMATMUL_DIRECT_NUMBA_CUDA...
APPROACH 5: QMATMUL_DIRECT_NUMBA_CUDA DONE. [time: 0.0025730133056640625 s, all close: True, speed-up vs reference: 201.64]
APPROACH 6: QMATMUL_ALGO_NUMPY_ST...
APPROACH 6: QMATMUL_ALGO_NUMPY_ST DONE. [time: 0.007147789001464844 s, all close: True, speed-up vs reference: 72.58]
APPROACH 7: QMATMUL_ALGO_NUMPY_PARALLEL...
APPROACH 7: QMATMUL_ALGO_NUMPY_PARALLEL DONE. [time: 0.0023872852325439453 s, all close: True, speed-up vs reference: 217.33]
APPROACH 8: QMATMUL_ALGO_NUMBA_CUDA...
APPROACH 8: QMATMUL_ALGO_NUMBA_CUDA DONE. [time: 0.004447221755981445 s, all close: True, speed-up vs reference: 116.66]
REPETITION: 29/100:
APPROACH 1: QMATMUL_NAIVE_NUMBA_ST...
APPROACH 1: QMATMUL_NAIVE_NUMBA_ST DONE. [time: 0.5367588996887207 s, all close: True, speed-up vs reference: 0.97]
APPROACH 2: QMATMUL_NAIVE_NUMBA_PARALLEL...
APPROACH 2: QMATMUL_NAIVE_NUMBA_PARALLEL DONE. [time: 0.03340506553649902 s, all close: True, speed-up vs reference: 15.53]
APPROACH 3: QMATMUL_DIRECT_NUMPY_ST...
APPROACH 3: QMATMUL_DIRECT_NUMPY_ST DONE. [time: 0.0055179595947265625 s, all close: True, speed-up vs reference: 94.02]
APPROACH 4: QMATMUL_DIRECT_NUMPY_PARALLEL...
APPROACH 4: QMATMUL_DIRECT_NUMPY_PARALLEL DONE. [time: 0.001641988754272461 s, all close: True, speed-up vs reference: 315.97]
APPROACH 5: QMATMUL_DIRECT_NUMBA_CUDA...
APPROACH 5: QMATMUL_DIRECT_NUMBA_CUDA DONE. [time: 0.0020263195037841797 s, all close: True, speed-up vs reference: 256.04]
APPROACH 6: QMATMUL_ALGO_NUMPY_ST...
APPROACH 6: QMATMUL_ALGO_NUMPY_ST DONE. [time: 0.007145404815673828 s, all close: True, speed-up vs reference: 72.61]
APPROACH 7: QMATMUL_ALGO_NUMPY_PARALLEL...
APPROACH 7: QMATMUL_ALGO_NUMPY_PARALLEL DONE. [time: 0.0023872852325439453 s, all close: True, speed-up vs reference: 217.33]
APPROACH 8: QMATMUL_ALGO_NUMBA_CUDA...
APPROACH 8: QMATMUL_ALGO_NUMBA_CUDA DONE. [time: 0.005147695541381836 s, all close: True, speed-up vs reference: 100.79]
REPETITION: 30/100:
APPROACH 1: QMATMUL_NAIVE_NUMBA_ST...
APPROACH 1: QMATMUL_NAIVE_NUMBA_ST DONE. [time: 0.5264828205108643 s, all close: True, speed-up vs reference: 0.99]
APPROACH 2: QMATMUL_NAIVE_NUMBA_PARALLEL...
APPROACH 2: QMATMUL_NAIVE_NUMBA_PARALLEL DONE. [time: 0.03608083724975586 s, all close: True, speed-up vs reference: 14.38]
APPROACH 3: QMATMUL_DIRECT_NUMPY_ST...
APPROACH 3: QMATMUL_DIRECT_NUMPY_ST DONE. [time: 0.005555391311645508 s, all close: True, speed-up vs reference: 93.39]
APPROACH 4: QMATMUL_DIRECT_NUMPY_PARALLEL...
APPROACH 4: QMATMUL_DIRECT_NUMPY_PARALLEL DONE. [time: 0.0016515254974365234 s, all close: True, speed-up vs reference: 314.15]
APPROACH 5: QMATMUL_DIRECT_NUMBA_CUDA...
APPROACH 5: QMATMUL_DIRECT_NUMBA_CUDA DONE. [time: 0.0020079612731933594 s, all close: True, speed-up vs reference: 258.38]
APPROACH 6: QMATMUL_ALGO_NUMPY_ST...
APPROACH 6: QMATMUL_ALGO_NUMPY_ST DONE. [time: 0.0071277618408203125 s, all close: True, speed-up vs reference: 72.79]
APPROACH 7: QMATMUL_ALGO_NUMPY_PARALLEL...
APPROACH 7: QMATMUL_ALGO_NUMPY_PARALLEL DONE. [time: 0.0023758411407470703 s, all close: True, speed-up vs reference: 218.37]
APPROACH 8: QMATMUL_ALGO_NUMBA_CUDA...
APPROACH 8: QMATMUL_ALGO_NUMBA_CUDA DONE. [time: 0.005056858062744141 s, all close: True, speed-up vs reference: 102.60]
REPETITION: 31/100:
APPROACH 1: QMATMUL_NAIVE_NUMBA_ST...
APPROACH 1: QMATMUL_NAIVE_NUMBA_ST DONE. [time: 0.5289011001586914 s, all close: True, speed-up vs reference: 0.98]
APPROACH 2: QMATMUL_NAIVE_NUMBA_PARALLEL...
APPROACH 2: QMATMUL_NAIVE_NUMBA_PARALLEL DONE. [time: 0.03117656707763672 s, all close: True, speed-up vs reference: 16.64]
APPROACH 3: QMATMUL_DIRECT_NUMPY_ST...
APPROACH 3: QMATMUL_DIRECT_NUMPY_ST DONE. [time: 0.005536556243896484 s, all close: True, speed-up vs reference: 93.71]
APPROACH 4: QMATMUL_DIRECT_NUMPY_PARALLEL...
APPROACH 4: QMATMUL_DIRECT_NUMPY_PARALLEL DONE. [time: 0.0016601085662841797 s, all close: True, speed-up vs reference: 312.52]
APPROACH 5: QMATMUL_DIRECT_NUMBA_CUDA...
APPROACH 5: QMATMUL_DIRECT_NUMBA_CUDA DONE. [time: 0.002008676528930664 s, all close: True, speed-up vs reference: 258.29]
APPROACH 6: QMATMUL_ALGO_NUMPY_ST...
APPROACH 6: QMATMUL_ALGO_NUMPY_ST DONE. [time: 0.007133007049560547 s, all close: True, speed-up vs reference: 72.74]
APPROACH 7: QMATMUL_ALGO_NUMPY_PARALLEL...
APPROACH 7: QMATMUL_ALGO_NUMPY_PARALLEL DONE. [time: 0.0023484230041503906 s, all close: True, speed-up vs reference: 220.92]
APPROACH 8: QMATMUL_ALGO_NUMBA_CUDA...
APPROACH 8: QMATMUL_ALGO_NUMBA_CUDA DONE. [time: 0.005326986312866211 s, all close: True, speed-up vs reference: 97.39]
REPETITION: 32/100:
APPROACH 1: QMATMUL_NAIVE_NUMBA_ST...
APPROACH 1: QMATMUL_NAIVE_NUMBA_ST DONE. [time: 0.5189285278320312 s, all close: True, speed-up vs reference: 1.00]
APPROACH 2: QMATMUL_NAIVE_NUMBA_PARALLEL...
APPROACH 2: QMATMUL_NAIVE_NUMBA_PARALLEL DONE. [time: 0.03320050239562988 s, all close: True, speed-up vs reference: 15.63]
APPROACH 3: QMATMUL_DIRECT_NUMPY_ST...
APPROACH 3: QMATMUL_DIRECT_NUMPY_ST DONE. [time: 0.005513429641723633 s, all close: True, speed-up vs reference: 94.10]
APPROACH 4: QMATMUL_DIRECT_NUMPY_PARALLEL...
APPROACH 4: QMATMUL_DIRECT_NUMPY_PARALLEL DONE. [time: 0.001642465591430664 s, all close: True, speed-up vs reference: 315.88]
APPROACH 5: QMATMUL_DIRECT_NUMBA_CUDA...
APPROACH 5: QMATMUL_DIRECT_NUMBA_CUDA DONE. [time: 0.0020780563354492188 s, all close: True, speed-up vs reference: 249.67]
APPROACH 6: QMATMUL_ALGO_NUMPY_ST...
APPROACH 6: QMATMUL_ALGO_NUMPY_ST DONE. [time: 0.007285356521606445 s, all close: True, speed-up vs reference: 71.21]
APPROACH 7: QMATMUL_ALGO_NUMPY_PARALLEL...
APPROACH 7: QMATMUL_ALGO_NUMPY_PARALLEL DONE. [time: 0.0023899078369140625 s, all close: True, speed-up vs reference: 217.09]
APPROACH 8: QMATMUL_ALGO_NUMBA_CUDA...
APPROACH 8: QMATMUL_ALGO_NUMBA_CUDA DONE. [time: 0.005213022232055664 s, all close: True, speed-up vs reference: 99.52]
REPETITION: 33/100:
APPROACH 1: QMATMUL_NAIVE_NUMBA_ST...
APPROACH 1: QMATMUL_NAIVE_NUMBA_ST DONE. [time: 0.5187902450561523 s, all close: True, speed-up vs reference: 1.00]
APPROACH 2: QMATMUL_NAIVE_NUMBA_PARALLEL...
APPROACH 2: QMATMUL_NAIVE_NUMBA_PARALLEL DONE. [time: 0.03639984130859375 s, all close: True, speed-up vs reference: 14.25]
APPROACH 3: QMATMUL_DIRECT_NUMPY_ST...
APPROACH 3: QMATMUL_DIRECT_NUMPY_ST DONE. [time: 0.0055675506591796875 s, all close: True, speed-up vs reference: 93.19]
APPROACH 4: QMATMUL_DIRECT_NUMPY_PARALLEL...
APPROACH 4: QMATMUL_DIRECT_NUMPY_PARALLEL DONE. [time: 0.0019373893737792969 s, all close: True, speed-up vs reference: 267.79]
APPROACH 5: QMATMUL_DIRECT_NUMBA_CUDA...
APPROACH 5: QMATMUL_DIRECT_NUMBA_CUDA DONE. [time: 0.0020966529846191406 s, all close: True, speed-up vs reference: 247.45]
APPROACH 6: QMATMUL_ALGO_NUMPY_ST...
APPROACH 6: QMATMUL_ALGO_NUMPY_ST DONE. [time: 0.007145404815673828 s, all close: True, speed-up vs reference: 72.61]
APPROACH 7: QMATMUL_ALGO_NUMPY_PARALLEL...
APPROACH 7: QMATMUL_ALGO_NUMPY_PARALLEL DONE. [time: 0.0026214122772216797 s, all close: True, speed-up vs reference: 197.92]
APPROACH 8: QMATMUL_ALGO_NUMBA_CUDA...
APPROACH 8: QMATMUL_ALGO_NUMBA_CUDA DONE. [time: 0.0046994686126708984 s, all close: True, speed-up vs reference: 110.40]
REPETITION: 34/100:
APPROACH 1: QMATMUL_NAIVE_NUMBA_ST...
APPROACH 1: QMATMUL_NAIVE_NUMBA_ST DONE. [time: 0.5321741104125977 s, all close: True, speed-up vs reference: 0.97]
APPROACH 2: QMATMUL_NAIVE_NUMBA_PARALLEL...
APPROACH 2: QMATMUL_NAIVE_NUMBA_PARALLEL DONE. [time: 0.031104326248168945 s, all close: True, speed-up vs reference: 16.68]
APPROACH 3: QMATMUL_DIRECT_NUMPY_ST...
APPROACH 3: QMATMUL_DIRECT_NUMPY_ST DONE. [time: 0.005525112152099609 s, all close: True, speed-up vs reference: 93.90]
APPROACH 4: QMATMUL_DIRECT_NUMPY_PARALLEL...
APPROACH 4: QMATMUL_DIRECT_NUMPY_PARALLEL DONE. [time: 0.0016450881958007812 s, all close: True, speed-up vs reference: 315.37]
APPROACH 5: QMATMUL_DIRECT_NUMBA_CUDA...
APPROACH 5: QMATMUL_DIRECT_NUMBA_CUDA DONE. [time: 0.0022897720336914062 s, all close: True, speed-up vs reference: 226.58]
APPROACH 6: QMATMUL_ALGO_NUMPY_ST...
APPROACH 6: QMATMUL_ALGO_NUMPY_ST DONE. [time: 0.007132053375244141 s, all close: True, speed-up vs reference: 72.74]
APPROACH 7: QMATMUL_ALGO_NUMPY_PARALLEL...
APPROACH 7: QMATMUL_ALGO_NUMPY_PARALLEL DONE. [time: 0.0023560523986816406 s, all close: True, speed-up vs reference: 220.21]
APPROACH 8: QMATMUL_ALGO_NUMBA_CUDA...
APPROACH 8: QMATMUL_ALGO_NUMBA_CUDA DONE. [time: 0.004464864730834961 s, all close: True, speed-up vs reference: 116.20]
REPETITION: 35/100:
APPROACH 1: QMATMUL_NAIVE_NUMBA_ST...
APPROACH 1: QMATMUL_NAIVE_NUMBA_ST DONE. [time: 0.5323338508605957 s, all close: True, speed-up vs reference: 0.97]
APPROACH 2: QMATMUL_NAIVE_NUMBA_PARALLEL...
APPROACH 2: QMATMUL_NAIVE_NUMBA_PARALLEL DONE. [time: 0.03666043281555176 s, all close: True, speed-up vs reference: 14.15]
APPROACH 3: QMATMUL_DIRECT_NUMPY_ST...
APPROACH 3: QMATMUL_DIRECT_NUMPY_ST DONE. [time: 0.005569934844970703 s, all close: True, speed-up vs reference: 93.15]
APPROACH 4: QMATMUL_DIRECT_NUMPY_PARALLEL...
APPROACH 4: QMATMUL_DIRECT_NUMPY_PARALLEL DONE. [time: 0.0016489028930664062 s, all close: True, speed-up vs reference: 314.65]
APPROACH 5: QMATMUL_DIRECT_NUMBA_CUDA...
APPROACH 5: QMATMUL_DIRECT_NUMBA_CUDA DONE. [time: 0.0024328231811523438 s, all close: True, speed-up vs reference: 213.26]
APPROACH 6: QMATMUL_ALGO_NUMPY_ST...
APPROACH 6: QMATMUL_ALGO_NUMPY_ST DONE. [time: 0.007146358489990234 s, all close: True, speed-up vs reference: 72.60]
APPROACH 7: QMATMUL_ALGO_NUMPY_PARALLEL...
APPROACH 7: QMATMUL_ALGO_NUMPY_PARALLEL DONE. [time: 0.0023674964904785156 s, all close: True, speed-up vs reference: 219.14]
APPROACH 8: QMATMUL_ALGO_NUMBA_CUDA...
APPROACH 8: QMATMUL_ALGO_NUMBA_CUDA DONE. [time: 0.004408836364746094 s, all close: True, speed-up vs reference: 117.68]
REPETITION: 36/100:
APPROACH 1: QMATMUL_NAIVE_NUMBA_ST...
APPROACH 1: QMATMUL_NAIVE_NUMBA_ST DONE. [time: 0.5319619178771973 s, all close: True, speed-up vs reference: 0.98]
APPROACH 2: QMATMUL_NAIVE_NUMBA_PARALLEL...
APPROACH 2: QMATMUL_NAIVE_NUMBA_PARALLEL DONE. [time: 0.031124591827392578 s, all close: True, speed-up vs reference: 16.67]
APPROACH 3: QMATMUL_DIRECT_NUMPY_ST...
APPROACH 3: QMATMUL_DIRECT_NUMPY_ST DONE. [time: 0.005528688430786133 s, all close: True, speed-up vs reference: 93.84]
APPROACH 4: QMATMUL_DIRECT_NUMPY_PARALLEL...
APPROACH 4: QMATMUL_DIRECT_NUMPY_PARALLEL DONE. [time: 0.0016474723815917969 s, all close: True, speed-up vs reference: 314.92]
APPROACH 5: QMATMUL_DIRECT_NUMBA_CUDA...
APPROACH 5: QMATMUL_DIRECT_NUMBA_CUDA DONE. [time: 0.0023620128631591797 s, all close: True, speed-up vs reference: 219.65]
APPROACH 6: QMATMUL_ALGO_NUMPY_ST...
APPROACH 6: QMATMUL_ALGO_NUMPY_ST DONE. [time: 0.007149219512939453 s, all close: True, speed-up vs reference: 72.57]
APPROACH 7: QMATMUL_ALGO_NUMPY_PARALLEL...
APPROACH 7: QMATMUL_ALGO_NUMPY_PARALLEL DONE. [time: 0.0023665428161621094 s, all close: True, speed-up vs reference: 219.23]
APPROACH 8: QMATMUL_ALGO_NUMBA_CUDA...
APPROACH 8: QMATMUL_ALGO_NUMBA_CUDA DONE. [time: 0.004679203033447266 s, all close: True, speed-up vs reference: 110.88]
REPETITION: 37/100:
APPROACH 1: QMATMUL_NAIVE_NUMBA_ST...
APPROACH 1: QMATMUL_NAIVE_NUMBA_ST DONE. [time: 0.5322418212890625 s, all close: True, speed-up vs reference: 0.97]
APPROACH 2: QMATMUL_NAIVE_NUMBA_PARALLEL...
APPROACH 2: QMATMUL_NAIVE_NUMBA_PARALLEL DONE. [time: 0.038350820541381836 s, all close: True, speed-up vs reference: 13.53]
APPROACH 3: QMATMUL_DIRECT_NUMPY_ST...
APPROACH 3: QMATMUL_DIRECT_NUMPY_ST DONE. [time: 0.005549907684326172 s, all close: True, speed-up vs reference: 93.48]
APPROACH 4: QMATMUL_DIRECT_NUMPY_PARALLEL...
APPROACH 4: QMATMUL_DIRECT_NUMPY_PARALLEL DONE. [time: 0.0016636848449707031 s, all close: True, speed-up vs reference: 311.85]
APPROACH 5: QMATMUL_DIRECT_NUMBA_CUDA...
APPROACH 5: QMATMUL_DIRECT_NUMBA_CUDA DONE. [time: 0.002435922622680664 s, all close: True, speed-up vs reference: 212.99]
APPROACH 6: QMATMUL_ALGO_NUMPY_ST...
APPROACH 6: QMATMUL_ALGO_NUMPY_ST DONE. [time: 0.007279396057128906 s, all close: True, speed-up vs reference: 71.27]
APPROACH 7: QMATMUL_ALGO_NUMPY_PARALLEL...
APPROACH 7: QMATMUL_ALGO_NUMPY_PARALLEL DONE. [time: 0.0023467540740966797 s, all close: True, speed-up vs reference: 221.08]
APPROACH 8: QMATMUL_ALGO_NUMBA_CUDA...
APPROACH 8: QMATMUL_ALGO_NUMBA_CUDA DONE. [time: 0.004609346389770508 s, all close: True, speed-up vs reference: 112.56]
REPETITION: 38/100:
APPROACH 1: QMATMUL_NAIVE_NUMBA_ST...
APPROACH 1: QMATMUL_NAIVE_NUMBA_ST DONE. [time: 0.5317075252532959 s, all close: True, speed-up vs reference: 0.98]
APPROACH 2: QMATMUL_NAIVE_NUMBA_PARALLEL...
APPROACH 2: QMATMUL_NAIVE_NUMBA_PARALLEL DONE. [time: 0.04232144355773926 s, all close: True, speed-up vs reference: 12.26]
APPROACH 3: QMATMUL_DIRECT_NUMPY_ST...
APPROACH 3: QMATMUL_DIRECT_NUMPY_ST DONE. [time: 0.005543708801269531 s, all close: True, speed-up vs reference: 93.59]
APPROACH 4: QMATMUL_DIRECT_NUMPY_PARALLEL...
APPROACH 4: QMATMUL_DIRECT_NUMPY_PARALLEL DONE. [time: 0.0016567707061767578 s, all close: True, speed-up vs reference: 313.15]
APPROACH 5: QMATMUL_DIRECT_NUMBA_CUDA...
APPROACH 5: QMATMUL_DIRECT_NUMBA_CUDA DONE. [time: 0.002577543258666992 s, all close: True, speed-up vs reference: 201.28]
APPROACH 6: QMATMUL_ALGO_NUMPY_ST...
APPROACH 6: QMATMUL_ALGO_NUMPY_ST DONE. [time: 0.007143259048461914 s, all close: True, speed-up vs reference: 72.63]
APPROACH 7: QMATMUL_ALGO_NUMPY_PARALLEL...
APPROACH 7: QMATMUL_ALGO_NUMPY_PARALLEL DONE. [time: 0.002367258071899414 s, all close: True, speed-up vs reference: 219.16]
APPROACH 8: QMATMUL_ALGO_NUMBA_CUDA...
APPROACH 8: QMATMUL_ALGO_NUMBA_CUDA DONE. [time: 0.004605531692504883 s, all close: True, speed-up vs reference: 112.65]
REPETITION: 39/100:
APPROACH 1: QMATMUL_NAIVE_NUMBA_ST...
APPROACH 1: QMATMUL_NAIVE_NUMBA_ST DONE. [time: 0.5343894958496094 s, all close: True, speed-up vs reference: 0.97]
APPROACH 2: QMATMUL_NAIVE_NUMBA_PARALLEL...
APPROACH 2: QMATMUL_NAIVE_NUMBA_PARALLEL DONE. [time: 0.03328299522399902 s, all close: True, speed-up vs reference: 15.59]
APPROACH 3: QMATMUL_DIRECT_NUMPY_ST...
APPROACH 3: QMATMUL_DIRECT_NUMPY_ST DONE. [time: 0.005618095397949219 s, all close: True, speed-up vs reference: 92.35]
APPROACH 4: QMATMUL_DIRECT_NUMPY_PARALLEL...
APPROACH 4: QMATMUL_DIRECT_NUMPY_PARALLEL DONE. [time: 0.0016560554504394531 s, all close: True, speed-up vs reference: 313.29]
APPROACH 5: QMATMUL_DIRECT_NUMBA_CUDA...
APPROACH 5: QMATMUL_DIRECT_NUMBA_CUDA DONE. [time: 0.0025713443756103516 s, all close: True, speed-up vs reference: 201.77]
APPROACH 6: QMATMUL_ALGO_NUMPY_ST...
APPROACH 6: QMATMUL_ALGO_NUMPY_ST DONE. [time: 0.007290363311767578 s, all close: True, speed-up vs reference: 71.17]
APPROACH 7: QMATMUL_ALGO_NUMPY_PARALLEL...
APPROACH 7: QMATMUL_ALGO_NUMPY_PARALLEL DONE. [time: 0.002384662628173828 s, all close: True, speed-up vs reference: 217.57]
APPROACH 8: QMATMUL_ALGO_NUMBA_CUDA...
APPROACH 8: QMATMUL_ALGO_NUMBA_CUDA DONE. [time: 0.004494428634643555 s, all close: True, speed-up vs reference: 115.44]
REPETITION: 40/100:
APPROACH 1: QMATMUL_NAIVE_NUMBA_ST...
APPROACH 1: QMATMUL_NAIVE_NUMBA_ST DONE. [time: 0.5315992832183838 s, all close: True, speed-up vs reference: 0.98]
APPROACH 2: QMATMUL_NAIVE_NUMBA_PARALLEL...
APPROACH 2: QMATMUL_NAIVE_NUMBA_PARALLEL DONE. [time: 0.042705535888671875 s, all close: True, speed-up vs reference: 12.15]
APPROACH 3: QMATMUL_DIRECT_NUMPY_ST...
APPROACH 3: QMATMUL_DIRECT_NUMPY_ST DONE. [time: 0.00566411018371582 s, all close: True, speed-up vs reference: 91.60]
APPROACH 4: QMATMUL_DIRECT_NUMPY_PARALLEL...
APPROACH 4: QMATMUL_DIRECT_NUMPY_PARALLEL DONE. [time: 0.007701873779296875 s, all close: True, speed-up vs reference: 67.36]
APPROACH 5: QMATMUL_DIRECT_NUMBA_CUDA...
APPROACH 5: QMATMUL_DIRECT_NUMBA_CUDA DONE. [time: 0.002344846725463867 s, all close: True, speed-up vs reference: 221.26]
APPROACH 6: QMATMUL_ALGO_NUMPY_ST...
APPROACH 6: QMATMUL_ALGO_NUMPY_ST DONE. [time: 0.007256507873535156 s, all close: True, speed-up vs reference: 71.50]
APPROACH 7: QMATMUL_ALGO_NUMPY_PARALLEL...
APPROACH 7: QMATMUL_ALGO_NUMPY_PARALLEL DONE. [time: 0.005529642105102539 s, all close: True, speed-up vs reference: 93.83]
APPROACH 8: QMATMUL_ALGO_NUMBA_CUDA...
APPROACH 8: QMATMUL_ALGO_NUMBA_CUDA DONE. [time: 0.004929304122924805 s, all close: True, speed-up vs reference: 105.25]
REPETITION: 41/100:
APPROACH 1: QMATMUL_NAIVE_NUMBA_ST...
APPROACH 1: QMATMUL_NAIVE_NUMBA_ST DONE. [time: 0.5249080657958984 s, all close: True, speed-up vs reference: 0.99]
APPROACH 2: QMATMUL_NAIVE_NUMBA_PARALLEL...
APPROACH 2: QMATMUL_NAIVE_NUMBA_PARALLEL DONE. [time: 0.03106069564819336 s, all close: True, speed-up vs reference: 16.70]
APPROACH 3: QMATMUL_DIRECT_NUMPY_ST...
APPROACH 3: QMATMUL_DIRECT_NUMPY_ST DONE. [time: 0.0055179595947265625 s, all close: True, speed-up vs reference: 94.02]
APPROACH 4: QMATMUL_DIRECT_NUMPY_PARALLEL...
APPROACH 4: QMATMUL_DIRECT_NUMPY_PARALLEL DONE. [time: 0.001642465591430664 s, all close: True, speed-up vs reference: 315.88]
APPROACH 5: QMATMUL_DIRECT_NUMBA_CUDA...
APPROACH 5: QMATMUL_DIRECT_NUMBA_CUDA DONE. [time: 0.0020062923431396484 s, all close: True, speed-up vs reference: 258.60]
APPROACH 6: QMATMUL_ALGO_NUMPY_ST...
APPROACH 6: QMATMUL_ALGO_NUMPY_ST DONE. [time: 0.007115840911865234 s, all close: True, speed-up vs reference: 72.91]
APPROACH 7: QMATMUL_ALGO_NUMPY_PARALLEL...
APPROACH 7: QMATMUL_ALGO_NUMPY_PARALLEL DONE. [time: 0.0024623870849609375 s, all close: True, speed-up vs reference: 210.70]
APPROACH 8: QMATMUL_ALGO_NUMBA_CUDA...
APPROACH 8: QMATMUL_ALGO_NUMBA_CUDA DONE. [time: 0.005014896392822266 s, all close: True, speed-up vs reference: 103.46]
REPETITION: 42/100:
APPROACH 1: QMATMUL_NAIVE_NUMBA_ST...
APPROACH 1: QMATMUL_NAIVE_NUMBA_ST DONE. [time: 0.5202827453613281 s, all close: True, speed-up vs reference: 1.00]
APPROACH 2: QMATMUL_NAIVE_NUMBA_PARALLEL...
APPROACH 2: QMATMUL_NAIVE_NUMBA_PARALLEL DONE. [time: 0.03762412071228027 s, all close: True, speed-up vs reference: 13.79]
APPROACH 3: QMATMUL_DIRECT_NUMPY_ST...
APPROACH 3: QMATMUL_DIRECT_NUMPY_ST DONE. [time: 0.005547523498535156 s, all close: True, speed-up vs reference: 93.52]
APPROACH 4: QMATMUL_DIRECT_NUMPY_PARALLEL...
APPROACH 4: QMATMUL_DIRECT_NUMPY_PARALLEL DONE. [time: 0.0016398429870605469 s, all close: True, speed-up vs reference: 316.38]
APPROACH 5: QMATMUL_DIRECT_NUMBA_CUDA...
APPROACH 5: QMATMUL_DIRECT_NUMBA_CUDA DONE. [time: 0.0020411014556884766 s, all close: True, speed-up vs reference: 254.19]
APPROACH 6: QMATMUL_ALGO_NUMPY_ST...
APPROACH 6: QMATMUL_ALGO_NUMPY_ST DONE. [time: 0.007118940353393555 s, all close: True, speed-up vs reference: 72.88]
APPROACH 7: QMATMUL_ALGO_NUMPY_PARALLEL...
APPROACH 7: QMATMUL_ALGO_NUMPY_PARALLEL DONE. [time: 0.0023882389068603516 s, all close: True, speed-up vs reference: 217.24]
APPROACH 8: QMATMUL_ALGO_NUMBA_CUDA...
APPROACH 8: QMATMUL_ALGO_NUMBA_CUDA DONE. [time: 0.0050280094146728516 s, all close: True, speed-up vs reference: 103.19]
REPETITION: 43/100:
APPROACH 1: QMATMUL_NAIVE_NUMBA_ST...
APPROACH 1: QMATMUL_NAIVE_NUMBA_ST DONE. [time: 0.5177798271179199 s, all close: True, speed-up vs reference: 1.00]
APPROACH 2: QMATMUL_NAIVE_NUMBA_PARALLEL...
APPROACH 2: QMATMUL_NAIVE_NUMBA_PARALLEL DONE. [time: 0.031208276748657227 s, all close: True, speed-up vs reference: 16.62]
APPROACH 3: QMATMUL_DIRECT_NUMPY_ST...
APPROACH 3: QMATMUL_DIRECT_NUMPY_ST DONE. [time: 0.005643367767333984 s, all close: True, speed-up vs reference: 91.93]
APPROACH 4: QMATMUL_DIRECT_NUMPY_PARALLEL...
APPROACH 4: QMATMUL_DIRECT_NUMPY_PARALLEL DONE. [time: 0.0016505718231201172 s, all close: True, speed-up vs reference: 314.33]
APPROACH 5: QMATMUL_DIRECT_NUMBA_CUDA...
APPROACH 5: QMATMUL_DIRECT_NUMBA_CUDA DONE. [time: 0.002058267593383789 s, all close: True, speed-up vs reference: 252.07]
APPROACH 6: QMATMUL_ALGO_NUMPY_ST...
APPROACH 6: QMATMUL_ALGO_NUMPY_ST DONE. [time: 0.007137775421142578 s, all close: True, speed-up vs reference: 72.69]
APPROACH 7: QMATMUL_ALGO_NUMPY_PARALLEL...
APPROACH 7: QMATMUL_ALGO_NUMPY_PARALLEL DONE. [time: 0.0023589134216308594 s, all close: True, speed-up vs reference: 219.94]
APPROACH 8: QMATMUL_ALGO_NUMBA_CUDA...
APPROACH 8: QMATMUL_ALGO_NUMBA_CUDA DONE. [time: 0.005425930023193359 s, all close: True, speed-up vs reference: 95.62]
REPETITION: 44/100:
APPROACH 1: QMATMUL_NAIVE_NUMBA_ST...
APPROACH 1: QMATMUL_NAIVE_NUMBA_ST DONE. [time: 0.5350449085235596 s, all close: True, speed-up vs reference: 0.97]
APPROACH 2: QMATMUL_NAIVE_NUMBA_PARALLEL...
APPROACH 2: QMATMUL_NAIVE_NUMBA_PARALLEL DONE. [time: 0.03117537498474121 s, all close: True, speed-up vs reference: 16.64]
APPROACH 3: QMATMUL_DIRECT_NUMPY_ST...
APPROACH 3: QMATMUL_DIRECT_NUMPY_ST DONE. [time: 0.005574226379394531 s, all close: True, speed-up vs reference: 93.07]
APPROACH 4: QMATMUL_DIRECT_NUMPY_PARALLEL...
APPROACH 4: QMATMUL_DIRECT_NUMPY_PARALLEL DONE. [time: 0.0016546249389648438 s, all close: True, speed-up vs reference: 313.56]
APPROACH 5: QMATMUL_DIRECT_NUMBA_CUDA...
APPROACH 5: QMATMUL_DIRECT_NUMBA_CUDA DONE. [time: 0.002069711685180664 s, all close: True, speed-up vs reference: 250.67]
APPROACH 6: QMATMUL_ALGO_NUMPY_ST...
APPROACH 6: QMATMUL_ALGO_NUMPY_ST DONE. [time: 0.007273197174072266 s, all close: True, speed-up vs reference: 71.33]
APPROACH 7: QMATMUL_ALGO_NUMPY_PARALLEL...
APPROACH 7: QMATMUL_ALGO_NUMPY_PARALLEL DONE. [time: 0.002353191375732422 s, all close: True, speed-up vs reference: 220.47]
APPROACH 8: QMATMUL_ALGO_NUMBA_CUDA...
APPROACH 8: QMATMUL_ALGO_NUMBA_CUDA DONE. [time: 0.004729270935058594 s, all close: True, speed-up vs reference: 109.70]
REPETITION: 45/100:
APPROACH 1: QMATMUL_NAIVE_NUMBA_ST...
APPROACH 1: QMATMUL_NAIVE_NUMBA_ST DONE. [time: 0.5178735256195068 s, all close: True, speed-up vs reference: 1.00]
APPROACH 2: QMATMUL_NAIVE_NUMBA_PARALLEL...
APPROACH 2: QMATMUL_NAIVE_NUMBA_PARALLEL DONE. [time: 0.04490351676940918 s, all close: True, speed-up vs reference: 11.55]
APPROACH 3: QMATMUL_DIRECT_NUMPY_ST...
APPROACH 3: QMATMUL_DIRECT_NUMPY_ST DONE. [time: 0.0055539608001708984 s, all close: True, speed-up vs reference: 93.41]
APPROACH 4: QMATMUL_DIRECT_NUMPY_PARALLEL...
APPROACH 4: QMATMUL_DIRECT_NUMPY_PARALLEL DONE. [time: 0.0016660690307617188 s, all close: True, speed-up vs reference: 311.40]
APPROACH 5: QMATMUL_DIRECT_NUMBA_CUDA...
APPROACH 5: QMATMUL_DIRECT_NUMBA_CUDA DONE. [time: 0.002296924591064453 s, all close: True, speed-up vs reference: 225.88]
APPROACH 6: QMATMUL_ALGO_NUMPY_ST...
APPROACH 6: QMATMUL_ALGO_NUMPY_ST DONE. [time: 0.007130622863769531 s, all close: True, speed-up vs reference: 72.76]
APPROACH 7: QMATMUL_ALGO_NUMPY_PARALLEL...
APPROACH 7: QMATMUL_ALGO_NUMPY_PARALLEL DONE. [time: 0.0023696422576904297 s, all close: True, speed-up vs reference: 218.94]
APPROACH 8: QMATMUL_ALGO_NUMBA_CUDA...
APPROACH 8: QMATMUL_ALGO_NUMBA_CUDA DONE. [time: 0.004473686218261719 s, all close: True, speed-up vs reference: 115.97]
REPETITION: 46/100:
APPROACH 1: QMATMUL_NAIVE_NUMBA_ST...
APPROACH 1: QMATMUL_NAIVE_NUMBA_ST DONE. [time: 0.5178720951080322 s, all close: True, speed-up vs reference: 1.00]
APPROACH 2: QMATMUL_NAIVE_NUMBA_PARALLEL...
APPROACH 2: QMATMUL_NAIVE_NUMBA_PARALLEL DONE. [time: 0.030884504318237305 s, all close: True, speed-up vs reference: 16.80]
APPROACH 3: QMATMUL_DIRECT_NUMPY_ST...
APPROACH 3: QMATMUL_DIRECT_NUMPY_ST DONE. [time: 0.005538463592529297 s, all close: True, speed-up vs reference: 93.68]
APPROACH 4: QMATMUL_DIRECT_NUMPY_PARALLEL...
APPROACH 4: QMATMUL_DIRECT_NUMPY_PARALLEL DONE. [time: 0.0016376972198486328 s, all close: True, speed-up vs reference: 316.80]
APPROACH 5: QMATMUL_DIRECT_NUMBA_CUDA...
APPROACH 5: QMATMUL_DIRECT_NUMBA_CUDA DONE. [time: 0.002429485321044922 s, all close: True, speed-up vs reference: 213.55]
APPROACH 6: QMATMUL_ALGO_NUMPY_ST...
APPROACH 6: QMATMUL_ALGO_NUMPY_ST DONE. [time: 0.007138490676879883 s, all close: True, speed-up vs reference: 72.68]
APPROACH 7: QMATMUL_ALGO_NUMPY_PARALLEL...
APPROACH 7: QMATMUL_ALGO_NUMPY_PARALLEL DONE. [time: 0.0023605823516845703 s, all close: True, speed-up vs reference: 219.78]
APPROACH 8: QMATMUL_ALGO_NUMBA_CUDA...
APPROACH 8: QMATMUL_ALGO_NUMBA_CUDA DONE. [time: 0.00438237190246582 s, all close: True, speed-up vs reference: 118.39]
REPETITION: 47/100:
APPROACH 1: QMATMUL_NAIVE_NUMBA_ST...
APPROACH 1: QMATMUL_NAIVE_NUMBA_ST DONE. [time: 0.5182027816772461 s, all close: True, speed-up vs reference: 1.00]
APPROACH 2: QMATMUL_NAIVE_NUMBA_PARALLEL...
APPROACH 2: QMATMUL_NAIVE_NUMBA_PARALLEL DONE. [time: 0.031152963638305664 s, all close: True, speed-up vs reference: 16.65]
APPROACH 3: QMATMUL_DIRECT_NUMPY_ST...
APPROACH 3: QMATMUL_DIRECT_NUMPY_ST DONE. [time: 0.005675554275512695 s, all close: True, speed-up vs reference: 91.41]
APPROACH 4: QMATMUL_DIRECT_NUMPY_PARALLEL...
APPROACH 4: QMATMUL_DIRECT_NUMPY_PARALLEL DONE. [time: 0.0024085044860839844 s, all close: True, speed-up vs reference: 215.41]
APPROACH 5: QMATMUL_DIRECT_NUMBA_CUDA...
APPROACH 5: QMATMUL_DIRECT_NUMBA_CUDA DONE. [time: 0.0024323463439941406 s, all close: True, speed-up vs reference: 213.30]
APPROACH 6: QMATMUL_ALGO_NUMPY_ST...
APPROACH 6: QMATMUL_ALGO_NUMPY_ST DONE. [time: 0.007414817810058594 s, all close: True, speed-up vs reference: 69.97]
APPROACH 7: QMATMUL_ALGO_NUMPY_PARALLEL...
APPROACH 7: QMATMUL_ALGO_NUMPY_PARALLEL DONE. [time: 0.003052234649658203 s, all close: True, speed-up vs reference: 169.98]
APPROACH 8: QMATMUL_ALGO_NUMBA_CUDA...
APPROACH 8: QMATMUL_ALGO_NUMBA_CUDA DONE. [time: 0.004683971405029297 s, all close: True, speed-up vs reference: 110.76]
REPETITION: 48/100:
APPROACH 1: QMATMUL_NAIVE_NUMBA_ST...
APPROACH 1: QMATMUL_NAIVE_NUMBA_ST DONE. [time: 0.5180783271789551 s, all close: True, speed-up vs reference: 1.00]
APPROACH 2: QMATMUL_NAIVE_NUMBA_PARALLEL...
APPROACH 2: QMATMUL_NAIVE_NUMBA_PARALLEL DONE. [time: 0.03282880783081055 s, all close: True, speed-up vs reference: 15.80]
APPROACH 3: QMATMUL_DIRECT_NUMPY_ST...
APPROACH 3: QMATMUL_DIRECT_NUMPY_ST DONE. [time: 0.005571842193603516 s, all close: True, speed-up vs reference: 93.11]
APPROACH 4: QMATMUL_DIRECT_NUMPY_PARALLEL...
APPROACH 4: QMATMUL_DIRECT_NUMPY_PARALLEL DONE. [time: 0.0016520023345947266 s, all close: True, speed-up vs reference: 314.05]
APPROACH 5: QMATMUL_DIRECT_NUMBA_CUDA...
APPROACH 5: QMATMUL_DIRECT_NUMBA_CUDA DONE. [time: 0.002418041229248047 s, all close: True, speed-up vs reference: 214.56]
APPROACH 6: QMATMUL_ALGO_NUMPY_ST...
APPROACH 6: QMATMUL_ALGO_NUMPY_ST DONE. [time: 0.0070972442626953125 s, all close: True, speed-up vs reference: 73.10]
APPROACH 7: QMATMUL_ALGO_NUMPY_PARALLEL...
APPROACH 7: QMATMUL_ALGO_NUMPY_PARALLEL DONE. [time: 0.0023572444915771484 s, all close: True, speed-up vs reference: 220.10]
APPROACH 8: QMATMUL_ALGO_NUMBA_CUDA...
APPROACH 8: QMATMUL_ALGO_NUMBA_CUDA DONE. [time: 0.004583835601806641 s, all close: True, speed-up vs reference: 113.18]
REPETITION: 49/100:
APPROACH 1: QMATMUL_NAIVE_NUMBA_ST...
APPROACH 1: QMATMUL_NAIVE_NUMBA_ST DONE. [time: 0.5182721614837646 s, all close: True, speed-up vs reference: 1.00]
APPROACH 2: QMATMUL_NAIVE_NUMBA_PARALLEL...
APPROACH 2: QMATMUL_NAIVE_NUMBA_PARALLEL DONE. [time: 0.03338456153869629 s, all close: True, speed-up vs reference: 15.54]
APPROACH 3: QMATMUL_DIRECT_NUMPY_ST...
APPROACH 3: QMATMUL_DIRECT_NUMPY_ST DONE. [time: 0.005673885345458984 s, all close: True, speed-up vs reference: 91.44]
APPROACH 4: QMATMUL_DIRECT_NUMPY_PARALLEL...
APPROACH 4: QMATMUL_DIRECT_NUMPY_PARALLEL DONE. [time: 0.0020318031311035156 s, all close: True, speed-up vs reference: 255.35]
APPROACH 5: QMATMUL_DIRECT_NUMBA_CUDA...
APPROACH 5: QMATMUL_DIRECT_NUMBA_CUDA DONE. [time: 0.002558469772338867 s, all close: True, speed-up vs reference: 202.79]
APPROACH 6: QMATMUL_ALGO_NUMPY_ST...
APPROACH 6: QMATMUL_ALGO_NUMPY_ST DONE. [time: 0.00728607177734375 s, all close: True, speed-up vs reference: 71.21]
APPROACH 7: QMATMUL_ALGO_NUMPY_PARALLEL...
APPROACH 7: QMATMUL_ALGO_NUMPY_PARALLEL DONE. [time: 0.0026280879974365234 s, all close: True, speed-up vs reference: 197.41]
APPROACH 8: QMATMUL_ALGO_NUMBA_CUDA...
APPROACH 8: QMATMUL_ALGO_NUMBA_CUDA DONE. [time: 0.004553079605102539 s, all close: True, speed-up vs reference: 113.95]
REPETITION: 50/100:
APPROACH 1: QMATMUL_NAIVE_NUMBA_ST...
APPROACH 1: QMATMUL_NAIVE_NUMBA_ST DONE. [time: 0.535374641418457 s, all close: True, speed-up vs reference: 0.97]
APPROACH 2: QMATMUL_NAIVE_NUMBA_PARALLEL...
APPROACH 2: QMATMUL_NAIVE_NUMBA_PARALLEL DONE. [time: 0.033577919006347656 s, all close: True, speed-up vs reference: 15.45]
APPROACH 3: QMATMUL_DIRECT_NUMPY_ST...
APPROACH 3: QMATMUL_DIRECT_NUMPY_ST DONE. [time: 0.005548238754272461 s, all close: True, speed-up vs reference: 93.51]
APPROACH 4: QMATMUL_DIRECT_NUMPY_PARALLEL...
APPROACH 4: QMATMUL_DIRECT_NUMPY_PARALLEL DONE. [time: 0.0016586780548095703 s, all close: True, speed-up vs reference: 312.79]
APPROACH 5: QMATMUL_DIRECT_NUMBA_CUDA...
APPROACH 5: QMATMUL_DIRECT_NUMBA_CUDA DONE. [time: 0.0025687217712402344 s, all close: True, speed-up vs reference: 201.98]
APPROACH 6: QMATMUL_ALGO_NUMPY_ST...
APPROACH 6: QMATMUL_ALGO_NUMPY_ST DONE. [time: 0.007119655609130859 s, all close: True, speed-up vs reference: 72.87]
APPROACH 7: QMATMUL_ALGO_NUMPY_PARALLEL...
APPROACH 7: QMATMUL_ALGO_NUMPY_PARALLEL DONE. [time: 0.002349853515625 s, all close: True, speed-up vs reference: 220.79]
APPROACH 8: QMATMUL_ALGO_NUMBA_CUDA...
APPROACH 8: QMATMUL_ALGO_NUMBA_CUDA DONE. [time: 0.004598379135131836 s, all close: True, speed-up vs reference: 112.83]
REPETITION: 51/100:
APPROACH 1: QMATMUL_NAIVE_NUMBA_ST...
APPROACH 1: QMATMUL_NAIVE_NUMBA_ST DONE. [time: 0.5302083492279053 s, all close: True, speed-up vs reference: 0.98]
APPROACH 2: QMATMUL_NAIVE_NUMBA_PARALLEL...
APPROACH 2: QMATMUL_NAIVE_NUMBA_PARALLEL DONE. [time: 0.0328669548034668 s, all close: True, speed-up vs reference: 15.79]
APPROACH 3: QMATMUL_DIRECT_NUMPY_ST...
APPROACH 3: QMATMUL_DIRECT_NUMPY_ST DONE. [time: 0.00553131103515625 s, all close: True, speed-up vs reference: 93.80]
APPROACH 4: QMATMUL_DIRECT_NUMPY_PARALLEL...
APPROACH 4: QMATMUL_DIRECT_NUMPY_PARALLEL DONE. [time: 0.0016634464263916016 s, all close: True, speed-up vs reference: 311.89]
APPROACH 5: QMATMUL_DIRECT_NUMBA_CUDA...
APPROACH 5: QMATMUL_DIRECT_NUMBA_CUDA DONE. [time: 0.0020058155059814453 s, all close: True, speed-up vs reference: 258.66]
APPROACH 6: QMATMUL_ALGO_NUMPY_ST...
APPROACH 6: QMATMUL_ALGO_NUMPY_ST DONE. [time: 0.007088184356689453 s, all close: True, speed-up vs reference: 73.19]
APPROACH 7: QMATMUL_ALGO_NUMPY_PARALLEL...
APPROACH 7: QMATMUL_ALGO_NUMPY_PARALLEL DONE. [time: 0.0029108524322509766 s, all close: True, speed-up vs reference: 178.24]
APPROACH 8: QMATMUL_ALGO_NUMBA_CUDA...
APPROACH 8: QMATMUL_ALGO_NUMBA_CUDA DONE. [time: 0.0049533843994140625 s, all close: True, speed-up vs reference: 104.74]
REPETITION: 52/100:
APPROACH 1: QMATMUL_NAIVE_NUMBA_ST...
APPROACH 1: QMATMUL_NAIVE_NUMBA_ST DONE. [time: 0.5315544605255127 s, all close: True, speed-up vs reference: 0.98]
APPROACH 2: QMATMUL_NAIVE_NUMBA_PARALLEL...
APPROACH 2: QMATMUL_NAIVE_NUMBA_PARALLEL DONE. [time: 0.03145003318786621 s, all close: True, speed-up vs reference: 16.50]
APPROACH 3: QMATMUL_DIRECT_NUMPY_ST...
APPROACH 3: QMATMUL_DIRECT_NUMPY_ST DONE. [time: 0.005543947219848633 s, all close: True, speed-up vs reference: 93.58]
APPROACH 4: QMATMUL_DIRECT_NUMPY_PARALLEL...
APPROACH 4: QMATMUL_DIRECT_NUMPY_PARALLEL DONE. [time: 0.0016491413116455078 s, all close: True, speed-up vs reference: 314.60]
APPROACH 5: QMATMUL_DIRECT_NUMBA_CUDA...
APPROACH 5: QMATMUL_DIRECT_NUMBA_CUDA DONE. [time: 0.0020008087158203125 s, all close: True, speed-up vs reference: 259.30]
APPROACH 6: QMATMUL_ALGO_NUMPY_ST...
APPROACH 6: QMATMUL_ALGO_NUMPY_ST DONE. [time: 0.007112979888916016 s, all close: True, speed-up vs reference: 72.94]
APPROACH 7: QMATMUL_ALGO_NUMPY_PARALLEL...
APPROACH 7: QMATMUL_ALGO_NUMPY_PARALLEL DONE. [time: 0.0023605823516845703 s, all close: True, speed-up vs reference: 219.78]
APPROACH 8: QMATMUL_ALGO_NUMBA_CUDA...
APPROACH 8: QMATMUL_ALGO_NUMBA_CUDA DONE. [time: 0.005016326904296875 s, all close: True, speed-up vs reference: 103.43]
REPETITION: 53/100:
APPROACH 1: QMATMUL_NAIVE_NUMBA_ST...
APPROACH 1: QMATMUL_NAIVE_NUMBA_ST DONE. [time: 0.5250287055969238 s, all close: True, speed-up vs reference: 0.99]
APPROACH 2: QMATMUL_NAIVE_NUMBA_PARALLEL...
APPROACH 2: QMATMUL_NAIVE_NUMBA_PARALLEL DONE. [time: 0.033304691314697266 s, all close: True, speed-up vs reference: 15.58]
APPROACH 3: QMATMUL_DIRECT_NUMPY_ST...
APPROACH 3: QMATMUL_DIRECT_NUMPY_ST DONE. [time: 0.005543231964111328 s, all close: True, speed-up vs reference: 93.60]
APPROACH 4: QMATMUL_DIRECT_NUMPY_PARALLEL...
APPROACH 4: QMATMUL_DIRECT_NUMPY_PARALLEL DONE. [time: 0.0016567707061767578 s, all close: True, speed-up vs reference: 313.15]
APPROACH 5: QMATMUL_DIRECT_NUMBA_CUDA...
APPROACH 5: QMATMUL_DIRECT_NUMBA_CUDA DONE. [time: 0.0020024776458740234 s, all close: True, speed-up vs reference: 259.09]
APPROACH 6: QMATMUL_ALGO_NUMPY_ST...
APPROACH 6: QMATMUL_ALGO_NUMPY_ST DONE. [time: 0.007111549377441406 s, all close: True, speed-up vs reference: 72.95]
APPROACH 7: QMATMUL_ALGO_NUMPY_PARALLEL...
APPROACH 7: QMATMUL_ALGO_NUMPY_PARALLEL DONE. [time: 0.0023775100708007812 s, all close: True, speed-up vs reference: 218.22]
APPROACH 8: QMATMUL_ALGO_NUMBA_CUDA...
APPROACH 8: QMATMUL_ALGO_NUMBA_CUDA DONE. [time: 0.0050506591796875 s, all close: True, speed-up vs reference: 102.72]
REPETITION: 54/100:
APPROACH 1: QMATMUL_NAIVE_NUMBA_ST...
APPROACH 1: QMATMUL_NAIVE_NUMBA_ST DONE. [time: 0.518446683883667 s, all close: True, speed-up vs reference: 1.00]
APPROACH 2: QMATMUL_NAIVE_NUMBA_PARALLEL...
APPROACH 2: QMATMUL_NAIVE_NUMBA_PARALLEL DONE. [time: 0.031182050704956055 s, all close: True, speed-up vs reference: 16.64]
APPROACH 3: QMATMUL_DIRECT_NUMPY_ST...
APPROACH 3: QMATMUL_DIRECT_NUMPY_ST DONE. [time: 0.005574941635131836 s, all close: True, speed-up vs reference: 93.06]
APPROACH 4: QMATMUL_DIRECT_NUMPY_PARALLEL...
APPROACH 4: QMATMUL_DIRECT_NUMPY_PARALLEL DONE. [time: 0.0016796588897705078 s, all close: True, speed-up vs reference: 308.88]
APPROACH 5: QMATMUL_DIRECT_NUMBA_CUDA...
APPROACH 5: QMATMUL_DIRECT_NUMBA_CUDA DONE. [time: 0.0020568370819091797 s, all close: True, speed-up vs reference: 252.24]
APPROACH 6: QMATMUL_ALGO_NUMPY_ST...
APPROACH 6: QMATMUL_ALGO_NUMPY_ST DONE. [time: 0.00713348388671875 s, all close: True, speed-up vs reference: 72.73]
APPROACH 7: QMATMUL_ALGO_NUMPY_PARALLEL...
APPROACH 7: QMATMUL_ALGO_NUMPY_PARALLEL DONE. [time: 0.0023696422576904297 s, all close: True, speed-up vs reference: 218.94]
APPROACH 8: QMATMUL_ALGO_NUMBA_CUDA...
APPROACH 8: QMATMUL_ALGO_NUMBA_CUDA DONE. [time: 0.005273580551147461 s, all close: True, speed-up vs reference: 98.38]
REPETITION: 55/100:
APPROACH 1: QMATMUL_NAIVE_NUMBA_ST...
APPROACH 1: QMATMUL_NAIVE_NUMBA_ST DONE. [time: 0.5177628993988037 s, all close: True, speed-up vs reference: 1.00]
APPROACH 2: QMATMUL_NAIVE_NUMBA_PARALLEL...
APPROACH 2: QMATMUL_NAIVE_NUMBA_PARALLEL DONE. [time: 0.030991315841674805 s, all close: True, speed-up vs reference: 16.74]
APPROACH 3: QMATMUL_DIRECT_NUMPY_ST...
APPROACH 3: QMATMUL_DIRECT_NUMPY_ST DONE. [time: 0.005569934844970703 s, all close: True, speed-up vs reference: 93.15]
APPROACH 4: QMATMUL_DIRECT_NUMPY_PARALLEL...
APPROACH 4: QMATMUL_DIRECT_NUMPY_PARALLEL DONE. [time: 0.0016744136810302734 s, all close: True, speed-up vs reference: 309.85]
APPROACH 5: QMATMUL_DIRECT_NUMBA_CUDA...
APPROACH 5: QMATMUL_DIRECT_NUMBA_CUDA DONE. [time: 0.002055644989013672 s, all close: True, speed-up vs reference: 252.39]
APPROACH 6: QMATMUL_ALGO_NUMPY_ST...
APPROACH 6: QMATMUL_ALGO_NUMPY_ST DONE. [time: 0.007246732711791992 s, all close: True, speed-up vs reference: 71.59]
APPROACH 7: QMATMUL_ALGO_NUMPY_PARALLEL...
APPROACH 7: QMATMUL_ALGO_NUMPY_PARALLEL DONE. [time: 0.0023698806762695312 s, all close: True, speed-up vs reference: 218.92]
APPROACH 8: QMATMUL_ALGO_NUMBA_CUDA...
APPROACH 8: QMATMUL_ALGO_NUMBA_CUDA DONE. [time: 0.004814624786376953 s, all close: True, speed-up vs reference: 107.76]
REPETITION: 56/100:
APPROACH 1: QMATMUL_NAIVE_NUMBA_ST...
APPROACH 1: QMATMUL_NAIVE_NUMBA_ST DONE. [time: 0.5188710689544678 s, all close: True, speed-up vs reference: 1.00]
APPROACH 2: QMATMUL_NAIVE_NUMBA_PARALLEL...
APPROACH 2: QMATMUL_NAIVE_NUMBA_PARALLEL DONE. [time: 0.03324437141418457 s, all close: True, speed-up vs reference: 15.61]
APPROACH 3: QMATMUL_DIRECT_NUMPY_ST...
APPROACH 3: QMATMUL_DIRECT_NUMPY_ST DONE. [time: 0.005621194839477539 s, all close: True, speed-up vs reference: 92.30]
APPROACH 4: QMATMUL_DIRECT_NUMPY_PARALLEL...
APPROACH 4: QMATMUL_DIRECT_NUMPY_PARALLEL DONE. [time: 0.0016560554504394531 s, all close: True, speed-up vs reference: 313.29]
APPROACH 5: QMATMUL_DIRECT_NUMBA_CUDA...
APPROACH 5: QMATMUL_DIRECT_NUMBA_CUDA DONE. [time: 0.002271413803100586 s, all close: True, speed-up vs reference: 228.41]
APPROACH 6: QMATMUL_ALGO_NUMPY_ST...
APPROACH 6: QMATMUL_ALGO_NUMPY_ST DONE. [time: 0.007140159606933594 s, all close: True, speed-up vs reference: 72.66]
APPROACH 7: QMATMUL_ALGO_NUMPY_PARALLEL...
APPROACH 7: QMATMUL_ALGO_NUMPY_PARALLEL DONE. [time: 0.0024313926696777344 s, all close: True, speed-up vs reference: 213.38]
APPROACH 8: QMATMUL_ALGO_NUMBA_CUDA...
APPROACH 8: QMATMUL_ALGO_NUMBA_CUDA DONE. [time: 0.0045757293701171875 s, all close: True, speed-up vs reference: 113.39]
REPETITION: 57/100:
APPROACH 1: QMATMUL_NAIVE_NUMBA_ST...
APPROACH 1: QMATMUL_NAIVE_NUMBA_ST DONE. [time: 0.5247323513031006 s, all close: True, speed-up vs reference: 0.99]
APPROACH 2: QMATMUL_NAIVE_NUMBA_PARALLEL...
APPROACH 2: QMATMUL_NAIVE_NUMBA_PARALLEL DONE. [time: 0.031159400939941406 s, all close: True, speed-up vs reference: 16.65]
APPROACH 3: QMATMUL_DIRECT_NUMPY_ST...
APPROACH 3: QMATMUL_DIRECT_NUMPY_ST DONE. [time: 0.005570411682128906 s, all close: True, speed-up vs reference: 93.14]
APPROACH 4: QMATMUL_DIRECT_NUMPY_PARALLEL...
APPROACH 4: QMATMUL_DIRECT_NUMPY_PARALLEL DONE. [time: 0.0016446113586425781 s, all close: True, speed-up vs reference: 315.47]
APPROACH 5: QMATMUL_DIRECT_NUMBA_CUDA...
APPROACH 5: QMATMUL_DIRECT_NUMBA_CUDA DONE. [time: 0.002424001693725586 s, all close: True, speed-up vs reference: 214.03]
APPROACH 6: QMATMUL_ALGO_NUMPY_ST...
APPROACH 6: QMATMUL_ALGO_NUMPY_ST DONE. [time: 0.007115602493286133 s, all close: True, speed-up vs reference: 72.91]
APPROACH 7: QMATMUL_ALGO_NUMPY_PARALLEL...
APPROACH 7: QMATMUL_ALGO_NUMPY_PARALLEL DONE. [time: 0.002374887466430664 s, all close: True, speed-up vs reference: 218.46]
APPROACH 8: QMATMUL_ALGO_NUMBA_CUDA...
APPROACH 8: QMATMUL_ALGO_NUMBA_CUDA DONE. [time: 0.004361867904663086 s, all close: True, speed-up vs reference: 118.94]
REPETITION: 58/100:
APPROACH 1: QMATMUL_NAIVE_NUMBA_ST...
APPROACH 1: QMATMUL_NAIVE_NUMBA_ST DONE. [time: 0.5177445411682129 s, all close: True, speed-up vs reference: 1.00]
APPROACH 2: QMATMUL_NAIVE_NUMBA_PARALLEL...
APPROACH 2: QMATMUL_NAIVE_NUMBA_PARALLEL DONE. [time: 0.03327298164367676 s, all close: True, speed-up vs reference: 15.59]
APPROACH 3: QMATMUL_DIRECT_NUMPY_ST...
APPROACH 3: QMATMUL_DIRECT_NUMPY_ST DONE. [time: 0.0055387020111083984 s, all close: True, speed-up vs reference: 93.67]
APPROACH 4: QMATMUL_DIRECT_NUMPY_PARALLEL...
APPROACH 4: QMATMUL_DIRECT_NUMPY_PARALLEL DONE. [time: 0.0061414241790771484 s, all close: True, speed-up vs reference: 84.48]
APPROACH 5: QMATMUL_DIRECT_NUMBA_CUDA...
APPROACH 5: QMATMUL_DIRECT_NUMBA_CUDA DONE. [time: 0.0025177001953125 s, all close: True, speed-up vs reference: 206.07]
APPROACH 6: QMATMUL_ALGO_NUMPY_ST...
APPROACH 6: QMATMUL_ALGO_NUMPY_ST DONE. [time: 0.00713801383972168 s, all close: True, speed-up vs reference: 72.68]
APPROACH 7: QMATMUL_ALGO_NUMPY_PARALLEL...
APPROACH 7: QMATMUL_ALGO_NUMPY_PARALLEL DONE. [time: 0.005423784255981445 s, all close: True, speed-up vs reference: 95.66]
APPROACH 8: QMATMUL_ALGO_NUMBA_CUDA...
APPROACH 8: QMATMUL_ALGO_NUMBA_CUDA DONE. [time: 0.00452733039855957 s, all close: True, speed-up vs reference: 114.60]
REPETITION: 59/100:
APPROACH 1: QMATMUL_NAIVE_NUMBA_ST...
APPROACH 1: QMATMUL_NAIVE_NUMBA_ST DONE. [time: 0.5179483890533447 s, all close: True, speed-up vs reference: 1.00]
APPROACH 2: QMATMUL_NAIVE_NUMBA_PARALLEL...
APPROACH 2: QMATMUL_NAIVE_NUMBA_PARALLEL DONE. [time: 0.03319883346557617 s, all close: True, speed-up vs reference: 15.63]
APPROACH 3: QMATMUL_DIRECT_NUMPY_ST...
APPROACH 3: QMATMUL_DIRECT_NUMPY_ST DONE. [time: 0.0055370330810546875 s, all close: True, speed-up vs reference: 93.70]
APPROACH 4: QMATMUL_DIRECT_NUMPY_PARALLEL...
APPROACH 4: QMATMUL_DIRECT_NUMPY_PARALLEL DONE. [time: 0.0016601085662841797 s, all close: True, speed-up vs reference: 312.52]
APPROACH 5: QMATMUL_DIRECT_NUMBA_CUDA...
APPROACH 5: QMATMUL_DIRECT_NUMBA_CUDA DONE. [time: 0.002424955368041992 s, all close: True, speed-up vs reference: 213.95]
APPROACH 6: QMATMUL_ALGO_NUMPY_ST...
APPROACH 6: QMATMUL_ALGO_NUMPY_ST DONE. [time: 0.0071070194244384766 s, all close: True, speed-up vs reference: 73.00]
APPROACH 7: QMATMUL_ALGO_NUMPY_PARALLEL...
APPROACH 7: QMATMUL_ALGO_NUMPY_PARALLEL DONE. [time: 0.0023441314697265625 s, all close: True, speed-up vs reference: 221.33]
APPROACH 8: QMATMUL_ALGO_NUMBA_CUDA...
APPROACH 8: QMATMUL_ALGO_NUMBA_CUDA DONE. [time: 0.004392385482788086 s, all close: True, speed-up vs reference: 118.12]
REPETITION: 60/100:
APPROACH 1: QMATMUL_NAIVE_NUMBA_ST...
APPROACH 1: QMATMUL_NAIVE_NUMBA_ST DONE. [time: 0.5184841156005859 s, all close: True, speed-up vs reference: 1.00]
APPROACH 2: QMATMUL_NAIVE_NUMBA_PARALLEL...
APPROACH 2: QMATMUL_NAIVE_NUMBA_PARALLEL DONE. [time: 0.031111478805541992 s, all close: True, speed-up vs reference: 16.68]
APPROACH 3: QMATMUL_DIRECT_NUMPY_ST...
APPROACH 3: QMATMUL_DIRECT_NUMPY_ST DONE. [time: 0.0055694580078125 s, all close: True, speed-up vs reference: 93.15]
APPROACH 4: QMATMUL_DIRECT_NUMPY_PARALLEL...
APPROACH 4: QMATMUL_DIRECT_NUMPY_PARALLEL DONE. [time: 0.0016465187072753906 s, all close: True, speed-up vs reference: 315.10]
APPROACH 5: QMATMUL_DIRECT_NUMBA_CUDA...
APPROACH 5: QMATMUL_DIRECT_NUMBA_CUDA DONE. [time: 0.0025396347045898438 s, all close: True, speed-up vs reference: 204.29]
APPROACH 6: QMATMUL_ALGO_NUMPY_ST...
APPROACH 6: QMATMUL_ALGO_NUMPY_ST DONE. [time: 0.007119894027709961 s, all close: True, speed-up vs reference: 72.87]
APPROACH 7: QMATMUL_ALGO_NUMPY_PARALLEL...
APPROACH 7: QMATMUL_ALGO_NUMPY_PARALLEL DONE. [time: 0.0023734569549560547 s, all close: True, speed-up vs reference: 218.59]
APPROACH 8: QMATMUL_ALGO_NUMBA_CUDA...
APPROACH 8: QMATMUL_ALGO_NUMBA_CUDA DONE. [time: 0.004473686218261719 s, all close: True, speed-up vs reference: 115.97]
REPETITION: 61/100:
APPROACH 1: QMATMUL_NAIVE_NUMBA_ST...
APPROACH 1: QMATMUL_NAIVE_NUMBA_ST DONE. [time: 0.5277886390686035 s, all close: True, speed-up vs reference: 0.98]
APPROACH 2: QMATMUL_NAIVE_NUMBA_PARALLEL...
APPROACH 2: QMATMUL_NAIVE_NUMBA_PARALLEL DONE. [time: 0.031175613403320312 s, all close: True, speed-up vs reference: 16.64]
APPROACH 3: QMATMUL_DIRECT_NUMPY_ST...
APPROACH 3: QMATMUL_DIRECT_NUMPY_ST DONE. [time: 0.005527496337890625 s, all close: True, speed-up vs reference: 93.86]
APPROACH 4: QMATMUL_DIRECT_NUMPY_PARALLEL...
APPROACH 4: QMATMUL_DIRECT_NUMPY_PARALLEL DONE. [time: 0.0016560554504394531 s, all close: True, speed-up vs reference: 313.29]
APPROACH 5: QMATMUL_DIRECT_NUMBA_CUDA...
APPROACH 5: QMATMUL_DIRECT_NUMBA_CUDA DONE. [time: 0.0025551319122314453 s, all close: True, speed-up vs reference: 203.05]
APPROACH 6: QMATMUL_ALGO_NUMPY_ST...
APPROACH 6: QMATMUL_ALGO_NUMPY_ST DONE. [time: 0.007242679595947266 s, all close: True, speed-up vs reference: 71.63]
APPROACH 7: QMATMUL_ALGO_NUMPY_PARALLEL...
APPROACH 7: QMATMUL_ALGO_NUMPY_PARALLEL DONE. [time: 0.0024356842041015625 s, all close: True, speed-up vs reference: 213.01]
APPROACH 8: QMATMUL_ALGO_NUMBA_CUDA...
APPROACH 8: QMATMUL_ALGO_NUMBA_CUDA DONE. [time: 0.0046465396881103516 s, all close: True, speed-up vs reference: 111.66]
REPETITION: 62/100:
APPROACH 1: QMATMUL_NAIVE_NUMBA_ST...
APPROACH 1: QMATMUL_NAIVE_NUMBA_ST DONE. [time: 0.5183665752410889 s, all close: True, speed-up vs reference: 1.00]
APPROACH 2: QMATMUL_NAIVE_NUMBA_PARALLEL...
APPROACH 2: QMATMUL_NAIVE_NUMBA_PARALLEL DONE. [time: 0.042349815368652344 s, all close: True, speed-up vs reference: 12.25]
APPROACH 3: QMATMUL_DIRECT_NUMPY_ST...
APPROACH 3: QMATMUL_DIRECT_NUMPY_ST DONE. [time: 0.00556635856628418 s, all close: True, speed-up vs reference: 93.21]
APPROACH 4: QMATMUL_DIRECT_NUMPY_PARALLEL...
APPROACH 4: QMATMUL_DIRECT_NUMPY_PARALLEL DONE. [time: 0.0016660690307617188 s, all close: True, speed-up vs reference: 311.40]
APPROACH 5: QMATMUL_DIRECT_NUMBA_CUDA...
APPROACH 5: QMATMUL_DIRECT_NUMBA_CUDA DONE. [time: 0.0020008087158203125 s, all close: True, speed-up vs reference: 259.30]
APPROACH 6: QMATMUL_ALGO_NUMPY_ST...
APPROACH 6: QMATMUL_ALGO_NUMPY_ST DONE. [time: 0.007128000259399414 s, all close: True, speed-up vs reference: 72.79]
APPROACH 7: QMATMUL_ALGO_NUMPY_PARALLEL...
APPROACH 7: QMATMUL_ALGO_NUMPY_PARALLEL DONE. [time: 0.002371549606323242 s, all close: True, speed-up vs reference: 218.77]
APPROACH 8: QMATMUL_ALGO_NUMBA_CUDA...
APPROACH 8: QMATMUL_ALGO_NUMBA_CUDA DONE. [time: 0.0050199031829833984 s, all close: True, speed-up vs reference: 103.35]
REPETITION: 63/100:
APPROACH 1: QMATMUL_NAIVE_NUMBA_ST...
APPROACH 1: QMATMUL_NAIVE_NUMBA_ST DONE. [time: 0.5178956985473633 s, all close: True, speed-up vs reference: 1.00]
APPROACH 2: QMATMUL_NAIVE_NUMBA_PARALLEL...
APPROACH 2: QMATMUL_NAIVE_NUMBA_PARALLEL DONE. [time: 0.03329920768737793 s, all close: True, speed-up vs reference: 15.58]
APPROACH 3: QMATMUL_DIRECT_NUMPY_ST...
APPROACH 3: QMATMUL_DIRECT_NUMPY_ST DONE. [time: 0.005541086196899414 s, all close: True, speed-up vs reference: 93.63]
APPROACH 4: QMATMUL_DIRECT_NUMPY_PARALLEL...
APPROACH 4: QMATMUL_DIRECT_NUMPY_PARALLEL DONE. [time: 0.001645803451538086 s, all close: True, speed-up vs reference: 315.24]
APPROACH 5: QMATMUL_DIRECT_NUMBA_CUDA...
APPROACH 5: QMATMUL_DIRECT_NUMBA_CUDA DONE. [time: 0.0020127296447753906 s, all close: True, speed-up vs reference: 257.77]
APPROACH 6: QMATMUL_ALGO_NUMPY_ST...
APPROACH 6: QMATMUL_ALGO_NUMPY_ST DONE. [time: 0.007128477096557617 s, all close: True, speed-up vs reference: 72.78]
APPROACH 7: QMATMUL_ALGO_NUMPY_PARALLEL...
APPROACH 7: QMATMUL_ALGO_NUMPY_PARALLEL DONE. [time: 0.00240325927734375 s, all close: True, speed-up vs reference: 215.88]
APPROACH 8: QMATMUL_ALGO_NUMBA_CUDA...
APPROACH 8: QMATMUL_ALGO_NUMBA_CUDA DONE. [time: 0.005024909973144531 s, all close: True, speed-up vs reference: 103.25]
REPETITION: 64/100:
APPROACH 1: QMATMUL_NAIVE_NUMBA_ST...
APPROACH 1: QMATMUL_NAIVE_NUMBA_ST DONE. [time: 0.5251102447509766 s, all close: True, speed-up vs reference: 0.99]
APPROACH 2: QMATMUL_NAIVE_NUMBA_PARALLEL...
APPROACH 2: QMATMUL_NAIVE_NUMBA_PARALLEL DONE. [time: 0.04230165481567383 s, all close: True, speed-up vs reference: 12.26]
APPROACH 3: QMATMUL_DIRECT_NUMPY_ST...
APPROACH 3: QMATMUL_DIRECT_NUMPY_ST DONE. [time: 0.005637645721435547 s, all close: True, speed-up vs reference: 92.03]
APPROACH 4: QMATMUL_DIRECT_NUMPY_PARALLEL...
APPROACH 4: QMATMUL_DIRECT_NUMPY_PARALLEL DONE. [time: 0.0016758441925048828 s, all close: True, speed-up vs reference: 309.59]
APPROACH 5: QMATMUL_DIRECT_NUMBA_CUDA...
APPROACH 5: QMATMUL_DIRECT_NUMBA_CUDA DONE. [time: 0.0019989013671875 s, all close: True, speed-up vs reference: 259.55]
APPROACH 6: QMATMUL_ALGO_NUMPY_ST...
APPROACH 6: QMATMUL_ALGO_NUMPY_ST DONE. [time: 0.007110118865966797 s, all close: True, speed-up vs reference: 72.97]
APPROACH 7: QMATMUL_ALGO_NUMPY_PARALLEL...
APPROACH 7: QMATMUL_ALGO_NUMPY_PARALLEL DONE. [time: 0.0023789405822753906 s, all close: True, speed-up vs reference: 218.09]
APPROACH 8: QMATMUL_ALGO_NUMBA_CUDA...
APPROACH 8: QMATMUL_ALGO_NUMBA_CUDA DONE. [time: 0.004975080490112305 s, all close: True, speed-up vs reference: 104.28]
REPETITION: 65/100:
APPROACH 1: QMATMUL_NAIVE_NUMBA_ST...
APPROACH 1: QMATMUL_NAIVE_NUMBA_ST DONE. [time: 0.5185582637786865 s, all close: True, speed-up vs reference: 1.00]
APPROACH 2: QMATMUL_NAIVE_NUMBA_PARALLEL...
APPROACH 2: QMATMUL_NAIVE_NUMBA_PARALLEL DONE. [time: 0.033350467681884766 s, all close: True, speed-up vs reference: 15.56]
APPROACH 3: QMATMUL_DIRECT_NUMPY_ST...
APPROACH 3: QMATMUL_DIRECT_NUMPY_ST DONE. [time: 0.005545139312744141 s, all close: True, speed-up vs reference: 93.56]
APPROACH 4: QMATMUL_DIRECT_NUMPY_PARALLEL...
APPROACH 4: QMATMUL_DIRECT_NUMPY_PARALLEL DONE. [time: 0.0016765594482421875 s, all close: True, speed-up vs reference: 309.45]
APPROACH 5: QMATMUL_DIRECT_NUMBA_CUDA...
APPROACH 5: QMATMUL_DIRECT_NUMBA_CUDA DONE. [time: 0.002072572708129883 s, all close: True, speed-up vs reference: 250.33]
APPROACH 6: QMATMUL_ALGO_NUMPY_ST...
APPROACH 6: QMATMUL_ALGO_NUMPY_ST DONE. [time: 0.007136821746826172 s, all close: True, speed-up vs reference: 72.70]
APPROACH 7: QMATMUL_ALGO_NUMPY_PARALLEL...
APPROACH 7: QMATMUL_ALGO_NUMPY_PARALLEL DONE. [time: 0.002385854721069336 s, all close: True, speed-up vs reference: 217.46]
APPROACH 8: QMATMUL_ALGO_NUMBA_CUDA...
APPROACH 8: QMATMUL_ALGO_NUMBA_CUDA DONE. [time: 0.005047321319580078 s, all close: True, speed-up vs reference: 102.79]
REPETITION: 66/100:
APPROACH 1: QMATMUL_NAIVE_NUMBA_ST...
APPROACH 1: QMATMUL_NAIVE_NUMBA_ST DONE. [time: 0.5202755928039551 s, all close: True, speed-up vs reference: 1.00]
APPROACH 2: QMATMUL_NAIVE_NUMBA_PARALLEL...
APPROACH 2: QMATMUL_NAIVE_NUMBA_PARALLEL DONE. [time: 0.03107762336730957 s, all close: True, speed-up vs reference: 16.69]
APPROACH 3: QMATMUL_DIRECT_NUMPY_ST...
APPROACH 3: QMATMUL_DIRECT_NUMPY_ST DONE. [time: 0.005532503128051758 s, all close: True, speed-up vs reference: 93.78]
APPROACH 4: QMATMUL_DIRECT_NUMPY_PARALLEL...
APPROACH 4: QMATMUL_DIRECT_NUMPY_PARALLEL DONE. [time: 0.0016636848449707031 s, all close: True, speed-up vs reference: 311.85]
APPROACH 5: QMATMUL_DIRECT_NUMBA_CUDA...
APPROACH 5: QMATMUL_DIRECT_NUMBA_CUDA DONE. [time: 0.0020558834075927734 s, all close: True, speed-up vs reference: 252.36]
APPROACH 6: QMATMUL_ALGO_NUMPY_ST...
APPROACH 6: QMATMUL_ALGO_NUMPY_ST DONE. [time: 0.007121562957763672 s, all close: True, speed-up vs reference: 72.85]
APPROACH 7: QMATMUL_ALGO_NUMPY_PARALLEL...
APPROACH 7: QMATMUL_ALGO_NUMPY_PARALLEL DONE. [time: 0.002413034439086914 s, all close: True, speed-up vs reference: 215.01]
APPROACH 8: QMATMUL_ALGO_NUMBA_CUDA...
APPROACH 8: QMATMUL_ALGO_NUMBA_CUDA DONE. [time: 0.00475764274597168 s, all close: True, speed-up vs reference: 109.05]
REPETITION: 67/100:
APPROACH 1: QMATMUL_NAIVE_NUMBA_ST...
APPROACH 1: QMATMUL_NAIVE_NUMBA_ST DONE. [time: 0.5444648265838623 s, all close: True, speed-up vs reference: 0.95]
APPROACH 2: QMATMUL_NAIVE_NUMBA_PARALLEL...
APPROACH 2: QMATMUL_NAIVE_NUMBA_PARALLEL DONE. [time: 0.03625988960266113 s, all close: True, speed-up vs reference: 14.31]
APPROACH 3: QMATMUL_DIRECT_NUMPY_ST...
APPROACH 3: QMATMUL_DIRECT_NUMPY_ST DONE. [time: 0.00561833381652832 s, all close: True, speed-up vs reference: 92.34]
APPROACH 4: QMATMUL_DIRECT_NUMPY_PARALLEL...
APPROACH 4: QMATMUL_DIRECT_NUMPY_PARALLEL DONE. [time: 0.0019674301147460938 s, all close: True, speed-up vs reference: 263.70]
APPROACH 5: QMATMUL_DIRECT_NUMBA_CUDA...
APPROACH 5: QMATMUL_DIRECT_NUMBA_CUDA DONE. [time: 0.002287149429321289 s, all close: True, speed-up vs reference: 226.84]
APPROACH 6: QMATMUL_ALGO_NUMPY_ST...
APPROACH 6: QMATMUL_ALGO_NUMPY_ST DONE. [time: 0.007288694381713867 s, all close: True, speed-up vs reference: 71.18]
APPROACH 7: QMATMUL_ALGO_NUMPY_PARALLEL...
APPROACH 7: QMATMUL_ALGO_NUMPY_PARALLEL DONE. [time: 0.002579212188720703 s, all close: True, speed-up vs reference: 201.15]
APPROACH 8: QMATMUL_ALGO_NUMBA_CUDA...
APPROACH 8: QMATMUL_ALGO_NUMBA_CUDA DONE. [time: 0.004671573638916016 s, all close: True, speed-up vs reference: 111.06]
REPETITION: 68/100:
APPROACH 1: QMATMUL_NAIVE_NUMBA_ST...
APPROACH 1: QMATMUL_NAIVE_NUMBA_ST DONE. [time: 0.5277352333068848 s, all close: True, speed-up vs reference: 0.98]
APPROACH 2: QMATMUL_NAIVE_NUMBA_PARALLEL...
APPROACH 2: QMATMUL_NAIVE_NUMBA_PARALLEL DONE. [time: 0.042278289794921875 s, all close: True, speed-up vs reference: 12.27]
APPROACH 3: QMATMUL_DIRECT_NUMPY_ST...
APPROACH 3: QMATMUL_DIRECT_NUMPY_ST DONE. [time: 0.005556583404541016 s, all close: True, speed-up vs reference: 93.37]
APPROACH 4: QMATMUL_DIRECT_NUMPY_PARALLEL...
APPROACH 4: QMATMUL_DIRECT_NUMPY_PARALLEL DONE. [time: 0.002676248550415039 s, all close: True, speed-up vs reference: 193.86]
APPROACH 5: QMATMUL_DIRECT_NUMBA_CUDA...
APPROACH 5: QMATMUL_DIRECT_NUMBA_CUDA DONE. [time: 0.0024411678314208984 s, all close: True, speed-up vs reference: 212.53]
APPROACH 6: QMATMUL_ALGO_NUMPY_ST...
APPROACH 6: QMATMUL_ALGO_NUMPY_ST DONE. [time: 0.007135152816772461 s, all close: True, speed-up vs reference: 72.71]
APPROACH 7: QMATMUL_ALGO_NUMPY_PARALLEL...
APPROACH 7: QMATMUL_ALGO_NUMPY_PARALLEL DONE. [time: 0.0023555755615234375 s, all close: True, speed-up vs reference: 220.25]
APPROACH 8: QMATMUL_ALGO_NUMBA_CUDA...
APPROACH 8: QMATMUL_ALGO_NUMBA_CUDA DONE. [time: 0.004494190216064453 s, all close: True, speed-up vs reference: 115.44]
REPETITION: 69/100:
APPROACH 1: QMATMUL_NAIVE_NUMBA_ST...
APPROACH 1: QMATMUL_NAIVE_NUMBA_ST DONE. [time: 0.5273754596710205 s, all close: True, speed-up vs reference: 0.98]
APPROACH 2: QMATMUL_NAIVE_NUMBA_PARALLEL...
APPROACH 2: QMATMUL_NAIVE_NUMBA_PARALLEL DONE. [time: 0.036147356033325195 s, all close: True, speed-up vs reference: 14.35]
APPROACH 3: QMATMUL_DIRECT_NUMPY_ST...
APPROACH 3: QMATMUL_DIRECT_NUMPY_ST DONE. [time: 0.0055391788482666016 s, all close: True, speed-up vs reference: 93.66]
APPROACH 4: QMATMUL_DIRECT_NUMPY_PARALLEL...
APPROACH 4: QMATMUL_DIRECT_NUMPY_PARALLEL DONE. [time: 0.001645803451538086 s, all close: True, speed-up vs reference: 315.24]
APPROACH 5: QMATMUL_DIRECT_NUMBA_CUDA...
APPROACH 5: QMATMUL_DIRECT_NUMBA_CUDA DONE. [time: 0.0023658275604248047 s, all close: True, speed-up vs reference: 219.30]
APPROACH 6: QMATMUL_ALGO_NUMPY_ST...
APPROACH 6: QMATMUL_ALGO_NUMPY_ST DONE. [time: 0.007125377655029297 s, all close: True, speed-up vs reference: 72.81]
APPROACH 7: QMATMUL_ALGO_NUMPY_PARALLEL...
APPROACH 7: QMATMUL_ALGO_NUMPY_PARALLEL DONE. [time: 0.0023522377014160156 s, all close: True, speed-up vs reference: 220.56]
APPROACH 8: QMATMUL_ALGO_NUMBA_CUDA...
APPROACH 8: QMATMUL_ALGO_NUMBA_CUDA DONE. [time: 0.004932880401611328 s, all close: True, speed-up vs reference: 105.18]
REPETITION: 70/100:
APPROACH 1: QMATMUL_NAIVE_NUMBA_ST...
APPROACH 1: QMATMUL_NAIVE_NUMBA_ST DONE. [time: 0.5280804634094238 s, all close: True, speed-up vs reference: 0.98]
APPROACH 2: QMATMUL_NAIVE_NUMBA_PARALLEL...
APPROACH 2: QMATMUL_NAIVE_NUMBA_PARALLEL DONE. [time: 0.03334808349609375 s, all close: True, speed-up vs reference: 15.56]
APPROACH 3: QMATMUL_DIRECT_NUMPY_ST...
APPROACH 3: QMATMUL_DIRECT_NUMPY_ST DONE. [time: 0.005547046661376953 s, all close: True, speed-up vs reference: 93.53]
APPROACH 4: QMATMUL_DIRECT_NUMPY_PARALLEL...
APPROACH 4: QMATMUL_DIRECT_NUMPY_PARALLEL DONE. [time: 0.001657724380493164 s, all close: True, speed-up vs reference: 312.97]
APPROACH 5: QMATMUL_DIRECT_NUMBA_CUDA...
APPROACH 5: QMATMUL_DIRECT_NUMBA_CUDA DONE. [time: 0.0024216175079345703 s, all close: True, speed-up vs reference: 214.25]
APPROACH 6: QMATMUL_ALGO_NUMPY_ST...
APPROACH 6: QMATMUL_ALGO_NUMPY_ST DONE. [time: 0.0071849822998046875 s, all close: True, speed-up vs reference: 72.21]
APPROACH 7: QMATMUL_ALGO_NUMPY_PARALLEL...
APPROACH 7: QMATMUL_ALGO_NUMPY_PARALLEL DONE. [time: 0.002385377883911133 s, all close: True, speed-up vs reference: 217.50]
APPROACH 8: QMATMUL_ALGO_NUMBA_CUDA...
APPROACH 8: QMATMUL_ALGO_NUMBA_CUDA DONE. [time: 0.004401206970214844 s, all close: True, speed-up vs reference: 117.88]
REPETITION: 71/100:
APPROACH 1: QMATMUL_NAIVE_NUMBA_ST...
APPROACH 1: QMATMUL_NAIVE_NUMBA_ST DONE. [time: 0.5277099609375 s, all close: True, speed-up vs reference: 0.98]
APPROACH 2: QMATMUL_NAIVE_NUMBA_PARALLEL...
APPROACH 2: QMATMUL_NAIVE_NUMBA_PARALLEL DONE. [time: 0.031145572662353516 s, all close: True, speed-up vs reference: 16.66]
APPROACH 3: QMATMUL_DIRECT_NUMPY_ST...
APPROACH 3: QMATMUL_DIRECT_NUMPY_ST DONE. [time: 0.005528450012207031 s, all close: True, speed-up vs reference: 93.85]
APPROACH 4: QMATMUL_DIRECT_NUMPY_PARALLEL...
APPROACH 4: QMATMUL_DIRECT_NUMPY_PARALLEL DONE. [time: 0.0016732215881347656 s, all close: True, speed-up vs reference: 310.07]
APPROACH 5: QMATMUL_DIRECT_NUMBA_CUDA...
APPROACH 5: QMATMUL_DIRECT_NUMBA_CUDA DONE. [time: 0.0025413036346435547 s, all close: True, speed-up vs reference: 204.15]
APPROACH 6: QMATMUL_ALGO_NUMPY_ST...
APPROACH 6: QMATMUL_ALGO_NUMPY_ST DONE. [time: 0.00712275505065918 s, all close: True, speed-up vs reference: 72.84]
APPROACH 7: QMATMUL_ALGO_NUMPY_PARALLEL...
APPROACH 7: QMATMUL_ALGO_NUMPY_PARALLEL DONE. [time: 0.0023527145385742188 s, all close: True, speed-up vs reference: 220.52]
APPROACH 8: QMATMUL_ALGO_NUMBA_CUDA...
APPROACH 8: QMATMUL_ALGO_NUMBA_CUDA DONE. [time: 0.004318714141845703 s, all close: True, speed-up vs reference: 120.13]
REPETITION: 72/100:
APPROACH 1: QMATMUL_NAIVE_NUMBA_ST...
APPROACH 1: QMATMUL_NAIVE_NUMBA_ST DONE. [time: 0.5278849601745605 s, all close: True, speed-up vs reference: 0.98]
APPROACH 2: QMATMUL_NAIVE_NUMBA_PARALLEL...
APPROACH 2: QMATMUL_NAIVE_NUMBA_PARALLEL DONE. [time: 0.04061079025268555 s, all close: True, speed-up vs reference: 12.78]
APPROACH 3: QMATMUL_DIRECT_NUMPY_ST...
APPROACH 3: QMATMUL_DIRECT_NUMPY_ST DONE. [time: 0.005533456802368164 s, all close: True, speed-up vs reference: 93.76]
APPROACH 4: QMATMUL_DIRECT_NUMPY_PARALLEL...
APPROACH 4: QMATMUL_DIRECT_NUMPY_PARALLEL DONE. [time: 0.0016613006591796875 s, all close: True, speed-up vs reference: 312.30]
APPROACH 5: QMATMUL_DIRECT_NUMBA_CUDA...
APPROACH 5: QMATMUL_DIRECT_NUMBA_CUDA DONE. [time: 0.0025632381439208984 s, all close: True, speed-up vs reference: 202.41]
APPROACH 6: QMATMUL_ALGO_NUMPY_ST...
APPROACH 6: QMATMUL_ALGO_NUMPY_ST DONE. [time: 0.007132053375244141 s, all close: True, speed-up vs reference: 72.74]
APPROACH 7: QMATMUL_ALGO_NUMPY_PARALLEL...
APPROACH 7: QMATMUL_ALGO_NUMPY_PARALLEL DONE. [time: 0.0023539066314697266 s, all close: True, speed-up vs reference: 220.41]
APPROACH 8: QMATMUL_ALGO_NUMBA_CUDA...
APPROACH 8: QMATMUL_ALGO_NUMBA_CUDA DONE. [time: 0.004620790481567383 s, all close: True, speed-up vs reference: 112.28]
REPETITION: 73/100:
APPROACH 1: QMATMUL_NAIVE_NUMBA_ST...
APPROACH 1: QMATMUL_NAIVE_NUMBA_ST DONE. [time: 0.5283703804016113 s, all close: True, speed-up vs reference: 0.98]
APPROACH 2: QMATMUL_NAIVE_NUMBA_PARALLEL...
APPROACH 2: QMATMUL_NAIVE_NUMBA_PARALLEL DONE. [time: 0.04469156265258789 s, all close: True, speed-up vs reference: 11.61]
APPROACH 3: QMATMUL_DIRECT_NUMPY_ST...
APPROACH 3: QMATMUL_DIRECT_NUMPY_ST DONE. [time: 0.00554656982421875 s, all close: True, speed-up vs reference: 93.54]
APPROACH 4: QMATMUL_DIRECT_NUMPY_PARALLEL...
APPROACH 4: QMATMUL_DIRECT_NUMPY_PARALLEL DONE. [time: 0.0016646385192871094 s, all close: True, speed-up vs reference: 311.67]
APPROACH 5: QMATMUL_DIRECT_NUMBA_CUDA...
APPROACH 5: QMATMUL_DIRECT_NUMBA_CUDA DONE. [time: 0.0020105838775634766 s, all close: True, speed-up vs reference: 258.04]
APPROACH 6: QMATMUL_ALGO_NUMPY_ST...
APPROACH 6: QMATMUL_ALGO_NUMPY_ST DONE. [time: 0.0072650909423828125 s, all close: True, speed-up vs reference: 71.41]
APPROACH 7: QMATMUL_ALGO_NUMPY_PARALLEL...
APPROACH 7: QMATMUL_ALGO_NUMPY_PARALLEL DONE. [time: 0.002355813980102539 s, all close: True, speed-up vs reference: 220.23]
APPROACH 8: QMATMUL_ALGO_NUMBA_CUDA...
APPROACH 8: QMATMUL_ALGO_NUMBA_CUDA DONE. [time: 0.005080223083496094 s, all close: True, speed-up vs reference: 102.13]
REPETITION: 74/100:
APPROACH 1: QMATMUL_NAIVE_NUMBA_ST...
APPROACH 1: QMATMUL_NAIVE_NUMBA_ST DONE. [time: 0.5176780223846436 s, all close: True, speed-up vs reference: 1.00]
APPROACH 2: QMATMUL_NAIVE_NUMBA_PARALLEL...
APPROACH 2: QMATMUL_NAIVE_NUMBA_PARALLEL DONE. [time: 0.03867840766906738 s, all close: True, speed-up vs reference: 13.41]
APPROACH 3: QMATMUL_DIRECT_NUMPY_ST...
APPROACH 3: QMATMUL_DIRECT_NUMPY_ST DONE. [time: 0.0055310726165771484 s, all close: True, speed-up vs reference: 93.80]
APPROACH 4: QMATMUL_DIRECT_NUMPY_PARALLEL...
APPROACH 4: QMATMUL_DIRECT_NUMPY_PARALLEL DONE. [time: 0.0016927719116210938 s, all close: True, speed-up vs reference: 306.49]
APPROACH 5: QMATMUL_DIRECT_NUMBA_CUDA...
APPROACH 5: QMATMUL_DIRECT_NUMBA_CUDA DONE. [time: 0.001998424530029297 s, all close: True, speed-up vs reference: 259.61]
APPROACH 6: QMATMUL_ALGO_NUMPY_ST...
APPROACH 6: QMATMUL_ALGO_NUMPY_ST DONE. [time: 0.007115364074707031 s, all close: True, speed-up vs reference: 72.92]
APPROACH 7: QMATMUL_ALGO_NUMPY_PARALLEL...
APPROACH 7: QMATMUL_ALGO_NUMPY_PARALLEL DONE. [time: 0.009204387664794922 s, all close: True, speed-up vs reference: 56.37]
APPROACH 8: QMATMUL_ALGO_NUMBA_CUDA...
APPROACH 8: QMATMUL_ALGO_NUMBA_CUDA DONE. [time: 0.005764007568359375 s, all close: True, speed-up vs reference: 90.01]
REPETITION: 75/100:
APPROACH 1: QMATMUL_NAIVE_NUMBA_ST...
APPROACH 1: QMATMUL_NAIVE_NUMBA_ST DONE. [time: 0.5477874279022217 s, all close: True, speed-up vs reference: 0.95]
APPROACH 2: QMATMUL_NAIVE_NUMBA_PARALLEL...
APPROACH 2: QMATMUL_NAIVE_NUMBA_PARALLEL DONE. [time: 0.03323006629943848 s, all close: True, speed-up vs reference: 15.61]
APPROACH 3: QMATMUL_DIRECT_NUMPY_ST...
APPROACH 3: QMATMUL_DIRECT_NUMPY_ST DONE. [time: 0.005586385726928711 s, all close: True, speed-up vs reference: 92.87]
APPROACH 4: QMATMUL_DIRECT_NUMPY_PARALLEL...
APPROACH 4: QMATMUL_DIRECT_NUMPY_PARALLEL DONE. [time: 0.0017044544219970703 s, all close: True, speed-up vs reference: 304.39]
APPROACH 5: QMATMUL_DIRECT_NUMBA_CUDA...
APPROACH 5: QMATMUL_DIRECT_NUMBA_CUDA DONE. [time: 0.002012014389038086 s, all close: True, speed-up vs reference: 257.86]
APPROACH 6: QMATMUL_ALGO_NUMPY_ST...
APPROACH 6: QMATMUL_ALGO_NUMPY_ST DONE. [time: 0.007182121276855469 s, all close: True, speed-up vs reference: 72.24]
APPROACH 7: QMATMUL_ALGO_NUMPY_PARALLEL...
APPROACH 7: QMATMUL_ALGO_NUMPY_PARALLEL DONE. [time: 0.0024344921112060547 s, all close: True, speed-up vs reference: 213.11]
APPROACH 8: QMATMUL_ALGO_NUMBA_CUDA...
APPROACH 8: QMATMUL_ALGO_NUMBA_CUDA DONE. [time: 0.005059003829956055 s, all close: True, speed-up vs reference: 102.55]
REPETITION: 76/100:
APPROACH 1: QMATMUL_NAIVE_NUMBA_ST...
APPROACH 1: QMATMUL_NAIVE_NUMBA_ST DONE. [time: 0.5186684131622314 s, all close: True, speed-up vs reference: 1.00]
APPROACH 2: QMATMUL_NAIVE_NUMBA_PARALLEL...
APPROACH 2: QMATMUL_NAIVE_NUMBA_PARALLEL DONE. [time: 0.031186580657958984 s, all close: True, speed-up vs reference: 16.64]
APPROACH 3: QMATMUL_DIRECT_NUMPY_ST...
APPROACH 3: QMATMUL_DIRECT_NUMPY_ST DONE. [time: 0.005648136138916016 s, all close: True, speed-up vs reference: 91.86]
APPROACH 4: QMATMUL_DIRECT_NUMPY_PARALLEL...
APPROACH 4: QMATMUL_DIRECT_NUMPY_PARALLEL DONE. [time: 0.0017192363739013672 s, all close: True, speed-up vs reference: 301.77]
APPROACH 5: QMATMUL_DIRECT_NUMBA_CUDA...
APPROACH 5: QMATMUL_DIRECT_NUMBA_CUDA DONE. [time: 0.00208282470703125 s, all close: True, speed-up vs reference: 249.09]
APPROACH 6: QMATMUL_ALGO_NUMPY_ST...
APPROACH 6: QMATMUL_ALGO_NUMPY_ST DONE. [time: 0.007326841354370117 s, all close: True, speed-up vs reference: 70.81]
APPROACH 7: QMATMUL_ALGO_NUMPY_PARALLEL...
APPROACH 7: QMATMUL_ALGO_NUMPY_PARALLEL DONE. [time: 0.0024166107177734375 s, all close: True, speed-up vs reference: 214.69]
APPROACH 8: QMATMUL_ALGO_NUMBA_CUDA...
APPROACH 8: QMATMUL_ALGO_NUMBA_CUDA DONE. [time: 0.005067586898803711 s, all close: True, speed-up vs reference: 102.38]
REPETITION: 77/100:
APPROACH 1: QMATMUL_NAIVE_NUMBA_ST...
APPROACH 1: QMATMUL_NAIVE_NUMBA_ST DONE. [time: 0.5180330276489258 s, all close: True, speed-up vs reference: 1.00]
APPROACH 2: QMATMUL_NAIVE_NUMBA_PARALLEL...
APPROACH 2: QMATMUL_NAIVE_NUMBA_PARALLEL DONE. [time: 0.03112506866455078 s, all close: True, speed-up vs reference: 16.67]
APPROACH 3: QMATMUL_DIRECT_NUMPY_ST...
APPROACH 3: QMATMUL_DIRECT_NUMPY_ST DONE. [time: 0.0056438446044921875 s, all close: True, speed-up vs reference: 91.93]
APPROACH 4: QMATMUL_DIRECT_NUMPY_PARALLEL...
APPROACH 4: QMATMUL_DIRECT_NUMPY_PARALLEL DONE. [time: 0.001737833023071289 s, all close: True, speed-up vs reference: 298.54]
APPROACH 5: QMATMUL_DIRECT_NUMBA_CUDA...
APPROACH 5: QMATMUL_DIRECT_NUMBA_CUDA DONE. [time: 0.0020678043365478516 s, all close: True, speed-up vs reference: 250.90]
APPROACH 6: QMATMUL_ALGO_NUMPY_ST...
APPROACH 6: QMATMUL_ALGO_NUMPY_ST DONE. [time: 0.007172822952270508 s, all close: True, speed-up vs reference: 72.33]
APPROACH 7: QMATMUL_ALGO_NUMPY_PARALLEL...
APPROACH 7: QMATMUL_ALGO_NUMPY_PARALLEL DONE. [time: 0.0024514198303222656 s, all close: True, speed-up vs reference: 211.64]
APPROACH 8: QMATMUL_ALGO_NUMBA_CUDA...
APPROACH 8: QMATMUL_ALGO_NUMBA_CUDA DONE. [time: 0.004598379135131836 s, all close: True, speed-up vs reference: 112.83]
REPETITION: 78/100:
APPROACH 1: QMATMUL_NAIVE_NUMBA_ST...
APPROACH 1: QMATMUL_NAIVE_NUMBA_ST DONE. [time: 0.5189146995544434 s, all close: True, speed-up vs reference: 1.00]
APPROACH 2: QMATMUL_NAIVE_NUMBA_PARALLEL...
APPROACH 2: QMATMUL_NAIVE_NUMBA_PARALLEL DONE. [time: 0.03345847129821777 s, all close: True, speed-up vs reference: 15.51]
APPROACH 3: QMATMUL_DIRECT_NUMPY_ST...
APPROACH 3: QMATMUL_DIRECT_NUMPY_ST DONE. [time: 0.005648612976074219 s, all close: True, speed-up vs reference: 91.85]
APPROACH 4: QMATMUL_DIRECT_NUMPY_PARALLEL...
APPROACH 4: QMATMUL_DIRECT_NUMPY_PARALLEL DONE. [time: 0.0017371177673339844 s, all close: True, speed-up vs reference: 298.67]
APPROACH 5: QMATMUL_DIRECT_NUMBA_CUDA...
APPROACH 5: QMATMUL_DIRECT_NUMBA_CUDA DONE. [time: 0.002309083938598633 s, all close: True, speed-up vs reference: 224.69]
APPROACH 6: QMATMUL_ALGO_NUMPY_ST...
APPROACH 6: QMATMUL_ALGO_NUMPY_ST DONE. [time: 0.007200717926025391 s, all close: True, speed-up vs reference: 72.05]
APPROACH 7: QMATMUL_ALGO_NUMPY_PARALLEL...
APPROACH 7: QMATMUL_ALGO_NUMPY_PARALLEL DONE. [time: 0.0024149417877197266 s, all close: True, speed-up vs reference: 214.84]
APPROACH 8: QMATMUL_ALGO_NUMBA_CUDA...
APPROACH 8: QMATMUL_ALGO_NUMBA_CUDA DONE. [time: 0.004447221755981445 s, all close: True, speed-up vs reference: 116.66]
REPETITION: 79/100:
APPROACH 1: QMATMUL_NAIVE_NUMBA_ST...
APPROACH 1: QMATMUL_NAIVE_NUMBA_ST DONE. [time: 0.5177714824676514 s, all close: True, speed-up vs reference: 1.00]
APPROACH 2: QMATMUL_NAIVE_NUMBA_PARALLEL...
APPROACH 2: QMATMUL_NAIVE_NUMBA_PARALLEL DONE. [time: 0.031096458435058594 s, all close: True, speed-up vs reference: 16.68]
APPROACH 3: QMATMUL_DIRECT_NUMPY_ST...
APPROACH 3: QMATMUL_DIRECT_NUMPY_ST DONE. [time: 0.005650997161865234 s, all close: True, speed-up vs reference: 91.81]
APPROACH 4: QMATMUL_DIRECT_NUMPY_PARALLEL...
APPROACH 4: QMATMUL_DIRECT_NUMPY_PARALLEL DONE. [time: 0.0017135143280029297 s, all close: True, speed-up vs reference: 302.78]
APPROACH 5: QMATMUL_DIRECT_NUMBA_CUDA...
APPROACH 5: QMATMUL_DIRECT_NUMBA_CUDA DONE. [time: 0.0024254322052001953 s, all close: True, speed-up vs reference: 213.91]
APPROACH 6: QMATMUL_ALGO_NUMPY_ST...
APPROACH 6: QMATMUL_ALGO_NUMPY_ST DONE. [time: 0.007181882858276367 s, all close: True, speed-up vs reference: 72.24]
APPROACH 7: QMATMUL_ALGO_NUMPY_PARALLEL...
APPROACH 7: QMATMUL_ALGO_NUMPY_PARALLEL DONE. [time: 0.0024085044860839844 s, all close: True, speed-up vs reference: 215.41]
APPROACH 8: QMATMUL_ALGO_NUMBA_CUDA...
APPROACH 8: QMATMUL_ALGO_NUMBA_CUDA DONE. [time: 0.004543781280517578 s, all close: True, speed-up vs reference: 114.18]
REPETITION: 80/100:
APPROACH 1: QMATMUL_NAIVE_NUMBA_ST...
APPROACH 1: QMATMUL_NAIVE_NUMBA_ST DONE. [time: 0.52335524559021 s, all close: True, speed-up vs reference: 0.99]
APPROACH 2: QMATMUL_NAIVE_NUMBA_PARALLEL...
APPROACH 2: QMATMUL_NAIVE_NUMBA_PARALLEL DONE. [time: 0.035906314849853516 s, all close: True, speed-up vs reference: 14.45]
APPROACH 3: QMATMUL_DIRECT_NUMPY_ST...
APPROACH 3: QMATMUL_DIRECT_NUMPY_ST DONE. [time: 0.005782127380371094 s, all close: True, speed-up vs reference: 89.73]
APPROACH 4: QMATMUL_DIRECT_NUMPY_PARALLEL...
APPROACH 4: QMATMUL_DIRECT_NUMPY_PARALLEL DONE. [time: 0.0021181106567382812 s, all close: True, speed-up vs reference: 244.94]
APPROACH 5: QMATMUL_DIRECT_NUMBA_CUDA...
APPROACH 5: QMATMUL_DIRECT_NUMBA_CUDA DONE. [time: 0.002416372299194336 s, all close: True, speed-up vs reference: 214.71]
APPROACH 6: QMATMUL_ALGO_NUMPY_ST...
APPROACH 6: QMATMUL_ALGO_NUMPY_ST DONE. [time: 0.007277727127075195 s, all close: True, speed-up vs reference: 71.29]
APPROACH 7: QMATMUL_ALGO_NUMPY_PARALLEL...
APPROACH 7: QMATMUL_ALGO_NUMPY_PARALLEL DONE. [time: 0.0027251243591308594 s, all close: True, speed-up vs reference: 190.38]
APPROACH 8: QMATMUL_ALGO_NUMBA_CUDA...
APPROACH 8: QMATMUL_ALGO_NUMBA_CUDA DONE. [time: 0.004681825637817383 s, all close: True, speed-up vs reference: 110.82]
REPETITION: 81/100:
APPROACH 1: QMATMUL_NAIVE_NUMBA_ST...
APPROACH 1: QMATMUL_NAIVE_NUMBA_ST DONE. [time: 0.5209052562713623 s, all close: True, speed-up vs reference: 1.00]
APPROACH 2: QMATMUL_NAIVE_NUMBA_PARALLEL...
APPROACH 2: QMATMUL_NAIVE_NUMBA_PARALLEL DONE. [time: 0.03307628631591797 s, all close: True, speed-up vs reference: 15.69]
APPROACH 3: QMATMUL_DIRECT_NUMPY_ST...
APPROACH 3: QMATMUL_DIRECT_NUMPY_ST DONE. [time: 0.00570368766784668 s, all close: True, speed-up vs reference: 90.96]
APPROACH 4: QMATMUL_DIRECT_NUMPY_PARALLEL...
APPROACH 4: QMATMUL_DIRECT_NUMPY_PARALLEL DONE. [time: 0.0017287731170654297 s, all close: True, speed-up vs reference: 300.11]
APPROACH 5: QMATMUL_DIRECT_NUMBA_CUDA...
APPROACH 5: QMATMUL_DIRECT_NUMBA_CUDA DONE. [time: 0.002451658248901367 s, all close: True, speed-up vs reference: 211.62]
APPROACH 6: QMATMUL_ALGO_NUMPY_ST...
APPROACH 6: QMATMUL_ALGO_NUMPY_ST DONE. [time: 0.0071637630462646484 s, all close: True, speed-up vs reference: 72.42]
APPROACH 7: QMATMUL_ALGO_NUMPY_PARALLEL...
APPROACH 7: QMATMUL_ALGO_NUMPY_PARALLEL DONE. [time: 0.002413511276245117 s, all close: True, speed-up vs reference: 214.96]
APPROACH 8: QMATMUL_ALGO_NUMBA_CUDA...
APPROACH 8: QMATMUL_ALGO_NUMBA_CUDA DONE. [time: 0.004580974578857422 s, all close: True, speed-up vs reference: 113.26]
REPETITION: 82/100:
APPROACH 1: QMATMUL_NAIVE_NUMBA_ST...
APPROACH 1: QMATMUL_NAIVE_NUMBA_ST DONE. [time: 0.5195367336273193 s, all close: True, speed-up vs reference: 1.00]
APPROACH 2: QMATMUL_NAIVE_NUMBA_PARALLEL...
APPROACH 2: QMATMUL_NAIVE_NUMBA_PARALLEL DONE. [time: 0.031167984008789062 s, all close: True, speed-up vs reference: 16.65]
APPROACH 3: QMATMUL_DIRECT_NUMPY_ST...
APPROACH 3: QMATMUL_DIRECT_NUMPY_ST DONE. [time: 0.005681037902832031 s, all close: True, speed-up vs reference: 91.32]
APPROACH 4: QMATMUL_DIRECT_NUMPY_PARALLEL...
APPROACH 4: QMATMUL_DIRECT_NUMPY_PARALLEL DONE. [time: 0.0017375946044921875 s, all close: True, speed-up vs reference: 298.58]
APPROACH 5: QMATMUL_DIRECT_NUMBA_CUDA...
APPROACH 5: QMATMUL_DIRECT_NUMBA_CUDA DONE. [time: 0.002572774887084961 s, all close: True, speed-up vs reference: 201.66]
APPROACH 6: QMATMUL_ALGO_NUMPY_ST...
APPROACH 6: QMATMUL_ALGO_NUMPY_ST DONE. [time: 0.007315635681152344 s, all close: True, speed-up vs reference: 70.92]
APPROACH 7: QMATMUL_ALGO_NUMPY_PARALLEL...
APPROACH 7: QMATMUL_ALGO_NUMPY_PARALLEL DONE. [time: 0.002587556838989258 s, all close: True, speed-up vs reference: 200.51]
APPROACH 8: QMATMUL_ALGO_NUMBA_CUDA...
APPROACH 8: QMATMUL_ALGO_NUMBA_CUDA DONE. [time: 0.004662036895751953 s, all close: True, speed-up vs reference: 111.29]
REPETITION: 83/100:
APPROACH 1: QMATMUL_NAIVE_NUMBA_ST...
APPROACH 1: QMATMUL_NAIVE_NUMBA_ST DONE. [time: 0.5186071395874023 s, all close: True, speed-up vs reference: 1.00]
APPROACH 2: QMATMUL_NAIVE_NUMBA_PARALLEL...
APPROACH 2: QMATMUL_NAIVE_NUMBA_PARALLEL DONE. [time: 0.038347482681274414 s, all close: True, speed-up vs reference: 13.53]
APPROACH 3: QMATMUL_DIRECT_NUMPY_ST...
APPROACH 3: QMATMUL_DIRECT_NUMPY_ST DONE. [time: 0.005660533905029297 s, all close: True, speed-up vs reference: 91.66]
APPROACH 4: QMATMUL_DIRECT_NUMPY_PARALLEL...
APPROACH 4: QMATMUL_DIRECT_NUMPY_PARALLEL DONE. [time: 0.002065420150756836 s, all close: True, speed-up vs reference: 251.19]
APPROACH 5: QMATMUL_DIRECT_NUMBA_CUDA...
APPROACH 5: QMATMUL_DIRECT_NUMBA_CUDA DONE. [time: 0.002607583999633789 s, all close: True, speed-up vs reference: 198.97]
APPROACH 6: QMATMUL_ALGO_NUMPY_ST...
APPROACH 6: QMATMUL_ALGO_NUMPY_ST DONE. [time: 0.007389545440673828 s, all close: True, speed-up vs reference: 70.21]
APPROACH 7: QMATMUL_ALGO_NUMPY_PARALLEL...
APPROACH 7: QMATMUL_ALGO_NUMPY_PARALLEL DONE. [time: 0.002664327621459961 s, all close: True, speed-up vs reference: 194.73]
APPROACH 8: QMATMUL_ALGO_NUMBA_CUDA...
APPROACH 8: QMATMUL_ALGO_NUMBA_CUDA DONE. [time: 0.004541635513305664 s, all close: True, speed-up vs reference: 114.24]
REPETITION: 84/100:
APPROACH 1: QMATMUL_NAIVE_NUMBA_ST...
APPROACH 1: QMATMUL_NAIVE_NUMBA_ST DONE. [time: 0.5182106494903564 s, all close: True, speed-up vs reference: 1.00]
APPROACH 2: QMATMUL_NAIVE_NUMBA_PARALLEL...
APPROACH 2: QMATMUL_NAIVE_NUMBA_PARALLEL DONE. [time: 0.031122922897338867 s, all close: True, speed-up vs reference: 16.67]
APPROACH 3: QMATMUL_DIRECT_NUMPY_ST...
APPROACH 3: QMATMUL_DIRECT_NUMPY_ST DONE. [time: 0.005595684051513672 s, all close: True, speed-up vs reference: 92.72]
APPROACH 4: QMATMUL_DIRECT_NUMPY_PARALLEL...
APPROACH 4: QMATMUL_DIRECT_NUMPY_PARALLEL DONE. [time: 0.0017399787902832031 s, all close: True, speed-up vs reference: 298.18]
APPROACH 5: QMATMUL_DIRECT_NUMBA_CUDA...
APPROACH 5: QMATMUL_DIRECT_NUMBA_CUDA DONE. [time: 0.0020105838775634766 s, all close: True, speed-up vs reference: 258.04]
APPROACH 6: QMATMUL_ALGO_NUMPY_ST...
APPROACH 6: QMATMUL_ALGO_NUMPY_ST DONE. [time: 0.007197141647338867 s, all close: True, speed-up vs reference: 72.09]
APPROACH 7: QMATMUL_ALGO_NUMPY_PARALLEL...
APPROACH 7: QMATMUL_ALGO_NUMPY_PARALLEL DONE. [time: 0.0026247501373291016 s, all close: True, speed-up vs reference: 197.66]
APPROACH 8: QMATMUL_ALGO_NUMBA_CUDA...
APPROACH 8: QMATMUL_ALGO_NUMBA_CUDA DONE. [time: 0.004969596862792969 s, all close: True, speed-up vs reference: 104.40]
REPETITION: 85/100:
APPROACH 1: QMATMUL_NAIVE_NUMBA_ST...
APPROACH 1: QMATMUL_NAIVE_NUMBA_ST DONE. [time: 0.518301248550415 s, all close: True, speed-up vs reference: 1.00]
APPROACH 2: QMATMUL_NAIVE_NUMBA_PARALLEL...
APPROACH 2: QMATMUL_NAIVE_NUMBA_PARALLEL DONE. [time: 0.03111720085144043 s, all close: True, speed-up vs reference: 16.67]
APPROACH 3: QMATMUL_DIRECT_NUMPY_ST...
APPROACH 3: QMATMUL_DIRECT_NUMPY_ST DONE. [time: 0.0055999755859375 s, all close: True, speed-up vs reference: 92.65]
APPROACH 4: QMATMUL_DIRECT_NUMPY_PARALLEL...
APPROACH 4: QMATMUL_DIRECT_NUMPY_PARALLEL DONE. [time: 0.0017178058624267578 s, all close: True, speed-up vs reference: 302.02]
APPROACH 5: QMATMUL_DIRECT_NUMBA_CUDA...
APPROACH 5: QMATMUL_DIRECT_NUMBA_CUDA DONE. [time: 0.0020210742950439453 s, all close: True, speed-up vs reference: 256.70]
APPROACH 6: QMATMUL_ALGO_NUMPY_ST...
APPROACH 6: QMATMUL_ALGO_NUMPY_ST DONE. [time: 0.007208824157714844 s, all close: True, speed-up vs reference: 71.97]
APPROACH 7: QMATMUL_ALGO_NUMPY_PARALLEL...
APPROACH 7: QMATMUL_ALGO_NUMPY_PARALLEL DONE. [time: 0.0024003982543945312 s, all close: True, speed-up vs reference: 216.14]
APPROACH 8: QMATMUL_ALGO_NUMBA_CUDA...
APPROACH 8: QMATMUL_ALGO_NUMBA_CUDA DONE. [time: 0.005240440368652344 s, all close: True, speed-up vs reference: 99.00]
REPETITION: 86/100:
APPROACH 1: QMATMUL_NAIVE_NUMBA_ST...
APPROACH 1: QMATMUL_NAIVE_NUMBA_ST DONE. [time: 0.515120267868042 s, all close: True, speed-up vs reference: 1.01]
APPROACH 2: QMATMUL_NAIVE_NUMBA_PARALLEL...
APPROACH 2: QMATMUL_NAIVE_NUMBA_PARALLEL DONE. [time: 0.0383756160736084 s, all close: True, speed-up vs reference: 13.52]
APPROACH 3: QMATMUL_DIRECT_NUMPY_ST...
APPROACH 3: QMATMUL_DIRECT_NUMPY_ST DONE. [time: 0.005594015121459961 s, all close: True, speed-up vs reference: 92.75]
APPROACH 4: QMATMUL_DIRECT_NUMPY_PARALLEL...
APPROACH 4: QMATMUL_DIRECT_NUMPY_PARALLEL DONE. [time: 0.0017278194427490234 s, all close: True, speed-up vs reference: 300.27]
APPROACH 5: QMATMUL_DIRECT_NUMBA_CUDA...
APPROACH 5: QMATMUL_DIRECT_NUMBA_CUDA DONE. [time: 0.00200653076171875 s, all close: True, speed-up vs reference: 258.57]
APPROACH 6: QMATMUL_ALGO_NUMPY_ST...
APPROACH 6: QMATMUL_ALGO_NUMPY_ST DONE. [time: 0.0072021484375 s, all close: True, speed-up vs reference: 72.04]
APPROACH 7: QMATMUL_ALGO_NUMPY_PARALLEL...
APPROACH 7: QMATMUL_ALGO_NUMPY_PARALLEL DONE. [time: 0.002444028854370117 s, all close: True, speed-up vs reference: 212.28]
APPROACH 8: QMATMUL_ALGO_NUMBA_CUDA...
APPROACH 8: QMATMUL_ALGO_NUMBA_CUDA DONE. [time: 0.0051534175872802734 s, all close: True, speed-up vs reference: 100.67]
REPETITION: 87/100:
APPROACH 1: QMATMUL_NAIVE_NUMBA_ST...
APPROACH 1: QMATMUL_NAIVE_NUMBA_ST DONE. [time: 0.5274713039398193 s, all close: True, speed-up vs reference: 0.98]
APPROACH 2: QMATMUL_NAIVE_NUMBA_PARALLEL...
APPROACH 2: QMATMUL_NAIVE_NUMBA_PARALLEL DONE. [time: 0.03982901573181152 s, all close: True, speed-up vs reference: 13.03]
APPROACH 3: QMATMUL_DIRECT_NUMPY_ST...
APPROACH 3: QMATMUL_DIRECT_NUMPY_ST DONE. [time: 0.0056459903717041016 s, all close: True, speed-up vs reference: 91.89]
APPROACH 4: QMATMUL_DIRECT_NUMPY_PARALLEL...
APPROACH 4: QMATMUL_DIRECT_NUMPY_PARALLEL DONE. [time: 0.002028226852416992 s, all close: True, speed-up vs reference: 255.80]
APPROACH 5: QMATMUL_DIRECT_NUMBA_CUDA...
APPROACH 5: QMATMUL_DIRECT_NUMBA_CUDA DONE. [time: 0.002095937728881836 s, all close: True, speed-up vs reference: 247.54]
APPROACH 6: QMATMUL_ALGO_NUMPY_ST...
APPROACH 6: QMATMUL_ALGO_NUMPY_ST DONE. [time: 0.0072133541107177734 s, all close: True, speed-up vs reference: 71.92]
APPROACH 7: QMATMUL_ALGO_NUMPY_PARALLEL...
APPROACH 7: QMATMUL_ALGO_NUMPY_PARALLEL DONE. [time: 0.002613067626953125 s, all close: True, speed-up vs reference: 198.55]
APPROACH 8: QMATMUL_ALGO_NUMBA_CUDA...
APPROACH 8: QMATMUL_ALGO_NUMBA_CUDA DONE. [time: 0.005120515823364258 s, all close: True, speed-up vs reference: 101.32]
REPETITION: 88/100:
APPROACH 1: QMATMUL_NAIVE_NUMBA_ST...
APPROACH 1: QMATMUL_NAIVE_NUMBA_ST DONE. [time: 0.5285391807556152 s, all close: True, speed-up vs reference: 0.98]
APPROACH 2: QMATMUL_NAIVE_NUMBA_PARALLEL...
APPROACH 2: QMATMUL_NAIVE_NUMBA_PARALLEL DONE. [time: 0.03107166290283203 s, all close: True, speed-up vs reference: 16.70]
APPROACH 3: QMATMUL_DIRECT_NUMPY_ST...
APPROACH 3: QMATMUL_DIRECT_NUMPY_ST DONE. [time: 0.0056383609771728516 s, all close: True, speed-up vs reference: 92.02]
APPROACH 4: QMATMUL_DIRECT_NUMPY_PARALLEL...
APPROACH 4: QMATMUL_DIRECT_NUMPY_PARALLEL DONE. [time: 0.0016939640045166016 s, all close: True, speed-up vs reference: 306.28]
APPROACH 5: QMATMUL_DIRECT_NUMBA_CUDA...
APPROACH 5: QMATMUL_DIRECT_NUMBA_CUDA DONE. [time: 0.002065896987915039 s, all close: True, speed-up vs reference: 251.14]
APPROACH 6: QMATMUL_ALGO_NUMPY_ST...
APPROACH 6: QMATMUL_ALGO_NUMPY_ST DONE. [time: 0.007183074951171875 s, all close: True, speed-up vs reference: 72.23]
APPROACH 7: QMATMUL_ALGO_NUMPY_PARALLEL...
APPROACH 7: QMATMUL_ALGO_NUMPY_PARALLEL DONE. [time: 0.0024073123931884766 s, all close: True, speed-up vs reference: 215.52]
APPROACH 8: QMATMUL_ALGO_NUMBA_CUDA...
APPROACH 8: QMATMUL_ALGO_NUMBA_CUDA DONE. [time: 0.004769563674926758 s, all close: True, speed-up vs reference: 108.78]
REPETITION: 89/100:
APPROACH 1: QMATMUL_NAIVE_NUMBA_ST...
APPROACH 1: QMATMUL_NAIVE_NUMBA_ST DONE. [time: 0.519728422164917 s, all close: True, speed-up vs reference: 1.00]
APPROACH 2: QMATMUL_NAIVE_NUMBA_PARALLEL...
APPROACH 2: QMATMUL_NAIVE_NUMBA_PARALLEL DONE. [time: 0.03335261344909668 s, all close: True, speed-up vs reference: 15.56]
APPROACH 3: QMATMUL_DIRECT_NUMPY_ST...
APPROACH 3: QMATMUL_DIRECT_NUMPY_ST DONE. [time: 0.00564885139465332 s, all close: True, speed-up vs reference: 91.85]
APPROACH 4: QMATMUL_DIRECT_NUMPY_PARALLEL...
APPROACH 4: QMATMUL_DIRECT_NUMPY_PARALLEL DONE. [time: 0.0017342567443847656 s, all close: True, speed-up vs reference: 299.16]
APPROACH 5: QMATMUL_DIRECT_NUMBA_CUDA...
APPROACH 5: QMATMUL_DIRECT_NUMBA_CUDA DONE. [time: 0.002296924591064453 s, all close: True, speed-up vs reference: 225.88]
APPROACH 6: QMATMUL_ALGO_NUMPY_ST...
APPROACH 6: QMATMUL_ALGO_NUMPY_ST DONE. [time: 0.007314443588256836 s, all close: True, speed-up vs reference: 70.93]
APPROACH 7: QMATMUL_ALGO_NUMPY_PARALLEL...
APPROACH 7: QMATMUL_ALGO_NUMPY_PARALLEL DONE. [time: 0.002416372299194336 s, all close: True, speed-up vs reference: 214.71]
APPROACH 8: QMATMUL_ALGO_NUMBA_CUDA...
APPROACH 8: QMATMUL_ALGO_NUMBA_CUDA DONE. [time: 0.004479408264160156 s, all close: True, speed-up vs reference: 115.82]
REPETITION: 90/100:
APPROACH 1: QMATMUL_NAIVE_NUMBA_ST...
APPROACH 1: QMATMUL_NAIVE_NUMBA_ST DONE. [time: 0.5184218883514404 s, all close: True, speed-up vs reference: 1.00]
APPROACH 2: QMATMUL_NAIVE_NUMBA_PARALLEL...
APPROACH 2: QMATMUL_NAIVE_NUMBA_PARALLEL DONE. [time: 0.0424807071685791 s, all close: True, speed-up vs reference: 12.21]
APPROACH 3: QMATMUL_DIRECT_NUMPY_ST...
APPROACH 3: QMATMUL_DIRECT_NUMPY_ST DONE. [time: 0.005950450897216797 s, all close: True, speed-up vs reference: 87.19]
APPROACH 4: QMATMUL_DIRECT_NUMPY_PARALLEL...
APPROACH 4: QMATMUL_DIRECT_NUMPY_PARALLEL DONE. [time: 0.0022025108337402344 s, all close: True, speed-up vs reference: 235.56]
APPROACH 5: QMATMUL_DIRECT_NUMBA_CUDA...
APPROACH 5: QMATMUL_DIRECT_NUMBA_CUDA DONE. [time: 0.0024874210357666016 s, all close: True, speed-up vs reference: 208.58]
APPROACH 6: QMATMUL_ALGO_NUMPY_ST...
APPROACH 6: QMATMUL_ALGO_NUMPY_ST DONE. [time: 0.0073909759521484375 s, all close: True, speed-up vs reference: 70.20]
APPROACH 7: QMATMUL_ALGO_NUMPY_PARALLEL...
APPROACH 7: QMATMUL_ALGO_NUMPY_PARALLEL DONE. [time: 0.0025136470794677734 s, all close: True, speed-up vs reference: 206.40]
APPROACH 8: QMATMUL_ALGO_NUMBA_CUDA...
APPROACH 8: QMATMUL_ALGO_NUMBA_CUDA DONE. [time: 0.004439592361450195 s, all close: True, speed-up vs reference: 116.86]
REPETITION: 91/100:
APPROACH 1: QMATMUL_NAIVE_NUMBA_ST...
APPROACH 1: QMATMUL_NAIVE_NUMBA_ST DONE. [time: 0.5280427932739258 s, all close: True, speed-up vs reference: 0.98]
APPROACH 2: QMATMUL_NAIVE_NUMBA_PARALLEL...
APPROACH 2: QMATMUL_NAIVE_NUMBA_PARALLEL DONE. [time: 0.03133225440979004 s, all close: True, speed-up vs reference: 16.56]
APPROACH 3: QMATMUL_DIRECT_NUMPY_ST...
APPROACH 3: QMATMUL_DIRECT_NUMPY_ST DONE. [time: 0.0056400299072265625 s, all close: True, speed-up vs reference: 91.99]
APPROACH 4: QMATMUL_DIRECT_NUMPY_PARALLEL...
APPROACH 4: QMATMUL_DIRECT_NUMPY_PARALLEL DONE. [time: 0.0017249584197998047 s, all close: True, speed-up vs reference: 300.77]
APPROACH 5: QMATMUL_DIRECT_NUMBA_CUDA...
APPROACH 5: QMATMUL_DIRECT_NUMBA_CUDA DONE. [time: 0.002391815185546875 s, all close: True, speed-up vs reference: 216.91]
APPROACH 6: QMATMUL_ALGO_NUMPY_ST...
APPROACH 6: QMATMUL_ALGO_NUMPY_ST DONE. [time: 0.007191896438598633 s, all close: True, speed-up vs reference: 72.14]
APPROACH 7: QMATMUL_ALGO_NUMPY_PARALLEL...
APPROACH 7: QMATMUL_ALGO_NUMPY_PARALLEL DONE. [time: 0.002415180206298828 s, all close: True, speed-up vs reference: 214.82]
APPROACH 8: QMATMUL_ALGO_NUMBA_CUDA...
APPROACH 8: QMATMUL_ALGO_NUMBA_CUDA DONE. [time: 0.004729509353637695 s, all close: True, speed-up vs reference: 109.70]
REPETITION: 92/100:
APPROACH 1: QMATMUL_NAIVE_NUMBA_ST...
APPROACH 1: QMATMUL_NAIVE_NUMBA_ST DONE. [time: 0.5186483860015869 s, all close: True, speed-up vs reference: 1.00]
APPROACH 2: QMATMUL_NAIVE_NUMBA_PARALLEL...
APPROACH 2: QMATMUL_NAIVE_NUMBA_PARALLEL DONE. [time: 0.03859114646911621 s, all close: True, speed-up vs reference: 13.44]
APPROACH 3: QMATMUL_DIRECT_NUMPY_ST...
APPROACH 3: QMATMUL_DIRECT_NUMPY_ST DONE. [time: 0.005773782730102539 s, all close: True, speed-up vs reference: 89.86]
APPROACH 4: QMATMUL_DIRECT_NUMPY_PARALLEL...
APPROACH 4: QMATMUL_DIRECT_NUMPY_PARALLEL DONE. [time: 0.0021305084228515625 s, all close: True, speed-up vs reference: 243.52]
APPROACH 5: QMATMUL_DIRECT_NUMBA_CUDA...
APPROACH 5: QMATMUL_DIRECT_NUMBA_CUDA DONE. [time: 0.002459287643432617 s, all close: True, speed-up vs reference: 210.96]
APPROACH 6: QMATMUL_ALGO_NUMPY_ST...
APPROACH 6: QMATMUL_ALGO_NUMPY_ST DONE. [time: 0.007204532623291016 s, all close: True, speed-up vs reference: 72.01]
APPROACH 7: QMATMUL_ALGO_NUMPY_PARALLEL...
APPROACH 7: QMATMUL_ALGO_NUMPY_PARALLEL DONE. [time: 0.002682209014892578 s, all close: True, speed-up vs reference: 193.43]
APPROACH 8: QMATMUL_ALGO_NUMBA_CUDA...
APPROACH 8: QMATMUL_ALGO_NUMBA_CUDA DONE. [time: 0.004544496536254883 s, all close: True, speed-up vs reference: 114.16]
REPETITION: 93/100:
APPROACH 1: QMATMUL_NAIVE_NUMBA_ST...
APPROACH 1: QMATMUL_NAIVE_NUMBA_ST DONE. [time: 0.518277645111084 s, all close: True, speed-up vs reference: 1.00]
APPROACH 2: QMATMUL_NAIVE_NUMBA_PARALLEL...
APPROACH 2: QMATMUL_NAIVE_NUMBA_PARALLEL DONE. [time: 0.031238317489624023 s, all close: True, speed-up vs reference: 16.61]
APPROACH 3: QMATMUL_DIRECT_NUMPY_ST...
APPROACH 3: QMATMUL_DIRECT_NUMPY_ST DONE. [time: 0.0057909488677978516 s, all close: True, speed-up vs reference: 89.59]
APPROACH 4: QMATMUL_DIRECT_NUMPY_PARALLEL...
APPROACH 4: QMATMUL_DIRECT_NUMPY_PARALLEL DONE. [time: 0.0016989707946777344 s, all close: True, speed-up vs reference: 305.37]
APPROACH 5: QMATMUL_DIRECT_NUMBA_CUDA...
APPROACH 5: QMATMUL_DIRECT_NUMBA_CUDA DONE. [time: 0.0025768280029296875 s, all close: True, speed-up vs reference: 201.34]
APPROACH 6: QMATMUL_ALGO_NUMPY_ST...
APPROACH 6: QMATMUL_ALGO_NUMPY_ST DONE. [time: 0.00719904899597168 s, all close: True, speed-up vs reference: 72.07]
APPROACH 7: QMATMUL_ALGO_NUMPY_PARALLEL...
APPROACH 7: QMATMUL_ALGO_NUMPY_PARALLEL DONE. [time: 0.002415180206298828 s, all close: True, speed-up vs reference: 214.82]
APPROACH 8: QMATMUL_ALGO_NUMBA_CUDA...
APPROACH 8: QMATMUL_ALGO_NUMBA_CUDA DONE. [time: 0.004372358322143555 s, all close: True, speed-up vs reference: 118.66]
REPETITION: 94/100:
APPROACH 1: QMATMUL_NAIVE_NUMBA_ST...
APPROACH 1: QMATMUL_NAIVE_NUMBA_ST DONE. [time: 0.5184473991394043 s, all close: True, speed-up vs reference: 1.00]
APPROACH 2: QMATMUL_NAIVE_NUMBA_PARALLEL...
APPROACH 2: QMATMUL_NAIVE_NUMBA_PARALLEL DONE. [time: 0.03643441200256348 s, all close: True, speed-up vs reference: 14.24]
APPROACH 3: QMATMUL_DIRECT_NUMPY_ST...
APPROACH 3: QMATMUL_DIRECT_NUMPY_ST DONE. [time: 0.005633115768432617 s, all close: True, speed-up vs reference: 92.10]
APPROACH 4: QMATMUL_DIRECT_NUMPY_PARALLEL...
APPROACH 4: QMATMUL_DIRECT_NUMPY_PARALLEL DONE. [time: 0.001735687255859375 s, all close: True, speed-up vs reference: 298.91]
APPROACH 5: QMATMUL_DIRECT_NUMBA_CUDA...
APPROACH 5: QMATMUL_DIRECT_NUMBA_CUDA DONE. [time: 0.0025703907012939453 s, all close: True, speed-up vs reference: 201.84]
APPROACH 6: QMATMUL_ALGO_NUMPY_ST...
APPROACH 6: QMATMUL_ALGO_NUMPY_ST DONE. [time: 0.007177114486694336 s, all close: True, speed-up vs reference: 72.29]
APPROACH 7: QMATMUL_ALGO_NUMPY_PARALLEL...
APPROACH 7: QMATMUL_ALGO_NUMPY_PARALLEL DONE. [time: 0.002477407455444336 s, all close: True, speed-up vs reference: 209.42]
APPROACH 8: QMATMUL_ALGO_NUMBA_CUDA...
APPROACH 8: QMATMUL_ALGO_NUMBA_CUDA DONE. [time: 0.004641532897949219 s, all close: True, speed-up vs reference: 111.78]
REPETITION: 95/100:
APPROACH 1: QMATMUL_NAIVE_NUMBA_ST...
APPROACH 1: QMATMUL_NAIVE_NUMBA_ST DONE. [time: 0.5195441246032715 s, all close: True, speed-up vs reference: 1.00]
APPROACH 2: QMATMUL_NAIVE_NUMBA_PARALLEL...
APPROACH 2: QMATMUL_NAIVE_NUMBA_PARALLEL DONE. [time: 0.030921459197998047 s, all close: True, speed-up vs reference: 16.78]
APPROACH 3: QMATMUL_DIRECT_NUMPY_ST...
APPROACH 3: QMATMUL_DIRECT_NUMPY_ST DONE. [time: 0.005638599395751953 s, all close: True, speed-up vs reference: 92.01]
APPROACH 4: QMATMUL_DIRECT_NUMPY_PARALLEL...
APPROACH 4: QMATMUL_DIRECT_NUMPY_PARALLEL DONE. [time: 0.0017025470733642578 s, all close: True, speed-up vs reference: 304.73]
APPROACH 5: QMATMUL_DIRECT_NUMBA_CUDA...
APPROACH 5: QMATMUL_DIRECT_NUMBA_CUDA DONE. [time: 0.001993894577026367 s, all close: True, speed-up vs reference: 260.20]
APPROACH 6: QMATMUL_ALGO_NUMPY_ST...
APPROACH 6: QMATMUL_ALGO_NUMPY_ST DONE. [time: 0.007289409637451172 s, all close: True, speed-up vs reference: 71.17]
APPROACH 7: QMATMUL_ALGO_NUMPY_PARALLEL...
APPROACH 7: QMATMUL_ALGO_NUMPY_PARALLEL DONE. [time: 0.002416849136352539 s, all close: True, speed-up vs reference: 214.67]
APPROACH 8: QMATMUL_ALGO_NUMBA_CUDA...
APPROACH 8: QMATMUL_ALGO_NUMBA_CUDA DONE. [time: 0.004956722259521484 s, all close: True, speed-up vs reference: 104.67]
REPETITION: 96/100:
APPROACH 1: QMATMUL_NAIVE_NUMBA_ST...
APPROACH 1: QMATMUL_NAIVE_NUMBA_ST DONE. [time: 0.5184080600738525 s, all close: True, speed-up vs reference: 1.00]
APPROACH 2: QMATMUL_NAIVE_NUMBA_PARALLEL...
APPROACH 2: QMATMUL_NAIVE_NUMBA_PARALLEL DONE. [time: 0.03114151954650879 s, all close: True, speed-up vs reference: 16.66]
APPROACH 3: QMATMUL_DIRECT_NUMPY_ST...
APPROACH 3: QMATMUL_DIRECT_NUMPY_ST DONE. [time: 0.0056378841400146484 s, all close: True, speed-up vs reference: 92.02]
APPROACH 4: QMATMUL_DIRECT_NUMPY_PARALLEL...
APPROACH 4: QMATMUL_DIRECT_NUMPY_PARALLEL DONE. [time: 0.0017118453979492188 s, all close: True, speed-up vs reference: 303.08]
APPROACH 5: QMATMUL_DIRECT_NUMBA_CUDA...
APPROACH 5: QMATMUL_DIRECT_NUMBA_CUDA DONE. [time: 0.0020143985748291016 s, all close: True, speed-up vs reference: 257.56]
APPROACH 6: QMATMUL_ALGO_NUMPY_ST...
APPROACH 6: QMATMUL_ALGO_NUMPY_ST DONE. [time: 0.007179975509643555 s, all close: True, speed-up vs reference: 72.26]
APPROACH 7: QMATMUL_ALGO_NUMPY_PARALLEL...
APPROACH 7: QMATMUL_ALGO_NUMPY_PARALLEL DONE. [time: 0.00240325927734375 s, all close: True, speed-up vs reference: 215.88]
APPROACH 8: QMATMUL_ALGO_NUMBA_CUDA...
APPROACH 8: QMATMUL_ALGO_NUMBA_CUDA DONE. [time: 0.0050585269927978516 s, all close: True, speed-up vs reference: 102.56]
REPETITION: 97/100:
APPROACH 1: QMATMUL_NAIVE_NUMBA_ST...
APPROACH 1: QMATMUL_NAIVE_NUMBA_ST DONE. [time: 0.5184962749481201 s, all close: True, speed-up vs reference: 1.00]
APPROACH 2: QMATMUL_NAIVE_NUMBA_PARALLEL...
APPROACH 2: QMATMUL_NAIVE_NUMBA_PARALLEL DONE. [time: 0.038362979888916016 s, all close: True, speed-up vs reference: 13.52]
APPROACH 3: QMATMUL_DIRECT_NUMPY_ST...
APPROACH 3: QMATMUL_DIRECT_NUMPY_ST DONE. [time: 0.0057604312896728516 s, all close: True, speed-up vs reference: 90.07]
APPROACH 4: QMATMUL_DIRECT_NUMPY_PARALLEL...
APPROACH 4: QMATMUL_DIRECT_NUMPY_PARALLEL DONE. [time: 0.0019025802612304688 s, all close: True, speed-up vs reference: 272.69]
APPROACH 5: QMATMUL_DIRECT_NUMBA_CUDA...
APPROACH 5: QMATMUL_DIRECT_NUMBA_CUDA DONE. [time: 0.0021810531616210938 s, all close: True, speed-up vs reference: 237.88]
APPROACH 6: QMATMUL_ALGO_NUMPY_ST...
APPROACH 6: QMATMUL_ALGO_NUMPY_ST DONE. [time: 0.007202863693237305 s, all close: True, speed-up vs reference: 72.03]
APPROACH 7: QMATMUL_ALGO_NUMPY_PARALLEL...
APPROACH 7: QMATMUL_ALGO_NUMPY_PARALLEL DONE. [time: 0.0024216175079345703 s, all close: True, speed-up vs reference: 214.25]
APPROACH 8: QMATMUL_ALGO_NUMBA_CUDA...
APPROACH 8: QMATMUL_ALGO_NUMBA_CUDA DONE. [time: 0.005261898040771484 s, all close: True, speed-up vs reference: 98.60]
REPETITION: 98/100:
APPROACH 1: QMATMUL_NAIVE_NUMBA_ST...
APPROACH 1: QMATMUL_NAIVE_NUMBA_ST DONE. [time: 0.5195367336273193 s, all close: True, speed-up vs reference: 1.00]
APPROACH 2: QMATMUL_NAIVE_NUMBA_PARALLEL...
APPROACH 2: QMATMUL_NAIVE_NUMBA_PARALLEL DONE. [time: 0.030896663665771484 s, all close: True, speed-up vs reference: 16.79]
APPROACH 3: QMATMUL_DIRECT_NUMPY_ST...
APPROACH 3: QMATMUL_DIRECT_NUMPY_ST DONE. [time: 0.005630016326904297 s, all close: True, speed-up vs reference: 92.15]
APPROACH 4: QMATMUL_DIRECT_NUMPY_PARALLEL...
APPROACH 4: QMATMUL_DIRECT_NUMPY_PARALLEL DONE. [time: 0.001725912094116211 s, all close: True, speed-up vs reference: 300.61]
APPROACH 5: QMATMUL_DIRECT_NUMBA_CUDA...
APPROACH 5: QMATMUL_DIRECT_NUMBA_CUDA DONE. [time: 0.002089262008666992 s, all close: True, speed-up vs reference: 248.33]
APPROACH 6: QMATMUL_ALGO_NUMPY_ST...
APPROACH 6: QMATMUL_ALGO_NUMPY_ST DONE. [time: 0.007173299789428711 s, all close: True, speed-up vs reference: 72.33]
APPROACH 7: QMATMUL_ALGO_NUMPY_PARALLEL...
APPROACH 7: QMATMUL_ALGO_NUMPY_PARALLEL DONE. [time: 0.002411365509033203 s, all close: True, speed-up vs reference: 215.16]
APPROACH 8: QMATMUL_ALGO_NUMBA_CUDA...
APPROACH 8: QMATMUL_ALGO_NUMBA_CUDA DONE. [time: 0.0052280426025390625 s, all close: True, speed-up vs reference: 99.24]
REPETITION: 99/100:
APPROACH 1: QMATMUL_NAIVE_NUMBA_ST...
APPROACH 1: QMATMUL_NAIVE_NUMBA_ST DONE. [time: 0.5196998119354248 s, all close: True, speed-up vs reference: 1.00]
APPROACH 2: QMATMUL_NAIVE_NUMBA_PARALLEL...
APPROACH 2: QMATMUL_NAIVE_NUMBA_PARALLEL DONE. [time: 0.03742504119873047 s, all close: True, speed-up vs reference: 13.86]
APPROACH 3: QMATMUL_DIRECT_NUMPY_ST...
APPROACH 3: QMATMUL_DIRECT_NUMPY_ST DONE. [time: 0.0056514739990234375 s, all close: True, speed-up vs reference: 91.80]
APPROACH 4: QMATMUL_DIRECT_NUMPY_PARALLEL...
APPROACH 4: QMATMUL_DIRECT_NUMPY_PARALLEL DONE. [time: 0.001729726791381836 s, all close: True, speed-up vs reference: 299.94]
APPROACH 5: QMATMUL_DIRECT_NUMBA_CUDA...
APPROACH 5: QMATMUL_DIRECT_NUMBA_CUDA DONE. [time: 0.002090930938720703 s, all close: True, speed-up vs reference: 248.13]
APPROACH 6: QMATMUL_ALGO_NUMPY_ST...
APPROACH 6: QMATMUL_ALGO_NUMPY_ST DONE. [time: 0.007178544998168945 s, all close: True, speed-up vs reference: 72.27]
APPROACH 7: QMATMUL_ALGO_NUMPY_PARALLEL...
APPROACH 7: QMATMUL_ALGO_NUMPY_PARALLEL DONE. [time: 0.0024526119232177734 s, all close: True, speed-up vs reference: 211.54]
APPROACH 8: QMATMUL_ALGO_NUMBA_CUDA...
APPROACH 8: QMATMUL_ALGO_NUMBA_CUDA DONE. [time: 0.004672050476074219 s, all close: True, speed-up vs reference: 111.05]
REPETITION: 100/100:
APPROACH 1: QMATMUL_NAIVE_NUMBA_ST...
APPROACH 1: QMATMUL_NAIVE_NUMBA_ST DONE. [time: 0.5283777713775635 s, all close: True, speed-up vs reference: 0.98]
APPROACH 2: QMATMUL_NAIVE_NUMBA_PARALLEL...
APPROACH 2: QMATMUL_NAIVE_NUMBA_PARALLEL DONE. [time: 0.040100812911987305 s, all close: True, speed-up vs reference: 12.94]
APPROACH 3: QMATMUL_DIRECT_NUMPY_ST...
APPROACH 3: QMATMUL_DIRECT_NUMPY_ST DONE. [time: 0.005692720413208008 s, all close: True, speed-up vs reference: 91.14]
APPROACH 4: QMATMUL_DIRECT_NUMPY_PARALLEL...
APPROACH 4: QMATMUL_DIRECT_NUMPY_PARALLEL DONE. [time: 0.002037525177001953 s, all close: True, speed-up vs reference: 254.63]
APPROACH 5: QMATMUL_DIRECT_NUMBA_CUDA...
APPROACH 5: QMATMUL_DIRECT_NUMBA_CUDA DONE. [time: 0.0023169517517089844 s, all close: True, speed-up vs reference: 223.92]
APPROACH 6: QMATMUL_ALGO_NUMPY_ST...
APPROACH 6: QMATMUL_ALGO_NUMPY_ST DONE. [time: 0.007250785827636719 s, all close: True, speed-up vs reference: 71.55]
APPROACH 7: QMATMUL_ALGO_NUMPY_PARALLEL...
APPROACH 7: QMATMUL_ALGO_NUMPY_PARALLEL DONE. [time: 0.002964496612548828 s, all close: True, speed-up vs reference: 175.01]
APPROACH 8: QMATMUL_ALGO_NUMBA_CUDA...
APPROACH 8: QMATMUL_ALGO_NUMBA_CUDA DONE. [time: 0.004658937454223633 s, all close: True, speed-up vs reference: 111.36]
================================================================================================================================================================================================================
SUMMARY:
APPROACH 1: QMATMUL_NAIVE_NUMBA_ST (REFERENCE) -> MEAN TIME: 0.5243607711791992 s, TIME STD: 0.0069755474559108094 s, STD_%: 1.3%, SPEED-UP: 1.00
APPROACH 2: QMATMUL_NAIVE_NUMBA_PARALLEL -> MEAN TIME: 0.03508423805236816 s, TIME STD: 0.004170149357638504 s, STD_%: 11.9%, SPEED-UP: 14.95
APPROACH 3: QMATMUL_DIRECT_NUMPY_ST -> MEAN TIME: 0.005614700317382812 s, TIME STD: 0.0001065050411280858 s, STD_%: 1.9%, SPEED-UP: 93.39
APPROACH 4: QMATMUL_DIRECT_NUMPY_PARALLEL -> MEAN TIME: 0.0019791436195373533 s, TIME STD: 0.0010184938501588336 s, STD_%: 51.5%, SPEED-UP: 264.94
APPROACH 5: QMATMUL_DIRECT_NUMBA_CUDA -> MEAN TIME: 0.0022738361358642578 s, TIME STD: 0.00021721421828230363 s, STD_%: 9.6%, SPEED-UP: 230.61
APPROACH 6: QMATMUL_ALGO_NUMPY_ST -> MEAN TIME: 0.00719160795211792 s, TIME STD: 8.55954927711671e-05 s, STD_%: 1.2%, SPEED-UP: 72.91
APPROACH 7: QMATMUL_ALGO_NUMPY_PARALLEL -> MEAN TIME: 0.002710545063018799 s, TIME STD: 0.0010215017043321928 s, STD_%: 37.7%, SPEED-UP: 193.45
APPROACH 8: QMATMUL_ALGO_NUMBA_CUDA -> MEAN TIME: 0.004765021800994873 s, TIME STD: 0.00031232877246266004 s, STD_%: 6.6%, SPEED-UP: 110.04
================================================================================================================================================================================================================
QUATERNIONS MAIN DONE. [hash string: 1367800386_00377_565_[100;300;200;2.0;float64;100;TTTTTTTT], time: 59.92937397956848 s]
