QUATERNIONS MAIN...
HASH STRING: 3217323971_01236_053_[100;300;200;2.0;float32;100;TTTTTTTT]
================================================================================================================================================================================================================
EXPERIMENT INFO:
{
  M: 100,
  N: 300,
  P: 200,
  SEED: 0,
  RANGE: 2.0,
  DTYPE: <class 'numpy.float32'>,
  REPETITIONS: 100,
  QMATMUL_NAIVE_NUMBA_ST: (True, 'qmatmul_naive_numba_st_float32'),
  QMATMUL_NAIVE_NUMBA_PARALLEL: (True, 'qmatmul_naive_numba_parallel_float32'),
  QMATMUL_DIRECT_NUMPY_ST: (True, 'qmatmul_direct_numpy_st'),
  QMATMUL_DIRECT_NUMPY_PARALLEL: (True, 'qmatmul_direct_numpy_parallel'),
  QMATMUL_DIRECT_NUMBA_CUDA: (True, 'qmatmul_direct_numba_cuda_float32'),
  QMATMUL_ALGO_NUMPY_ST: (True, 'qmatmul_algo_numpy_st'),
  QMATMUL_ALGO_NUMPY_PARALLEL: (True, 'qmatmul_algo_numpy_parallel'),
  QMATMUL_ALGO_NUMBA_CUDA: (True, 'qmatmul_algo_numba_cuda_float32')
}
================================================================================================================================================================================================================
CPU AND SYSTEM PROPS:
{
  cpu_name: Intel(R) Core(TM) Ultra 9 285HX,
  ram_size: 125.3 GB,
  os_name: Linux 6.17.0-1020-oem,
  os_version: #20-Ubuntu SMP PREEMPT_DYNAMIC Wed Apr 22 07:30:20 UTC 2026,
  os_machine: x86_64
}
GPU PROPS:
{
  name: NVIDIA RTX PRO 5000 Blackwell Generation Laptop GPU,
  max_threads_per_block: 1024,
  max_block_dim_x: 1024,
  max_block_dim_y: 1024,
  max_block_dim_z: 64,
  max_grid_dim_x: 2147483647,
  max_grid_dim_y: 65535,
  max_grid_dim_z: 65535,
  max_shared_memory_per_block: 49152,
  async_engine_count: 2,
  can_map_host_memory: 1,
  multiprocessor_count: 82,
  warp_size: 32,
  unified_addressing: 1,
  pci_bus_id: 2,
  pci_device_id: 0,
  compute_capability: ComputeCapability(major=12, minor=0),
  cores_per_SM: 128,
  cores_total: 10496
}
================================================================================================================================================================================================================
MEMORY INFO:
A: 0.458 MiB
B: 0.916 MiB
C: 0.31 MiB
================================================================================================================================================================================================================
WARM-UP:
WARM-UP FOR APPROACH 1: QMATMUL_NAIVE_NUMBA_ST...
WARM-UP FOR APPROACH 1: QMATMUL_NAIVE_NUMBA_ST DONE. [time: 0.06925320625305176 s]
WARM-UP FOR APPROACH 2: QMATMUL_NAIVE_NUMBA_PARALLEL...
WARM-UP FOR APPROACH 2: QMATMUL_NAIVE_NUMBA_PARALLEL DONE. [time: 0.006223440170288086 s]
WARM-UP FOR APPROACH 3: QMATMUL_DIRECT_NUMPY_ST...
WARM-UP FOR APPROACH 3: QMATMUL_DIRECT_NUMPY_ST DONE. [time: 0.005672454833984375 s]
WARM-UP FOR APPROACH 4: QMATMUL_DIRECT_NUMPY_PARALLEL...
WARM-UP FOR APPROACH 4: QMATMUL_DIRECT_NUMPY_PARALLEL DONE. [time: 0.0006818771362304688 s]
WARM-UP FOR APPROACH 5: QMATMUL_DIRECT_NUMBA_CUDA...
WARM-UP FOR APPROACH 5: QMATMUL_DIRECT_NUMBA_CUDA DONE. [time: 0.0013782978057861328 s]
WARM-UP FOR APPROACH 6: QMATMUL_ALGO_NUMPY_ST...
WARM-UP FOR APPROACH 6: QMATMUL_ALGO_NUMPY_ST DONE. [time: 0.0007650852203369141 s]
WARM-UP FOR APPROACH 7: QMATMUL_ALGO_NUMPY_PARALLEL...
WARM-UP FOR APPROACH 7: QMATMUL_ALGO_NUMPY_PARALLEL DONE. [time: 0.00031304359436035156 s]
WARM-UP FOR APPROACH 8: QMATMUL_ALGO_NUMBA_CUDA...
WARM-UP FOR APPROACH 8: QMATMUL_ALGO_NUMBA_CUDA DONE. [time: 0.0015044212341308594 s]
================================================================================================================================================================================================================
REPETITION: 1/100:
APPROACH 1: QMATMUL_NAIVE_NUMBA_ST...
APPROACH 1: QMATMUL_NAIVE_NUMBA_ST DONE. [time: 0.4298422336578369 s, all close: True, speed-up vs reference: 1.00, reference]
APPROACH 2: QMATMUL_NAIVE_NUMBA_PARALLEL...
APPROACH 2: QMATMUL_NAIVE_NUMBA_PARALLEL DONE. [time: 0.01157832145690918 s, all close: True, speed-up vs reference: 37.12]
APPROACH 3: QMATMUL_DIRECT_NUMPY_ST...
APPROACH 3: QMATMUL_DIRECT_NUMPY_ST DONE. [time: 0.002910137176513672 s, all close: True, speed-up vs reference: 147.71]
APPROACH 4: QMATMUL_DIRECT_NUMPY_PARALLEL...
APPROACH 4: QMATMUL_DIRECT_NUMPY_PARALLEL DONE. [time: 0.0020580291748046875 s, all close: True, speed-up vs reference: 208.86]
APPROACH 5: QMATMUL_DIRECT_NUMBA_CUDA...
APPROACH 5: QMATMUL_DIRECT_NUMBA_CUDA DONE. [time: 0.0012378692626953125 s, all close: True, speed-up vs reference: 347.24]
APPROACH 6: QMATMUL_ALGO_NUMPY_ST...
APPROACH 6: QMATMUL_ALGO_NUMPY_ST DONE. [time: 0.0028896331787109375 s, all close: True, speed-up vs reference: 148.75]
APPROACH 7: QMATMUL_ALGO_NUMPY_PARALLEL...
APPROACH 7: QMATMUL_ALGO_NUMPY_PARALLEL DONE. [time: 0.0008509159088134766 s, all close: True, speed-up vs reference: 505.15]
APPROACH 8: QMATMUL_ALGO_NUMBA_CUDA...
APPROACH 8: QMATMUL_ALGO_NUMBA_CUDA DONE. [time: 0.0016109943389892578 s, all close: True, speed-up vs reference: 266.82]
REPETITION: 2/100:
APPROACH 1: QMATMUL_NAIVE_NUMBA_ST...
APPROACH 1: QMATMUL_NAIVE_NUMBA_ST DONE. [time: 0.4257626533508301 s, all close: True, speed-up vs reference: 1.01]
APPROACH 2: QMATMUL_NAIVE_NUMBA_PARALLEL...
APPROACH 2: QMATMUL_NAIVE_NUMBA_PARALLEL DONE. [time: 0.009351253509521484 s, all close: True, speed-up vs reference: 45.97]
APPROACH 3: QMATMUL_DIRECT_NUMPY_ST...
APPROACH 3: QMATMUL_DIRECT_NUMPY_ST DONE. [time: 0.0021185874938964844 s, all close: True, speed-up vs reference: 202.89]
APPROACH 4: QMATMUL_DIRECT_NUMPY_PARALLEL...
APPROACH 4: QMATMUL_DIRECT_NUMPY_PARALLEL DONE. [time: 0.0010242462158203125 s, all close: True, speed-up vs reference: 419.67]
APPROACH 5: QMATMUL_DIRECT_NUMBA_CUDA...
APPROACH 5: QMATMUL_DIRECT_NUMBA_CUDA DONE. [time: 0.0011620521545410156 s, all close: True, speed-up vs reference: 369.90]
APPROACH 6: QMATMUL_ALGO_NUMPY_ST...
APPROACH 6: QMATMUL_ALGO_NUMPY_ST DONE. [time: 0.0017955303192138672 s, all close: True, speed-up vs reference: 239.40]
APPROACH 7: QMATMUL_ALGO_NUMPY_PARALLEL...
APPROACH 7: QMATMUL_ALGO_NUMPY_PARALLEL DONE. [time: 0.0008180141448974609 s, all close: True, speed-up vs reference: 525.47]
APPROACH 8: QMATMUL_ALGO_NUMBA_CUDA...
APPROACH 8: QMATMUL_ALGO_NUMBA_CUDA DONE. [time: 0.0016024112701416016 s, all close: True, speed-up vs reference: 268.25]
REPETITION: 3/100:
APPROACH 1: QMATMUL_NAIVE_NUMBA_ST...
APPROACH 1: QMATMUL_NAIVE_NUMBA_ST DONE. [time: 0.43160557746887207 s, all close: True, speed-up vs reference: 1.00]
APPROACH 2: QMATMUL_NAIVE_NUMBA_PARALLEL...
APPROACH 2: QMATMUL_NAIVE_NUMBA_PARALLEL DONE. [time: 0.009573221206665039 s, all close: True, speed-up vs reference: 44.90]
APPROACH 3: QMATMUL_DIRECT_NUMPY_ST...
APPROACH 3: QMATMUL_DIRECT_NUMPY_ST DONE. [time: 0.0020966529846191406 s, all close: True, speed-up vs reference: 205.01]
APPROACH 4: QMATMUL_DIRECT_NUMPY_PARALLEL...
APPROACH 4: QMATMUL_DIRECT_NUMPY_PARALLEL DONE. [time: 0.0010323524475097656 s, all close: True, speed-up vs reference: 416.37]
APPROACH 5: QMATMUL_DIRECT_NUMBA_CUDA...
APPROACH 5: QMATMUL_DIRECT_NUMBA_CUDA DONE. [time: 0.0010755062103271484 s, all close: True, speed-up vs reference: 399.67]
APPROACH 6: QMATMUL_ALGO_NUMPY_ST...
APPROACH 6: QMATMUL_ALGO_NUMPY_ST DONE. [time: 0.0017671585083007812 s, all close: True, speed-up vs reference: 243.24]
APPROACH 7: QMATMUL_ALGO_NUMPY_PARALLEL...
APPROACH 7: QMATMUL_ALGO_NUMPY_PARALLEL DONE. [time: 0.001085042953491211 s, all close: True, speed-up vs reference: 396.15]
APPROACH 8: QMATMUL_ALGO_NUMBA_CUDA...
APPROACH 8: QMATMUL_ALGO_NUMBA_CUDA DONE. [time: 0.001458883285522461 s, all close: True, speed-up vs reference: 294.64]
REPETITION: 4/100:
APPROACH 1: QMATMUL_NAIVE_NUMBA_ST...
APPROACH 1: QMATMUL_NAIVE_NUMBA_ST DONE. [time: 0.4347856044769287 s, all close: True, speed-up vs reference: 0.99]
APPROACH 2: QMATMUL_NAIVE_NUMBA_PARALLEL...
APPROACH 2: QMATMUL_NAIVE_NUMBA_PARALLEL DONE. [time: 0.01186823844909668 s, all close: True, speed-up vs reference: 36.22]
APPROACH 3: QMATMUL_DIRECT_NUMPY_ST...
APPROACH 3: QMATMUL_DIRECT_NUMPY_ST DONE. [time: 0.0021948814392089844 s, all close: True, speed-up vs reference: 195.84]
APPROACH 4: QMATMUL_DIRECT_NUMPY_PARALLEL...
APPROACH 4: QMATMUL_DIRECT_NUMPY_PARALLEL DONE. [time: 0.028788089752197266 s, all close: True, speed-up vs reference: 14.93]
APPROACH 5: QMATMUL_DIRECT_NUMBA_CUDA...
APPROACH 5: QMATMUL_DIRECT_NUMBA_CUDA DONE. [time: 0.0014040470123291016 s, all close: True, speed-up vs reference: 306.15]
APPROACH 6: QMATMUL_ALGO_NUMPY_ST...
APPROACH 6: QMATMUL_ALGO_NUMPY_ST DONE. [time: 0.0017728805541992188 s, all close: True, speed-up vs reference: 242.45]
APPROACH 7: QMATMUL_ALGO_NUMPY_PARALLEL...
APPROACH 7: QMATMUL_ALGO_NUMPY_PARALLEL DONE. [time: 0.0007317066192626953 s, all close: True, speed-up vs reference: 587.45]
APPROACH 8: QMATMUL_ALGO_NUMBA_CUDA...
APPROACH 8: QMATMUL_ALGO_NUMBA_CUDA DONE. [time: 0.0013306140899658203 s, all close: True, speed-up vs reference: 323.04]
REPETITION: 5/100:
APPROACH 1: QMATMUL_NAIVE_NUMBA_ST...
APPROACH 1: QMATMUL_NAIVE_NUMBA_ST DONE. [time: 0.42701292037963867 s, all close: True, speed-up vs reference: 1.01]
APPROACH 2: QMATMUL_NAIVE_NUMBA_PARALLEL...
APPROACH 2: QMATMUL_NAIVE_NUMBA_PARALLEL DONE. [time: 0.013221025466918945 s, all close: True, speed-up vs reference: 32.51]
APPROACH 3: QMATMUL_DIRECT_NUMPY_ST...
APPROACH 3: QMATMUL_DIRECT_NUMPY_ST DONE. [time: 0.002047300338745117 s, all close: True, speed-up vs reference: 209.96]
APPROACH 4: QMATMUL_DIRECT_NUMPY_PARALLEL...
APPROACH 4: QMATMUL_DIRECT_NUMPY_PARALLEL DONE. [time: 0.029384851455688477 s, all close: True, speed-up vs reference: 14.63]
APPROACH 5: QMATMUL_DIRECT_NUMBA_CUDA...
APPROACH 5: QMATMUL_DIRECT_NUMBA_CUDA DONE. [time: 0.0010766983032226562 s, all close: True, speed-up vs reference: 399.22]
APPROACH 6: QMATMUL_ALGO_NUMPY_ST...
APPROACH 6: QMATMUL_ALGO_NUMPY_ST DONE. [time: 0.001651763916015625 s, all close: True, speed-up vs reference: 260.23]
APPROACH 7: QMATMUL_ALGO_NUMPY_PARALLEL...
APPROACH 7: QMATMUL_ALGO_NUMPY_PARALLEL DONE. [time: 0.002301931381225586 s, all close: True, speed-up vs reference: 186.73]
APPROACH 8: QMATMUL_ALGO_NUMBA_CUDA...
APPROACH 8: QMATMUL_ALGO_NUMBA_CUDA DONE. [time: 0.001432180404663086 s, all close: True, speed-up vs reference: 300.13]
REPETITION: 6/100:
APPROACH 1: QMATMUL_NAIVE_NUMBA_ST...
APPROACH 1: QMATMUL_NAIVE_NUMBA_ST DONE. [time: 0.44007277488708496 s, all close: True, speed-up vs reference: 0.98]
APPROACH 2: QMATMUL_NAIVE_NUMBA_PARALLEL...
APPROACH 2: QMATMUL_NAIVE_NUMBA_PARALLEL DONE. [time: 0.012095928192138672 s, all close: True, speed-up vs reference: 35.54]
APPROACH 3: QMATMUL_DIRECT_NUMPY_ST...
APPROACH 3: QMATMUL_DIRECT_NUMPY_ST DONE. [time: 0.002363443374633789 s, all close: True, speed-up vs reference: 181.87]
APPROACH 4: QMATMUL_DIRECT_NUMPY_PARALLEL...
APPROACH 4: QMATMUL_DIRECT_NUMPY_PARALLEL DONE. [time: 0.028975486755371094 s, all close: True, speed-up vs reference: 14.83]
APPROACH 5: QMATMUL_DIRECT_NUMBA_CUDA...
APPROACH 5: QMATMUL_DIRECT_NUMBA_CUDA DONE. [time: 0.0012366771697998047 s, all close: True, speed-up vs reference: 347.58]
APPROACH 6: QMATMUL_ALGO_NUMPY_ST...
APPROACH 6: QMATMUL_ALGO_NUMPY_ST DONE. [time: 0.0017192363739013672 s, all close: True, speed-up vs reference: 250.02]
APPROACH 7: QMATMUL_ALGO_NUMPY_PARALLEL...
APPROACH 7: QMATMUL_ALGO_NUMPY_PARALLEL DONE. [time: 0.000732421875 s, all close: True, speed-up vs reference: 586.88]
APPROACH 8: QMATMUL_ALGO_NUMBA_CUDA...
APPROACH 8: QMATMUL_ALGO_NUMBA_CUDA DONE. [time: 0.0014233589172363281 s, all close: True, speed-up vs reference: 301.99]
REPETITION: 7/100:
APPROACH 1: QMATMUL_NAIVE_NUMBA_ST...
APPROACH 1: QMATMUL_NAIVE_NUMBA_ST DONE. [time: 0.4293339252471924 s, all close: True, speed-up vs reference: 1.00]
APPROACH 2: QMATMUL_NAIVE_NUMBA_PARALLEL...
APPROACH 2: QMATMUL_NAIVE_NUMBA_PARALLEL DONE. [time: 0.010945320129394531 s, all close: True, speed-up vs reference: 39.27]
APPROACH 3: QMATMUL_DIRECT_NUMPY_ST...
APPROACH 3: QMATMUL_DIRECT_NUMPY_ST DONE. [time: 0.0022513866424560547 s, all close: True, speed-up vs reference: 190.92]
APPROACH 4: QMATMUL_DIRECT_NUMPY_PARALLEL...
APPROACH 4: QMATMUL_DIRECT_NUMPY_PARALLEL DONE. [time: 0.046236276626586914 s, all close: True, speed-up vs reference: 9.30]
APPROACH 5: QMATMUL_DIRECT_NUMBA_CUDA...
APPROACH 5: QMATMUL_DIRECT_NUMBA_CUDA DONE. [time: 0.0010268688201904297 s, all close: True, speed-up vs reference: 418.60]
APPROACH 6: QMATMUL_ALGO_NUMPY_ST...
APPROACH 6: QMATMUL_ALGO_NUMPY_ST DONE. [time: 0.001722097396850586 s, all close: True, speed-up vs reference: 249.60]
APPROACH 7: QMATMUL_ALGO_NUMPY_PARALLEL...
APPROACH 7: QMATMUL_ALGO_NUMPY_PARALLEL DONE. [time: 0.003288745880126953 s, all close: True, speed-up vs reference: 130.70]
APPROACH 8: QMATMUL_ALGO_NUMBA_CUDA...
APPROACH 8: QMATMUL_ALGO_NUMBA_CUDA DONE. [time: 0.0015683174133300781 s, all close: True, speed-up vs reference: 274.08]
REPETITION: 8/100:
APPROACH 1: QMATMUL_NAIVE_NUMBA_ST...
APPROACH 1: QMATMUL_NAIVE_NUMBA_ST DONE. [time: 0.4306049346923828 s, all close: True, speed-up vs reference: 1.00]
APPROACH 2: QMATMUL_NAIVE_NUMBA_PARALLEL...
APPROACH 2: QMATMUL_NAIVE_NUMBA_PARALLEL DONE. [time: 0.010134458541870117 s, all close: True, speed-up vs reference: 42.41]
APPROACH 3: QMATMUL_DIRECT_NUMPY_ST...
APPROACH 3: QMATMUL_DIRECT_NUMPY_ST DONE. [time: 0.0020911693572998047 s, all close: True, speed-up vs reference: 205.55]
APPROACH 4: QMATMUL_DIRECT_NUMPY_PARALLEL...
APPROACH 4: QMATMUL_DIRECT_NUMPY_PARALLEL DONE. [time: 0.0045931339263916016 s, all close: True, speed-up vs reference: 93.58]
APPROACH 5: QMATMUL_DIRECT_NUMBA_CUDA...
APPROACH 5: QMATMUL_DIRECT_NUMBA_CUDA DONE. [time: 0.00089263916015625 s, all close: True, speed-up vs reference: 481.54]
APPROACH 6: QMATMUL_ALGO_NUMPY_ST...
APPROACH 6: QMATMUL_ALGO_NUMPY_ST DONE. [time: 0.0016889572143554688 s, all close: True, speed-up vs reference: 254.50]
APPROACH 7: QMATMUL_ALGO_NUMPY_PARALLEL...
APPROACH 7: QMATMUL_ALGO_NUMPY_PARALLEL DONE. [time: 0.0013365745544433594 s, all close: True, speed-up vs reference: 321.60]
APPROACH 8: QMATMUL_ALGO_NUMBA_CUDA...
APPROACH 8: QMATMUL_ALGO_NUMBA_CUDA DONE. [time: 0.0015788078308105469 s, all close: True, speed-up vs reference: 272.26]
REPETITION: 9/100:
APPROACH 1: QMATMUL_NAIVE_NUMBA_ST...
APPROACH 1: QMATMUL_NAIVE_NUMBA_ST DONE. [time: 0.42999768257141113 s, all close: True, speed-up vs reference: 1.00]
APPROACH 2: QMATMUL_NAIVE_NUMBA_PARALLEL...
APPROACH 2: QMATMUL_NAIVE_NUMBA_PARALLEL DONE. [time: 0.011320114135742188 s, all close: True, speed-up vs reference: 37.97]
APPROACH 3: QMATMUL_DIRECT_NUMPY_ST...
APPROACH 3: QMATMUL_DIRECT_NUMPY_ST DONE. [time: 0.0023877620697021484 s, all close: True, speed-up vs reference: 180.02]
APPROACH 4: QMATMUL_DIRECT_NUMPY_PARALLEL...
APPROACH 4: QMATMUL_DIRECT_NUMPY_PARALLEL DONE. [time: 0.004685401916503906 s, all close: True, speed-up vs reference: 91.74]
APPROACH 5: QMATMUL_DIRECT_NUMBA_CUDA...
APPROACH 5: QMATMUL_DIRECT_NUMBA_CUDA DONE. [time: 0.0011734962463378906 s, all close: True, speed-up vs reference: 366.29]
APPROACH 6: QMATMUL_ALGO_NUMPY_ST...
APPROACH 6: QMATMUL_ALGO_NUMPY_ST DONE. [time: 0.0018358230590820312 s, all close: True, speed-up vs reference: 234.14]
APPROACH 7: QMATMUL_ALGO_NUMPY_PARALLEL...
APPROACH 7: QMATMUL_ALGO_NUMPY_PARALLEL DONE. [time: 0.0038454532623291016 s, all close: True, speed-up vs reference: 111.78]
APPROACH 8: QMATMUL_ALGO_NUMBA_CUDA...
APPROACH 8: QMATMUL_ALGO_NUMBA_CUDA DONE. [time: 0.001756906509399414 s, all close: True, speed-up vs reference: 244.66]
REPETITION: 10/100:
APPROACH 1: QMATMUL_NAIVE_NUMBA_ST...
APPROACH 1: QMATMUL_NAIVE_NUMBA_ST DONE. [time: 0.42823123931884766 s, all close: True, speed-up vs reference: 1.00]
APPROACH 2: QMATMUL_NAIVE_NUMBA_PARALLEL...
APPROACH 2: QMATMUL_NAIVE_NUMBA_PARALLEL DONE. [time: 0.012411832809448242 s, all close: True, speed-up vs reference: 34.63]
APPROACH 3: QMATMUL_DIRECT_NUMPY_ST...
APPROACH 3: QMATMUL_DIRECT_NUMPY_ST DONE. [time: 0.0021514892578125 s, all close: True, speed-up vs reference: 199.79]
APPROACH 4: QMATMUL_DIRECT_NUMPY_PARALLEL...
APPROACH 4: QMATMUL_DIRECT_NUMPY_PARALLEL DONE. [time: 0.004318714141845703 s, all close: True, speed-up vs reference: 99.53]
APPROACH 5: QMATMUL_DIRECT_NUMBA_CUDA...
APPROACH 5: QMATMUL_DIRECT_NUMBA_CUDA DONE. [time: 0.0009927749633789062 s, all close: True, speed-up vs reference: 432.97]
APPROACH 6: QMATMUL_ALGO_NUMPY_ST...
APPROACH 6: QMATMUL_ALGO_NUMPY_ST DONE. [time: 0.0017278194427490234 s, all close: True, speed-up vs reference: 248.78]
APPROACH 7: QMATMUL_ALGO_NUMPY_PARALLEL...
APPROACH 7: QMATMUL_ALGO_NUMPY_PARALLEL DONE. [time: 0.001146554946899414 s, all close: True, speed-up vs reference: 374.90]
APPROACH 8: QMATMUL_ALGO_NUMBA_CUDA...
APPROACH 8: QMATMUL_ALGO_NUMBA_CUDA DONE. [time: 0.0028066635131835938 s, all close: True, speed-up vs reference: 153.15]
REPETITION: 11/100:
APPROACH 1: QMATMUL_NAIVE_NUMBA_ST...
APPROACH 1: QMATMUL_NAIVE_NUMBA_ST DONE. [time: 0.43480992317199707 s, all close: True, speed-up vs reference: 0.99]
APPROACH 2: QMATMUL_NAIVE_NUMBA_PARALLEL...
APPROACH 2: QMATMUL_NAIVE_NUMBA_PARALLEL DONE. [time: 0.01414799690246582 s, all close: True, speed-up vs reference: 30.38]
APPROACH 3: QMATMUL_DIRECT_NUMPY_ST...
APPROACH 3: QMATMUL_DIRECT_NUMPY_ST DONE. [time: 0.0024411678314208984 s, all close: True, speed-up vs reference: 176.08]
APPROACH 4: QMATMUL_DIRECT_NUMPY_PARALLEL...
APPROACH 4: QMATMUL_DIRECT_NUMPY_PARALLEL DONE. [time: 0.004408836364746094 s, all close: True, speed-up vs reference: 97.50]
APPROACH 5: QMATMUL_DIRECT_NUMBA_CUDA...
APPROACH 5: QMATMUL_DIRECT_NUMBA_CUDA DONE. [time: 0.0012164115905761719 s, all close: True, speed-up vs reference: 353.37]
APPROACH 6: QMATMUL_ALGO_NUMPY_ST...
APPROACH 6: QMATMUL_ALGO_NUMPY_ST DONE. [time: 0.0018286705017089844 s, all close: True, speed-up vs reference: 235.06]
APPROACH 7: QMATMUL_ALGO_NUMPY_PARALLEL...
APPROACH 7: QMATMUL_ALGO_NUMPY_PARALLEL DONE. [time: 0.021434545516967773 s, all close: True, speed-up vs reference: 20.05]
APPROACH 8: QMATMUL_ALGO_NUMBA_CUDA...
APPROACH 8: QMATMUL_ALGO_NUMBA_CUDA DONE. [time: 0.0016574859619140625 s, all close: True, speed-up vs reference: 259.33]
REPETITION: 12/100:
APPROACH 1: QMATMUL_NAIVE_NUMBA_ST...
APPROACH 1: QMATMUL_NAIVE_NUMBA_ST DONE. [time: 0.4242246150970459 s, all close: True, speed-up vs reference: 1.01]
APPROACH 2: QMATMUL_NAIVE_NUMBA_PARALLEL...
APPROACH 2: QMATMUL_NAIVE_NUMBA_PARALLEL DONE. [time: 0.010988235473632812 s, all close: True, speed-up vs reference: 39.12]
APPROACH 3: QMATMUL_DIRECT_NUMPY_ST...
APPROACH 3: QMATMUL_DIRECT_NUMPY_ST DONE. [time: 0.002002239227294922 s, all close: True, speed-up vs reference: 214.68]
APPROACH 4: QMATMUL_DIRECT_NUMPY_PARALLEL...
APPROACH 4: QMATMUL_DIRECT_NUMPY_PARALLEL DONE. [time: 0.004487752914428711 s, all close: True, speed-up vs reference: 95.78]
APPROACH 5: QMATMUL_DIRECT_NUMBA_CUDA...
APPROACH 5: QMATMUL_DIRECT_NUMBA_CUDA DONE. [time: 0.0010428428649902344 s, all close: True, speed-up vs reference: 412.18]
APPROACH 6: QMATMUL_ALGO_NUMPY_ST...
APPROACH 6: QMATMUL_ALGO_NUMPY_ST DONE. [time: 0.0017216205596923828 s, all close: True, speed-up vs reference: 249.67]
APPROACH 7: QMATMUL_ALGO_NUMPY_PARALLEL...
APPROACH 7: QMATMUL_ALGO_NUMPY_PARALLEL DONE. [time: 0.0037567615509033203 s, all close: True, speed-up vs reference: 114.42]
APPROACH 8: QMATMUL_ALGO_NUMBA_CUDA...
APPROACH 8: QMATMUL_ALGO_NUMBA_CUDA DONE. [time: 0.0015041828155517578 s, all close: True, speed-up vs reference: 285.76]
REPETITION: 13/100:
APPROACH 1: QMATMUL_NAIVE_NUMBA_ST...
APPROACH 1: QMATMUL_NAIVE_NUMBA_ST DONE. [time: 0.43308520317077637 s, all close: True, speed-up vs reference: 0.99]
APPROACH 2: QMATMUL_NAIVE_NUMBA_PARALLEL...
APPROACH 2: QMATMUL_NAIVE_NUMBA_PARALLEL DONE. [time: 0.011634588241577148 s, all close: True, speed-up vs reference: 36.95]
APPROACH 3: QMATMUL_DIRECT_NUMPY_ST...
APPROACH 3: QMATMUL_DIRECT_NUMPY_ST DONE. [time: 0.0021839141845703125 s, all close: True, speed-up vs reference: 196.82]
APPROACH 4: QMATMUL_DIRECT_NUMPY_PARALLEL...
APPROACH 4: QMATMUL_DIRECT_NUMPY_PARALLEL DONE. [time: 0.003975868225097656 s, all close: True, speed-up vs reference: 108.11]
APPROACH 5: QMATMUL_DIRECT_NUMBA_CUDA...
APPROACH 5: QMATMUL_DIRECT_NUMBA_CUDA DONE. [time: 0.001110076904296875 s, all close: True, speed-up vs reference: 387.22]
APPROACH 6: QMATMUL_ALGO_NUMPY_ST...
APPROACH 6: QMATMUL_ALGO_NUMPY_ST DONE. [time: 0.00176239013671875 s, all close: True, speed-up vs reference: 243.90]
APPROACH 7: QMATMUL_ALGO_NUMPY_PARALLEL...
APPROACH 7: QMATMUL_ALGO_NUMPY_PARALLEL DONE. [time: 0.02355647087097168 s, all close: True, speed-up vs reference: 18.25]
APPROACH 8: QMATMUL_ALGO_NUMBA_CUDA...
APPROACH 8: QMATMUL_ALGO_NUMBA_CUDA DONE. [time: 0.0014667510986328125 s, all close: True, speed-up vs reference: 293.06]
REPETITION: 14/100:
APPROACH 1: QMATMUL_NAIVE_NUMBA_ST...
APPROACH 1: QMATMUL_NAIVE_NUMBA_ST DONE. [time: 0.43199968338012695 s, all close: True, speed-up vs reference: 1.00]
APPROACH 2: QMATMUL_NAIVE_NUMBA_PARALLEL...
APPROACH 2: QMATMUL_NAIVE_NUMBA_PARALLEL DONE. [time: 0.015252351760864258 s, all close: True, speed-up vs reference: 28.18]
APPROACH 3: QMATMUL_DIRECT_NUMPY_ST...
APPROACH 3: QMATMUL_DIRECT_NUMPY_ST DONE. [time: 0.002147674560546875 s, all close: True, speed-up vs reference: 200.14]
APPROACH 4: QMATMUL_DIRECT_NUMPY_PARALLEL...
APPROACH 4: QMATMUL_DIRECT_NUMPY_PARALLEL DONE. [time: 0.02926325798034668 s, all close: True, speed-up vs reference: 14.69]
APPROACH 5: QMATMUL_DIRECT_NUMBA_CUDA...
APPROACH 5: QMATMUL_DIRECT_NUMBA_CUDA DONE. [time: 0.0014116764068603516 s, all close: True, speed-up vs reference: 304.49]
APPROACH 6: QMATMUL_ALGO_NUMPY_ST...
APPROACH 6: QMATMUL_ALGO_NUMPY_ST DONE. [time: 0.0019507408142089844 s, all close: True, speed-up vs reference: 220.35]
APPROACH 7: QMATMUL_ALGO_NUMPY_PARALLEL...
APPROACH 7: QMATMUL_ALGO_NUMPY_PARALLEL DONE. [time: 0.0009050369262695312 s, all close: True, speed-up vs reference: 474.94]
APPROACH 8: QMATMUL_ALGO_NUMBA_CUDA...
APPROACH 8: QMATMUL_ALGO_NUMBA_CUDA DONE. [time: 0.002248048782348633 s, all close: True, speed-up vs reference: 191.21]
REPETITION: 15/100:
APPROACH 1: QMATMUL_NAIVE_NUMBA_ST...
APPROACH 1: QMATMUL_NAIVE_NUMBA_ST DONE. [time: 0.43660545349121094 s, all close: True, speed-up vs reference: 0.98]
APPROACH 2: QMATMUL_NAIVE_NUMBA_PARALLEL...
APPROACH 2: QMATMUL_NAIVE_NUMBA_PARALLEL DONE. [time: 0.013683557510375977 s, all close: True, speed-up vs reference: 31.41]
APPROACH 3: QMATMUL_DIRECT_NUMPY_ST...
APPROACH 3: QMATMUL_DIRECT_NUMPY_ST DONE. [time: 0.002259969711303711 s, all close: True, speed-up vs reference: 190.20]
APPROACH 4: QMATMUL_DIRECT_NUMPY_PARALLEL...
APPROACH 4: QMATMUL_DIRECT_NUMPY_PARALLEL DONE. [time: 0.00401616096496582 s, all close: True, speed-up vs reference: 107.03]
APPROACH 5: QMATMUL_DIRECT_NUMBA_CUDA...
APPROACH 5: QMATMUL_DIRECT_NUMBA_CUDA DONE. [time: 0.0010647773742675781 s, all close: True, speed-up vs reference: 403.69]
APPROACH 6: QMATMUL_ALGO_NUMPY_ST...
APPROACH 6: QMATMUL_ALGO_NUMPY_ST DONE. [time: 0.0017876625061035156 s, all close: True, speed-up vs reference: 240.45]
APPROACH 7: QMATMUL_ALGO_NUMPY_PARALLEL...
APPROACH 7: QMATMUL_ALGO_NUMPY_PARALLEL DONE. [time: 0.0009984970092773438 s, all close: True, speed-up vs reference: 430.49]
APPROACH 8: QMATMUL_ALGO_NUMBA_CUDA...
APPROACH 8: QMATMUL_ALGO_NUMBA_CUDA DONE. [time: 0.001314401626586914 s, all close: True, speed-up vs reference: 327.03]
REPETITION: 16/100:
APPROACH 1: QMATMUL_NAIVE_NUMBA_ST...
APPROACH 1: QMATMUL_NAIVE_NUMBA_ST DONE. [time: 0.4287846088409424 s, all close: True, speed-up vs reference: 1.00]
APPROACH 2: QMATMUL_NAIVE_NUMBA_PARALLEL...
APPROACH 2: QMATMUL_NAIVE_NUMBA_PARALLEL DONE. [time: 0.013034820556640625 s, all close: True, speed-up vs reference: 32.98]
APPROACH 3: QMATMUL_DIRECT_NUMPY_ST...
APPROACH 3: QMATMUL_DIRECT_NUMPY_ST DONE. [time: 0.002228260040283203 s, all close: True, speed-up vs reference: 192.90]
APPROACH 4: QMATMUL_DIRECT_NUMPY_PARALLEL...
APPROACH 4: QMATMUL_DIRECT_NUMPY_PARALLEL DONE. [time: 0.005316972732543945 s, all close: True, speed-up vs reference: 80.84]
APPROACH 5: QMATMUL_DIRECT_NUMBA_CUDA...
APPROACH 5: QMATMUL_DIRECT_NUMBA_CUDA DONE. [time: 0.0012331008911132812 s, all close: True, speed-up vs reference: 348.59]
APPROACH 6: QMATMUL_ALGO_NUMPY_ST...
APPROACH 6: QMATMUL_ALGO_NUMPY_ST DONE. [time: 0.0017864704132080078 s, all close: True, speed-up vs reference: 240.61]
APPROACH 7: QMATMUL_ALGO_NUMPY_PARALLEL...
APPROACH 7: QMATMUL_ALGO_NUMPY_PARALLEL DONE. [time: 0.0008146762847900391 s, all close: True, speed-up vs reference: 527.62]
APPROACH 8: QMATMUL_ALGO_NUMBA_CUDA...
APPROACH 8: QMATMUL_ALGO_NUMBA_CUDA DONE. [time: 0.0013685226440429688 s, all close: True, speed-up vs reference: 314.09]
REPETITION: 17/100:
APPROACH 1: QMATMUL_NAIVE_NUMBA_ST...
APPROACH 1: QMATMUL_NAIVE_NUMBA_ST DONE. [time: 0.43241167068481445 s, all close: True, speed-up vs reference: 0.99]
APPROACH 2: QMATMUL_NAIVE_NUMBA_PARALLEL...
APPROACH 2: QMATMUL_NAIVE_NUMBA_PARALLEL DONE. [time: 0.012017488479614258 s, all close: True, speed-up vs reference: 35.77]
APPROACH 3: QMATMUL_DIRECT_NUMPY_ST...
APPROACH 3: QMATMUL_DIRECT_NUMPY_ST DONE. [time: 0.0020368099212646484 s, all close: True, speed-up vs reference: 211.04]
APPROACH 4: QMATMUL_DIRECT_NUMPY_PARALLEL...
APPROACH 4: QMATMUL_DIRECT_NUMPY_PARALLEL DONE. [time: 0.004433155059814453 s, all close: True, speed-up vs reference: 96.96]
APPROACH 5: QMATMUL_DIRECT_NUMBA_CUDA...
APPROACH 5: QMATMUL_DIRECT_NUMBA_CUDA DONE. [time: 0.001107931137084961 s, all close: True, speed-up vs reference: 387.97]
APPROACH 6: QMATMUL_ALGO_NUMPY_ST...
APPROACH 6: QMATMUL_ALGO_NUMPY_ST DONE. [time: 0.001730203628540039 s, all close: True, speed-up vs reference: 248.43]
APPROACH 7: QMATMUL_ALGO_NUMPY_PARALLEL...
APPROACH 7: QMATMUL_ALGO_NUMPY_PARALLEL DONE. [time: 0.0030515193939208984 s, all close: True, speed-up vs reference: 140.86]
APPROACH 8: QMATMUL_ALGO_NUMBA_CUDA...
APPROACH 8: QMATMUL_ALGO_NUMBA_CUDA DONE. [time: 0.0015964508056640625 s, all close: True, speed-up vs reference: 269.25]
REPETITION: 18/100:
APPROACH 1: QMATMUL_NAIVE_NUMBA_ST...
APPROACH 1: QMATMUL_NAIVE_NUMBA_ST DONE. [time: 0.4457848072052002 s, all close: True, speed-up vs reference: 0.96]
APPROACH 2: QMATMUL_NAIVE_NUMBA_PARALLEL...
APPROACH 2: QMATMUL_NAIVE_NUMBA_PARALLEL DONE. [time: 0.011940717697143555 s, all close: True, speed-up vs reference: 36.00]
APPROACH 3: QMATMUL_DIRECT_NUMPY_ST...
APPROACH 3: QMATMUL_DIRECT_NUMPY_ST DONE. [time: 0.002046823501586914 s, all close: True, speed-up vs reference: 210.00]
APPROACH 4: QMATMUL_DIRECT_NUMPY_PARALLEL...
APPROACH 4: QMATMUL_DIRECT_NUMPY_PARALLEL DONE. [time: 0.004547595977783203 s, all close: True, speed-up vs reference: 94.52]
APPROACH 5: QMATMUL_DIRECT_NUMBA_CUDA...
APPROACH 5: QMATMUL_DIRECT_NUMBA_CUDA DONE. [time: 0.0008838176727294922 s, all close: True, speed-up vs reference: 486.35]
APPROACH 6: QMATMUL_ALGO_NUMPY_ST...
APPROACH 6: QMATMUL_ALGO_NUMPY_ST DONE. [time: 0.0017578601837158203 s, all close: True, speed-up vs reference: 244.53]
APPROACH 7: QMATMUL_ALGO_NUMPY_PARALLEL...
APPROACH 7: QMATMUL_ALGO_NUMPY_PARALLEL DONE. [time: 0.0032873153686523438 s, all close: True, speed-up vs reference: 130.76]
APPROACH 8: QMATMUL_ALGO_NUMBA_CUDA...
APPROACH 8: QMATMUL_ALGO_NUMBA_CUDA DONE. [time: 0.0015902519226074219 s, all close: True, speed-up vs reference: 270.30]
REPETITION: 19/100:
APPROACH 1: QMATMUL_NAIVE_NUMBA_ST...
APPROACH 1: QMATMUL_NAIVE_NUMBA_ST DONE. [time: 0.4260122776031494 s, all close: True, speed-up vs reference: 1.01]
APPROACH 2: QMATMUL_NAIVE_NUMBA_PARALLEL...
APPROACH 2: QMATMUL_NAIVE_NUMBA_PARALLEL DONE. [time: 0.012557744979858398 s, all close: True, speed-up vs reference: 34.23]
APPROACH 3: QMATMUL_DIRECT_NUMPY_ST...
APPROACH 3: QMATMUL_DIRECT_NUMPY_ST DONE. [time: 0.0021812915802001953 s, all close: True, speed-up vs reference: 197.06]
APPROACH 4: QMATMUL_DIRECT_NUMPY_PARALLEL...
APPROACH 4: QMATMUL_DIRECT_NUMPY_PARALLEL DONE. [time: 0.004361391067504883 s, all close: True, speed-up vs reference: 98.56]
APPROACH 5: QMATMUL_DIRECT_NUMBA_CUDA...
APPROACH 5: QMATMUL_DIRECT_NUMBA_CUDA DONE. [time: 0.001070261001586914 s, all close: True, speed-up vs reference: 401.62]
APPROACH 6: QMATMUL_ALGO_NUMPY_ST...
APPROACH 6: QMATMUL_ALGO_NUMPY_ST DONE. [time: 0.0017809867858886719 s, all close: True, speed-up vs reference: 241.35]
APPROACH 7: QMATMUL_ALGO_NUMPY_PARALLEL...
APPROACH 7: QMATMUL_ALGO_NUMPY_PARALLEL DONE. [time: 0.001035451889038086 s, all close: True, speed-up vs reference: 415.13]
APPROACH 8: QMATMUL_ALGO_NUMBA_CUDA...
APPROACH 8: QMATMUL_ALGO_NUMBA_CUDA DONE. [time: 0.0015969276428222656 s, all close: True, speed-up vs reference: 269.17]
REPETITION: 20/100:
APPROACH 1: QMATMUL_NAIVE_NUMBA_ST...
APPROACH 1: QMATMUL_NAIVE_NUMBA_ST DONE. [time: 0.4330873489379883 s, all close: True, speed-up vs reference: 0.99]
APPROACH 2: QMATMUL_NAIVE_NUMBA_PARALLEL...
APPROACH 2: QMATMUL_NAIVE_NUMBA_PARALLEL DONE. [time: 0.012305498123168945 s, all close: True, speed-up vs reference: 34.93]
APPROACH 3: QMATMUL_DIRECT_NUMPY_ST...
APPROACH 3: QMATMUL_DIRECT_NUMPY_ST DONE. [time: 0.0020885467529296875 s, all close: True, speed-up vs reference: 205.81]
APPROACH 4: QMATMUL_DIRECT_NUMPY_PARALLEL...
APPROACH 4: QMATMUL_DIRECT_NUMPY_PARALLEL DONE. [time: 0.029572248458862305 s, all close: True, speed-up vs reference: 14.54]
APPROACH 5: QMATMUL_DIRECT_NUMBA_CUDA...
APPROACH 5: QMATMUL_DIRECT_NUMBA_CUDA DONE. [time: 0.0009810924530029297 s, all close: True, speed-up vs reference: 438.13]
APPROACH 6: QMATMUL_ALGO_NUMPY_ST...
APPROACH 6: QMATMUL_ALGO_NUMPY_ST DONE. [time: 0.0017566680908203125 s, all close: True, speed-up vs reference: 244.69]
APPROACH 7: QMATMUL_ALGO_NUMPY_PARALLEL...
APPROACH 7: QMATMUL_ALGO_NUMPY_PARALLEL DONE. [time: 0.000698089599609375 s, all close: True, speed-up vs reference: 615.74]
APPROACH 8: QMATMUL_ALGO_NUMBA_CUDA...
APPROACH 8: QMATMUL_ALGO_NUMBA_CUDA DONE. [time: 0.0017750263214111328 s, all close: True, speed-up vs reference: 242.16]
REPETITION: 21/100:
APPROACH 1: QMATMUL_NAIVE_NUMBA_ST...
APPROACH 1: QMATMUL_NAIVE_NUMBA_ST DONE. [time: 0.43125128746032715 s, all close: True, speed-up vs reference: 1.00]
APPROACH 2: QMATMUL_NAIVE_NUMBA_PARALLEL...
APPROACH 2: QMATMUL_NAIVE_NUMBA_PARALLEL DONE. [time: 0.011828184127807617 s, all close: True, speed-up vs reference: 36.34]
APPROACH 3: QMATMUL_DIRECT_NUMPY_ST...
APPROACH 3: QMATMUL_DIRECT_NUMPY_ST DONE. [time: 0.002017498016357422 s, all close: True, speed-up vs reference: 213.06]
APPROACH 4: QMATMUL_DIRECT_NUMPY_PARALLEL...
APPROACH 4: QMATMUL_DIRECT_NUMPY_PARALLEL DONE. [time: 0.03957557678222656 s, all close: True, speed-up vs reference: 10.86]
APPROACH 5: QMATMUL_DIRECT_NUMBA_CUDA...
APPROACH 5: QMATMUL_DIRECT_NUMBA_CUDA DONE. [time: 0.0011322498321533203 s, all close: True, speed-up vs reference: 379.64]
APPROACH 6: QMATMUL_ALGO_NUMPY_ST...
APPROACH 6: QMATMUL_ALGO_NUMPY_ST DONE. [time: 0.0018465518951416016 s, all close: True, speed-up vs reference: 232.78]
APPROACH 7: QMATMUL_ALGO_NUMPY_PARALLEL...
APPROACH 7: QMATMUL_ALGO_NUMPY_PARALLEL DONE. [time: 0.023696184158325195 s, all close: True, speed-up vs reference: 18.14]
APPROACH 8: QMATMUL_ALGO_NUMBA_CUDA...
APPROACH 8: QMATMUL_ALGO_NUMBA_CUDA DONE. [time: 0.0016553401947021484 s, all close: True, speed-up vs reference: 259.67]
REPETITION: 22/100:
APPROACH 1: QMATMUL_NAIVE_NUMBA_ST...
APPROACH 1: QMATMUL_NAIVE_NUMBA_ST DONE. [time: 0.4293243885040283 s, all close: True, speed-up vs reference: 1.00]
APPROACH 2: QMATMUL_NAIVE_NUMBA_PARALLEL...
APPROACH 2: QMATMUL_NAIVE_NUMBA_PARALLEL DONE. [time: 0.011774539947509766 s, all close: True, speed-up vs reference: 36.51]
APPROACH 3: QMATMUL_DIRECT_NUMPY_ST...
APPROACH 3: QMATMUL_DIRECT_NUMPY_ST DONE. [time: 0.00238037109375 s, all close: True, speed-up vs reference: 180.58]
APPROACH 4: QMATMUL_DIRECT_NUMPY_PARALLEL...
APPROACH 4: QMATMUL_DIRECT_NUMPY_PARALLEL DONE. [time: 0.004022121429443359 s, all close: True, speed-up vs reference: 106.87]
APPROACH 5: QMATMUL_DIRECT_NUMBA_CUDA...
APPROACH 5: QMATMUL_DIRECT_NUMBA_CUDA DONE. [time: 0.0011181831359863281 s, all close: True, speed-up vs reference: 384.41]
APPROACH 6: QMATMUL_ALGO_NUMPY_ST...
APPROACH 6: QMATMUL_ALGO_NUMPY_ST DONE. [time: 0.001783609390258789 s, all close: True, speed-up vs reference: 241.00]
APPROACH 7: QMATMUL_ALGO_NUMPY_PARALLEL...
APPROACH 7: QMATMUL_ALGO_NUMPY_PARALLEL DONE. [time: 0.0008115768432617188 s, all close: True, speed-up vs reference: 529.64]
APPROACH 8: QMATMUL_ALGO_NUMBA_CUDA...
APPROACH 8: QMATMUL_ALGO_NUMBA_CUDA DONE. [time: 0.001474618911743164 s, all close: True, speed-up vs reference: 291.49]
REPETITION: 23/100:
APPROACH 1: QMATMUL_NAIVE_NUMBA_ST...
APPROACH 1: QMATMUL_NAIVE_NUMBA_ST DONE. [time: 0.4325132369995117 s, all close: True, speed-up vs reference: 0.99]
APPROACH 2: QMATMUL_NAIVE_NUMBA_PARALLEL...
APPROACH 2: QMATMUL_NAIVE_NUMBA_PARALLEL DONE. [time: 0.011585235595703125 s, all close: True, speed-up vs reference: 37.10]
APPROACH 3: QMATMUL_DIRECT_NUMPY_ST...
APPROACH 3: QMATMUL_DIRECT_NUMPY_ST DONE. [time: 0.0020477771759033203 s, all close: True, speed-up vs reference: 209.91]
APPROACH 4: QMATMUL_DIRECT_NUMPY_PARALLEL...
APPROACH 4: QMATMUL_DIRECT_NUMPY_PARALLEL DONE. [time: 0.002182483673095703 s, all close: True, speed-up vs reference: 196.95]
APPROACH 5: QMATMUL_DIRECT_NUMBA_CUDA...
APPROACH 5: QMATMUL_DIRECT_NUMBA_CUDA DONE. [time: 0.0010035037994384766 s, all close: True, speed-up vs reference: 428.34]
APPROACH 6: QMATMUL_ALGO_NUMPY_ST...
APPROACH 6: QMATMUL_ALGO_NUMPY_ST DONE. [time: 0.0016756057739257812 s, all close: True, speed-up vs reference: 256.53]
APPROACH 7: QMATMUL_ALGO_NUMPY_PARALLEL...
APPROACH 7: QMATMUL_ALGO_NUMPY_PARALLEL DONE. [time: 0.0007967948913574219 s, all close: True, speed-up vs reference: 539.46]
APPROACH 8: QMATMUL_ALGO_NUMBA_CUDA...
APPROACH 8: QMATMUL_ALGO_NUMBA_CUDA DONE. [time: 0.0015709400177001953 s, all close: True, speed-up vs reference: 273.62]
REPETITION: 24/100:
APPROACH 1: QMATMUL_NAIVE_NUMBA_ST...
APPROACH 1: QMATMUL_NAIVE_NUMBA_ST DONE. [time: 0.43254971504211426 s, all close: True, speed-up vs reference: 0.99]
APPROACH 2: QMATMUL_NAIVE_NUMBA_PARALLEL...
APPROACH 2: QMATMUL_NAIVE_NUMBA_PARALLEL DONE. [time: 0.012468338012695312 s, all close: True, speed-up vs reference: 34.47]
APPROACH 3: QMATMUL_DIRECT_NUMPY_ST...
APPROACH 3: QMATMUL_DIRECT_NUMPY_ST DONE. [time: 0.0020589828491210938 s, all close: True, speed-up vs reference: 208.76]
APPROACH 4: QMATMUL_DIRECT_NUMPY_PARALLEL...
APPROACH 4: QMATMUL_DIRECT_NUMPY_PARALLEL DONE. [time: 0.004045963287353516 s, all close: True, speed-up vs reference: 106.24]
APPROACH 5: QMATMUL_DIRECT_NUMBA_CUDA...
APPROACH 5: QMATMUL_DIRECT_NUMBA_CUDA DONE. [time: 0.0011141300201416016 s, all close: True, speed-up vs reference: 385.81]
APPROACH 6: QMATMUL_ALGO_NUMPY_ST...
APPROACH 6: QMATMUL_ALGO_NUMPY_ST DONE. [time: 0.0017397403717041016 s, all close: True, speed-up vs reference: 247.07]
APPROACH 7: QMATMUL_ALGO_NUMPY_PARALLEL...
APPROACH 7: QMATMUL_ALGO_NUMPY_PARALLEL DONE. [time: 0.0010156631469726562 s, all close: True, speed-up vs reference: 423.21]
APPROACH 8: QMATMUL_ALGO_NUMBA_CUDA...
APPROACH 8: QMATMUL_ALGO_NUMBA_CUDA DONE. [time: 0.001430511474609375 s, all close: True, speed-up vs reference: 300.48]
REPETITION: 25/100:
APPROACH 1: QMATMUL_NAIVE_NUMBA_ST...
APPROACH 1: QMATMUL_NAIVE_NUMBA_ST DONE. [time: 0.4260432720184326 s, all close: True, speed-up vs reference: 1.01]
APPROACH 2: QMATMUL_NAIVE_NUMBA_PARALLEL...
APPROACH 2: QMATMUL_NAIVE_NUMBA_PARALLEL DONE. [time: 0.012270450592041016 s, all close: True, speed-up vs reference: 35.03]
APPROACH 3: QMATMUL_DIRECT_NUMPY_ST...
APPROACH 3: QMATMUL_DIRECT_NUMPY_ST DONE. [time: 0.0020079612731933594 s, all close: True, speed-up vs reference: 214.07]
APPROACH 4: QMATMUL_DIRECT_NUMPY_PARALLEL...
APPROACH 4: QMATMUL_DIRECT_NUMPY_PARALLEL DONE. [time: 0.004384517669677734 s, all close: True, speed-up vs reference: 98.04]
APPROACH 5: QMATMUL_DIRECT_NUMBA_CUDA...
APPROACH 5: QMATMUL_DIRECT_NUMBA_CUDA DONE. [time: 0.0010800361633300781 s, all close: True, speed-up vs reference: 397.99]
APPROACH 6: QMATMUL_ALGO_NUMPY_ST...
APPROACH 6: QMATMUL_ALGO_NUMPY_ST DONE. [time: 0.0017440319061279297 s, all close: True, speed-up vs reference: 246.46]
APPROACH 7: QMATMUL_ALGO_NUMPY_PARALLEL...
APPROACH 7: QMATMUL_ALGO_NUMPY_PARALLEL DONE. [time: 0.02155280113220215 s, all close: True, speed-up vs reference: 19.94]
APPROACH 8: QMATMUL_ALGO_NUMBA_CUDA...
APPROACH 8: QMATMUL_ALGO_NUMBA_CUDA DONE. [time: 0.0016283988952636719 s, all close: True, speed-up vs reference: 263.97]
REPETITION: 26/100:
APPROACH 1: QMATMUL_NAIVE_NUMBA_ST...
APPROACH 1: QMATMUL_NAIVE_NUMBA_ST DONE. [time: 0.42493176460266113 s, all close: True, speed-up vs reference: 1.01]
APPROACH 2: QMATMUL_NAIVE_NUMBA_PARALLEL...
APPROACH 2: QMATMUL_NAIVE_NUMBA_PARALLEL DONE. [time: 0.01021575927734375 s, all close: True, speed-up vs reference: 42.08]
APPROACH 3: QMATMUL_DIRECT_NUMPY_ST...
APPROACH 3: QMATMUL_DIRECT_NUMPY_ST DONE. [time: 0.0021800994873046875 s, all close: True, speed-up vs reference: 197.17]
APPROACH 4: QMATMUL_DIRECT_NUMPY_PARALLEL...
APPROACH 4: QMATMUL_DIRECT_NUMPY_PARALLEL DONE. [time: 0.004396677017211914 s, all close: True, speed-up vs reference: 97.77]
APPROACH 5: QMATMUL_DIRECT_NUMBA_CUDA...
APPROACH 5: QMATMUL_DIRECT_NUMBA_CUDA DONE. [time: 0.0011801719665527344 s, all close: True, speed-up vs reference: 364.22]
APPROACH 6: QMATMUL_ALGO_NUMPY_ST...
APPROACH 6: QMATMUL_ALGO_NUMPY_ST DONE. [time: 0.0018291473388671875 s, all close: True, speed-up vs reference: 235.00]
APPROACH 7: QMATMUL_ALGO_NUMPY_PARALLEL...
APPROACH 7: QMATMUL_ALGO_NUMPY_PARALLEL DONE. [time: 0.0009028911590576172 s, all close: True, speed-up vs reference: 476.07]
APPROACH 8: QMATMUL_ALGO_NUMBA_CUDA...
APPROACH 8: QMATMUL_ALGO_NUMBA_CUDA DONE. [time: 0.0015330314636230469 s, all close: True, speed-up vs reference: 280.39]
REPETITION: 27/100:
APPROACH 1: QMATMUL_NAIVE_NUMBA_ST...
APPROACH 1: QMATMUL_NAIVE_NUMBA_ST DONE. [time: 0.4323115348815918 s, all close: True, speed-up vs reference: 0.99]
APPROACH 2: QMATMUL_NAIVE_NUMBA_PARALLEL...
APPROACH 2: QMATMUL_NAIVE_NUMBA_PARALLEL DONE. [time: 0.013782739639282227 s, all close: True, speed-up vs reference: 31.19]
APPROACH 3: QMATMUL_DIRECT_NUMPY_ST...
APPROACH 3: QMATMUL_DIRECT_NUMPY_ST DONE. [time: 0.003300189971923828 s, all close: True, speed-up vs reference: 130.25]
APPROACH 4: QMATMUL_DIRECT_NUMPY_PARALLEL...
APPROACH 4: QMATMUL_DIRECT_NUMPY_PARALLEL DONE. [time: 0.004127025604248047 s, all close: True, speed-up vs reference: 104.15]
APPROACH 5: QMATMUL_DIRECT_NUMBA_CUDA...
APPROACH 5: QMATMUL_DIRECT_NUMBA_CUDA DONE. [time: 0.0013391971588134766 s, all close: True, speed-up vs reference: 320.97]
APPROACH 6: QMATMUL_ALGO_NUMPY_ST...
APPROACH 6: QMATMUL_ALGO_NUMPY_ST DONE. [time: 0.0031290054321289062 s, all close: True, speed-up vs reference: 137.37]
APPROACH 7: QMATMUL_ALGO_NUMPY_PARALLEL...
APPROACH 7: QMATMUL_ALGO_NUMPY_PARALLEL DONE. [time: 0.002935647964477539 s, all close: True, speed-up vs reference: 146.42]
APPROACH 8: QMATMUL_ALGO_NUMBA_CUDA...
APPROACH 8: QMATMUL_ALGO_NUMBA_CUDA DONE. [time: 0.0017235279083251953 s, all close: True, speed-up vs reference: 249.40]
REPETITION: 28/100:
APPROACH 1: QMATMUL_NAIVE_NUMBA_ST...
APPROACH 1: QMATMUL_NAIVE_NUMBA_ST DONE. [time: 0.4191286563873291 s, all close: True, speed-up vs reference: 1.03]
APPROACH 2: QMATMUL_NAIVE_NUMBA_PARALLEL...
APPROACH 2: QMATMUL_NAIVE_NUMBA_PARALLEL DONE. [time: 0.01327967643737793 s, all close: True, speed-up vs reference: 32.37]
APPROACH 3: QMATMUL_DIRECT_NUMPY_ST...
APPROACH 3: QMATMUL_DIRECT_NUMPY_ST DONE. [time: 0.0020036697387695312 s, all close: True, speed-up vs reference: 214.53]
APPROACH 4: QMATMUL_DIRECT_NUMPY_PARALLEL...
APPROACH 4: QMATMUL_DIRECT_NUMPY_PARALLEL DONE. [time: 0.004011631011962891 s, all close: True, speed-up vs reference: 107.15]
APPROACH 5: QMATMUL_DIRECT_NUMBA_CUDA...
APPROACH 5: QMATMUL_DIRECT_NUMBA_CUDA DONE. [time: 0.0011196136474609375 s, all close: True, speed-up vs reference: 383.92]
APPROACH 6: QMATMUL_ALGO_NUMPY_ST...
APPROACH 6: QMATMUL_ALGO_NUMPY_ST DONE. [time: 0.0017497539520263672 s, all close: True, speed-up vs reference: 245.66]
APPROACH 7: QMATMUL_ALGO_NUMPY_PARALLEL...
APPROACH 7: QMATMUL_ALGO_NUMPY_PARALLEL DONE. [time: 0.0037419795989990234 s, all close: True, speed-up vs reference: 114.87]
APPROACH 8: QMATMUL_ALGO_NUMBA_CUDA...
APPROACH 8: QMATMUL_ALGO_NUMBA_CUDA DONE. [time: 0.0015838146209716797 s, all close: True, speed-up vs reference: 271.40]
REPETITION: 29/100:
APPROACH 1: QMATMUL_NAIVE_NUMBA_ST...
APPROACH 1: QMATMUL_NAIVE_NUMBA_ST DONE. [time: 0.42441558837890625 s, all close: True, speed-up vs reference: 1.01]
APPROACH 2: QMATMUL_NAIVE_NUMBA_PARALLEL...
APPROACH 2: QMATMUL_NAIVE_NUMBA_PARALLEL DONE. [time: 0.013199090957641602 s, all close: True, speed-up vs reference: 32.57]
APPROACH 3: QMATMUL_DIRECT_NUMPY_ST...
APPROACH 3: QMATMUL_DIRECT_NUMPY_ST DONE. [time: 0.002207040786743164 s, all close: True, speed-up vs reference: 194.76]
APPROACH 4: QMATMUL_DIRECT_NUMPY_PARALLEL...
APPROACH 4: QMATMUL_DIRECT_NUMPY_PARALLEL DONE. [time: 0.0028526782989501953 s, all close: True, speed-up vs reference: 150.68]
APPROACH 5: QMATMUL_DIRECT_NUMBA_CUDA...
APPROACH 5: QMATMUL_DIRECT_NUMBA_CUDA DONE. [time: 0.0009083747863769531 s, all close: True, speed-up vs reference: 473.20]
APPROACH 6: QMATMUL_ALGO_NUMPY_ST...
APPROACH 6: QMATMUL_ALGO_NUMPY_ST DONE. [time: 0.0017330646514892578 s, all close: True, speed-up vs reference: 248.02]
APPROACH 7: QMATMUL_ALGO_NUMPY_PARALLEL...
APPROACH 7: QMATMUL_ALGO_NUMPY_PARALLEL DONE. [time: 0.0011827945709228516 s, all close: True, speed-up vs reference: 363.41]
APPROACH 8: QMATMUL_ALGO_NUMBA_CUDA...
APPROACH 8: QMATMUL_ALGO_NUMBA_CUDA DONE. [time: 0.0016369819641113281 s, all close: True, speed-up vs reference: 262.58]
REPETITION: 30/100:
APPROACH 1: QMATMUL_NAIVE_NUMBA_ST...
APPROACH 1: QMATMUL_NAIVE_NUMBA_ST DONE. [time: 0.43221259117126465 s, all close: True, speed-up vs reference: 0.99]
APPROACH 2: QMATMUL_NAIVE_NUMBA_PARALLEL...
APPROACH 2: QMATMUL_NAIVE_NUMBA_PARALLEL DONE. [time: 0.010542154312133789 s, all close: True, speed-up vs reference: 40.77]
APPROACH 3: QMATMUL_DIRECT_NUMPY_ST...
APPROACH 3: QMATMUL_DIRECT_NUMPY_ST DONE. [time: 0.002213001251220703 s, all close: True, speed-up vs reference: 194.23]
APPROACH 4: QMATMUL_DIRECT_NUMPY_PARALLEL...
APPROACH 4: QMATMUL_DIRECT_NUMPY_PARALLEL DONE. [time: 0.006386995315551758 s, all close: True, speed-up vs reference: 67.30]
APPROACH 5: QMATMUL_DIRECT_NUMBA_CUDA...
APPROACH 5: QMATMUL_DIRECT_NUMBA_CUDA DONE. [time: 0.0008924007415771484 s, all close: True, speed-up vs reference: 481.67]
APPROACH 6: QMATMUL_ALGO_NUMPY_ST...
APPROACH 6: QMATMUL_ALGO_NUMPY_ST DONE. [time: 0.0017049312591552734 s, all close: True, speed-up vs reference: 252.12]
APPROACH 7: QMATMUL_ALGO_NUMPY_PARALLEL...
APPROACH 7: QMATMUL_ALGO_NUMPY_PARALLEL DONE. [time: 0.013808250427246094 s, all close: True, speed-up vs reference: 31.13]
APPROACH 8: QMATMUL_ALGO_NUMBA_CUDA...
APPROACH 8: QMATMUL_ALGO_NUMBA_CUDA DONE. [time: 0.0017156600952148438 s, all close: True, speed-up vs reference: 250.54]
REPETITION: 31/100:
APPROACH 1: QMATMUL_NAIVE_NUMBA_ST...
APPROACH 1: QMATMUL_NAIVE_NUMBA_ST DONE. [time: 0.4334263801574707 s, all close: True, speed-up vs reference: 0.99]
APPROACH 2: QMATMUL_NAIVE_NUMBA_PARALLEL...
APPROACH 2: QMATMUL_NAIVE_NUMBA_PARALLEL DONE. [time: 0.01280665397644043 s, all close: True, speed-up vs reference: 33.56]
APPROACH 3: QMATMUL_DIRECT_NUMPY_ST...
APPROACH 3: QMATMUL_DIRECT_NUMPY_ST DONE. [time: 0.002040386199951172 s, all close: True, speed-up vs reference: 210.67]
APPROACH 4: QMATMUL_DIRECT_NUMPY_PARALLEL...
APPROACH 4: QMATMUL_DIRECT_NUMPY_PARALLEL DONE. [time: 0.007378101348876953 s, all close: True, speed-up vs reference: 58.26]
APPROACH 5: QMATMUL_DIRECT_NUMBA_CUDA...
APPROACH 5: QMATMUL_DIRECT_NUMBA_CUDA DONE. [time: 0.0009922981262207031 s, all close: True, speed-up vs reference: 433.18]
APPROACH 6: QMATMUL_ALGO_NUMPY_ST...
APPROACH 6: QMATMUL_ALGO_NUMPY_ST DONE. [time: 0.0017614364624023438 s, all close: True, speed-up vs reference: 244.03]
APPROACH 7: QMATMUL_ALGO_NUMPY_PARALLEL...
APPROACH 7: QMATMUL_ALGO_NUMPY_PARALLEL DONE. [time: 0.005749225616455078 s, all close: True, speed-up vs reference: 74.77]
APPROACH 8: QMATMUL_ALGO_NUMBA_CUDA...
APPROACH 8: QMATMUL_ALGO_NUMBA_CUDA DONE. [time: 0.0016813278198242188 s, all close: True, speed-up vs reference: 255.66]
REPETITION: 32/100:
APPROACH 1: QMATMUL_NAIVE_NUMBA_ST...
APPROACH 1: QMATMUL_NAIVE_NUMBA_ST DONE. [time: 0.42430949211120605 s, all close: True, speed-up vs reference: 1.01]
APPROACH 2: QMATMUL_NAIVE_NUMBA_PARALLEL...
APPROACH 2: QMATMUL_NAIVE_NUMBA_PARALLEL DONE. [time: 0.013664484024047852 s, all close: True, speed-up vs reference: 31.46]
APPROACH 3: QMATMUL_DIRECT_NUMPY_ST...
APPROACH 3: QMATMUL_DIRECT_NUMPY_ST DONE. [time: 0.0019621849060058594 s, all close: True, speed-up vs reference: 219.06]
APPROACH 4: QMATMUL_DIRECT_NUMPY_PARALLEL...
APPROACH 4: QMATMUL_DIRECT_NUMPY_PARALLEL DONE. [time: 0.0576479434967041 s, all close: True, speed-up vs reference: 7.46]
APPROACH 5: QMATMUL_DIRECT_NUMBA_CUDA...
APPROACH 5: QMATMUL_DIRECT_NUMBA_CUDA DONE. [time: 0.0009095668792724609 s, all close: True, speed-up vs reference: 472.58]
APPROACH 6: QMATMUL_ALGO_NUMPY_ST...
APPROACH 6: QMATMUL_ALGO_NUMPY_ST DONE. [time: 0.0016415119171142578 s, all close: True, speed-up vs reference: 261.86]
APPROACH 7: QMATMUL_ALGO_NUMPY_PARALLEL...
APPROACH 7: QMATMUL_ALGO_NUMPY_PARALLEL DONE. [time: 0.0034894943237304688 s, all close: True, speed-up vs reference: 123.18]
APPROACH 8: QMATMUL_ALGO_NUMBA_CUDA...
APPROACH 8: QMATMUL_ALGO_NUMBA_CUDA DONE. [time: 0.001680612564086914 s, all close: True, speed-up vs reference: 255.77]
REPETITION: 33/100:
APPROACH 1: QMATMUL_NAIVE_NUMBA_ST...
APPROACH 1: QMATMUL_NAIVE_NUMBA_ST DONE. [time: 0.4447190761566162 s, all close: True, speed-up vs reference: 0.97]
APPROACH 2: QMATMUL_NAIVE_NUMBA_PARALLEL...
APPROACH 2: QMATMUL_NAIVE_NUMBA_PARALLEL DONE. [time: 0.012128353118896484 s, all close: True, speed-up vs reference: 35.44]
APPROACH 3: QMATMUL_DIRECT_NUMPY_ST...
APPROACH 3: QMATMUL_DIRECT_NUMPY_ST DONE. [time: 0.002107381820678711 s, all close: True, speed-up vs reference: 203.97]
APPROACH 4: QMATMUL_DIRECT_NUMPY_PARALLEL...
APPROACH 4: QMATMUL_DIRECT_NUMPY_PARALLEL DONE. [time: 0.029343605041503906 s, all close: True, speed-up vs reference: 14.65]
APPROACH 5: QMATMUL_DIRECT_NUMBA_CUDA...
APPROACH 5: QMATMUL_DIRECT_NUMBA_CUDA DONE. [time: 0.0010449886322021484 s, all close: True, speed-up vs reference: 411.34]
APPROACH 6: QMATMUL_ALGO_NUMPY_ST...
APPROACH 6: QMATMUL_ALGO_NUMPY_ST DONE. [time: 0.0016629695892333984 s, all close: True, speed-up vs reference: 258.48]
APPROACH 7: QMATMUL_ALGO_NUMPY_PARALLEL...
APPROACH 7: QMATMUL_ALGO_NUMPY_PARALLEL DONE. [time: 0.022958993911743164 s, all close: True, speed-up vs reference: 18.72]
APPROACH 8: QMATMUL_ALGO_NUMBA_CUDA...
APPROACH 8: QMATMUL_ALGO_NUMBA_CUDA DONE. [time: 0.0016617774963378906 s, all close: True, speed-up vs reference: 258.66]
REPETITION: 34/100:
APPROACH 1: QMATMUL_NAIVE_NUMBA_ST...
APPROACH 1: QMATMUL_NAIVE_NUMBA_ST DONE. [time: 0.42444849014282227 s, all close: True, speed-up vs reference: 1.01]
APPROACH 2: QMATMUL_NAIVE_NUMBA_PARALLEL...
APPROACH 2: QMATMUL_NAIVE_NUMBA_PARALLEL DONE. [time: 0.0119781494140625 s, all close: True, speed-up vs reference: 35.89]
APPROACH 3: QMATMUL_DIRECT_NUMPY_ST...
APPROACH 3: QMATMUL_DIRECT_NUMPY_ST DONE. [time: 0.002151966094970703 s, all close: True, speed-up vs reference: 199.74]
APPROACH 4: QMATMUL_DIRECT_NUMPY_PARALLEL...
APPROACH 4: QMATMUL_DIRECT_NUMPY_PARALLEL DONE. [time: 0.023038625717163086 s, all close: True, speed-up vs reference: 18.66]
APPROACH 5: QMATMUL_DIRECT_NUMBA_CUDA...
APPROACH 5: QMATMUL_DIRECT_NUMBA_CUDA DONE. [time: 0.0010488033294677734 s, all close: True, speed-up vs reference: 409.84]
APPROACH 6: QMATMUL_ALGO_NUMPY_ST...
APPROACH 6: QMATMUL_ALGO_NUMPY_ST DONE. [time: 0.0017557144165039062 s, all close: True, speed-up vs reference: 244.82]
APPROACH 7: QMATMUL_ALGO_NUMPY_PARALLEL...
APPROACH 7: QMATMUL_ALGO_NUMPY_PARALLEL DONE. [time: 0.0007371902465820312 s, all close: True, speed-up vs reference: 583.08]
APPROACH 8: QMATMUL_ALGO_NUMBA_CUDA...
APPROACH 8: QMATMUL_ALGO_NUMBA_CUDA DONE. [time: 0.0014874935150146484 s, all close: True, speed-up vs reference: 288.97]
REPETITION: 35/100:
APPROACH 1: QMATMUL_NAIVE_NUMBA_ST...
APPROACH 1: QMATMUL_NAIVE_NUMBA_ST DONE. [time: 0.43222904205322266 s, all close: True, speed-up vs reference: 0.99]
APPROACH 2: QMATMUL_NAIVE_NUMBA_PARALLEL...
APPROACH 2: QMATMUL_NAIVE_NUMBA_PARALLEL DONE. [time: 0.011991500854492188 s, all close: True, speed-up vs reference: 35.85]
APPROACH 3: QMATMUL_DIRECT_NUMPY_ST...
APPROACH 3: QMATMUL_DIRECT_NUMPY_ST DONE. [time: 0.0021424293518066406 s, all close: True, speed-up vs reference: 200.63]
APPROACH 4: QMATMUL_DIRECT_NUMPY_PARALLEL...
APPROACH 4: QMATMUL_DIRECT_NUMPY_PARALLEL DONE. [time: 0.046430349349975586 s, all close: True, speed-up vs reference: 9.26]
APPROACH 5: QMATMUL_DIRECT_NUMBA_CUDA...
APPROACH 5: QMATMUL_DIRECT_NUMBA_CUDA DONE. [time: 0.001293182373046875 s, all close: True, speed-up vs reference: 332.39]
APPROACH 6: QMATMUL_ALGO_NUMPY_ST...
APPROACH 6: QMATMUL_ALGO_NUMPY_ST DONE. [time: 0.001895904541015625 s, all close: True, speed-up vs reference: 226.72]
APPROACH 7: QMATMUL_ALGO_NUMPY_PARALLEL...
APPROACH 7: QMATMUL_ALGO_NUMPY_PARALLEL DONE. [time: 0.0028617382049560547 s, all close: True, speed-up vs reference: 150.20]
APPROACH 8: QMATMUL_ALGO_NUMBA_CUDA...
APPROACH 8: QMATMUL_ALGO_NUMBA_CUDA DONE. [time: 0.0015985965728759766 s, all close: True, speed-up vs reference: 268.89]
REPETITION: 36/100:
APPROACH 1: QMATMUL_NAIVE_NUMBA_ST...
APPROACH 1: QMATMUL_NAIVE_NUMBA_ST DONE. [time: 0.4315791130065918 s, all close: True, speed-up vs reference: 1.00]
APPROACH 2: QMATMUL_NAIVE_NUMBA_PARALLEL...
APPROACH 2: QMATMUL_NAIVE_NUMBA_PARALLEL DONE. [time: 0.012838363647460938 s, all close: True, speed-up vs reference: 33.48]
APPROACH 3: QMATMUL_DIRECT_NUMPY_ST...
APPROACH 3: QMATMUL_DIRECT_NUMPY_ST DONE. [time: 0.002081155776977539 s, all close: True, speed-up vs reference: 206.54]
APPROACH 4: QMATMUL_DIRECT_NUMPY_PARALLEL...
APPROACH 4: QMATMUL_DIRECT_NUMPY_PARALLEL DONE. [time: 0.03965187072753906 s, all close: True, speed-up vs reference: 10.84]
APPROACH 5: QMATMUL_DIRECT_NUMBA_CUDA...
APPROACH 5: QMATMUL_DIRECT_NUMBA_CUDA DONE. [time: 0.0012755393981933594 s, all close: True, speed-up vs reference: 336.99]
APPROACH 6: QMATMUL_ALGO_NUMPY_ST...
APPROACH 6: QMATMUL_ALGO_NUMPY_ST DONE. [time: 0.0018646717071533203 s, all close: True, speed-up vs reference: 230.52]
APPROACH 7: QMATMUL_ALGO_NUMPY_PARALLEL...
APPROACH 7: QMATMUL_ALGO_NUMPY_PARALLEL DONE. [time: 0.0007665157318115234 s, all close: True, speed-up vs reference: 560.77]
APPROACH 8: QMATMUL_ALGO_NUMBA_CUDA...
APPROACH 8: QMATMUL_ALGO_NUMBA_CUDA DONE. [time: 0.0015878677368164062 s, all close: True, speed-up vs reference: 270.70]
REPETITION: 37/100:
APPROACH 1: QMATMUL_NAIVE_NUMBA_ST...
APPROACH 1: QMATMUL_NAIVE_NUMBA_ST DONE. [time: 0.4331023693084717 s, all close: True, speed-up vs reference: 0.99]
APPROACH 2: QMATMUL_NAIVE_NUMBA_PARALLEL...
APPROACH 2: QMATMUL_NAIVE_NUMBA_PARALLEL DONE. [time: 0.011810302734375 s, all close: True, speed-up vs reference: 36.40]
APPROACH 3: QMATMUL_DIRECT_NUMPY_ST...
APPROACH 3: QMATMUL_DIRECT_NUMPY_ST DONE. [time: 0.002148151397705078 s, all close: True, speed-up vs reference: 200.10]
APPROACH 4: QMATMUL_DIRECT_NUMPY_PARALLEL...
APPROACH 4: QMATMUL_DIRECT_NUMPY_PARALLEL DONE. [time: 0.0313262939453125 s, all close: True, speed-up vs reference: 13.72]
APPROACH 5: QMATMUL_DIRECT_NUMBA_CUDA...
APPROACH 5: QMATMUL_DIRECT_NUMBA_CUDA DONE. [time: 0.0009953975677490234 s, all close: True, speed-up vs reference: 431.83]
APPROACH 6: QMATMUL_ALGO_NUMPY_ST...
APPROACH 6: QMATMUL_ALGO_NUMPY_ST DONE. [time: 0.0016388893127441406 s, all close: True, speed-up vs reference: 262.28]
APPROACH 7: QMATMUL_ALGO_NUMPY_PARALLEL...
APPROACH 7: QMATMUL_ALGO_NUMPY_PARALLEL DONE. [time: 0.02644944190979004 s, all close: True, speed-up vs reference: 16.25]
APPROACH 8: QMATMUL_ALGO_NUMBA_CUDA...
APPROACH 8: QMATMUL_ALGO_NUMBA_CUDA DONE. [time: 0.0013675689697265625 s, all close: True, speed-up vs reference: 314.31]
REPETITION: 38/100:
APPROACH 1: QMATMUL_NAIVE_NUMBA_ST...
APPROACH 1: QMATMUL_NAIVE_NUMBA_ST DONE. [time: 0.4267721176147461 s, all close: True, speed-up vs reference: 1.01]
APPROACH 2: QMATMUL_NAIVE_NUMBA_PARALLEL...
APPROACH 2: QMATMUL_NAIVE_NUMBA_PARALLEL DONE. [time: 0.012146472930908203 s, all close: True, speed-up vs reference: 35.39]
APPROACH 3: QMATMUL_DIRECT_NUMPY_ST...
APPROACH 3: QMATMUL_DIRECT_NUMPY_ST DONE. [time: 0.0020720958709716797 s, all close: True, speed-up vs reference: 207.44]
APPROACH 4: QMATMUL_DIRECT_NUMPY_PARALLEL...
APPROACH 4: QMATMUL_DIRECT_NUMPY_PARALLEL DONE. [time: 0.02932262420654297 s, all close: True, speed-up vs reference: 14.66]
APPROACH 5: QMATMUL_DIRECT_NUMBA_CUDA...
APPROACH 5: QMATMUL_DIRECT_NUMBA_CUDA DONE. [time: 0.0010678768157958984 s, all close: True, speed-up vs reference: 402.52]
APPROACH 6: QMATMUL_ALGO_NUMPY_ST...
APPROACH 6: QMATMUL_ALGO_NUMPY_ST DONE. [time: 0.0016505718231201172 s, all close: True, speed-up vs reference: 260.42]
APPROACH 7: QMATMUL_ALGO_NUMPY_PARALLEL...
APPROACH 7: QMATMUL_ALGO_NUMPY_PARALLEL DONE. [time: 0.0030057430267333984 s, all close: True, speed-up vs reference: 143.01]
APPROACH 8: QMATMUL_ALGO_NUMBA_CUDA...
APPROACH 8: QMATMUL_ALGO_NUMBA_CUDA DONE. [time: 0.0014901161193847656 s, all close: True, speed-up vs reference: 288.46]
REPETITION: 39/100:
APPROACH 1: QMATMUL_NAIVE_NUMBA_ST...
APPROACH 1: QMATMUL_NAIVE_NUMBA_ST DONE. [time: 0.4355490207672119 s, all close: True, speed-up vs reference: 0.99]
APPROACH 2: QMATMUL_NAIVE_NUMBA_PARALLEL...
APPROACH 2: QMATMUL_NAIVE_NUMBA_PARALLEL DONE. [time: 0.012428045272827148 s, all close: True, speed-up vs reference: 34.59]
APPROACH 3: QMATMUL_DIRECT_NUMPY_ST...
APPROACH 3: QMATMUL_DIRECT_NUMPY_ST DONE. [time: 0.0021660327911376953 s, all close: True, speed-up vs reference: 198.45]
APPROACH 4: QMATMUL_DIRECT_NUMPY_PARALLEL...
APPROACH 4: QMATMUL_DIRECT_NUMPY_PARALLEL DONE. [time: 0.004525423049926758 s, all close: True, speed-up vs reference: 94.98]
APPROACH 5: QMATMUL_DIRECT_NUMBA_CUDA...
APPROACH 5: QMATMUL_DIRECT_NUMBA_CUDA DONE. [time: 0.0012183189392089844 s, all close: True, speed-up vs reference: 352.82]
APPROACH 6: QMATMUL_ALGO_NUMPY_ST...
APPROACH 6: QMATMUL_ALGO_NUMPY_ST DONE. [time: 0.001817464828491211 s, all close: True, speed-up vs reference: 236.51]
APPROACH 7: QMATMUL_ALGO_NUMPY_PARALLEL...
APPROACH 7: QMATMUL_ALGO_NUMPY_PARALLEL DONE. [time: 0.0028803348541259766 s, all close: True, speed-up vs reference: 149.23]
APPROACH 8: QMATMUL_ALGO_NUMBA_CUDA...
APPROACH 8: QMATMUL_ALGO_NUMBA_CUDA DONE. [time: 0.0015139579772949219 s, all close: True, speed-up vs reference: 283.92]
REPETITION: 40/100:
APPROACH 1: QMATMUL_NAIVE_NUMBA_ST...
APPROACH 1: QMATMUL_NAIVE_NUMBA_ST DONE. [time: 0.4289827346801758 s, all close: True, speed-up vs reference: 1.00]
APPROACH 2: QMATMUL_NAIVE_NUMBA_PARALLEL...
APPROACH 2: QMATMUL_NAIVE_NUMBA_PARALLEL DONE. [time: 0.012607097625732422 s, all close: True, speed-up vs reference: 34.10]
APPROACH 3: QMATMUL_DIRECT_NUMPY_ST...
APPROACH 3: QMATMUL_DIRECT_NUMPY_ST DONE. [time: 0.0020787715911865234 s, all close: True, speed-up vs reference: 206.78]
APPROACH 4: QMATMUL_DIRECT_NUMPY_PARALLEL...
APPROACH 4: QMATMUL_DIRECT_NUMPY_PARALLEL DONE. [time: 0.003754138946533203 s, all close: True, speed-up vs reference: 114.50]
APPROACH 5: QMATMUL_DIRECT_NUMBA_CUDA...
APPROACH 5: QMATMUL_DIRECT_NUMBA_CUDA DONE. [time: 0.0008897781372070312 s, all close: True, speed-up vs reference: 483.09]
APPROACH 6: QMATMUL_ALGO_NUMPY_ST...
APPROACH 6: QMATMUL_ALGO_NUMPY_ST DONE. [time: 0.0017800331115722656 s, all close: True, speed-up vs reference: 241.48]
APPROACH 7: QMATMUL_ALGO_NUMPY_PARALLEL...
APPROACH 7: QMATMUL_ALGO_NUMPY_PARALLEL DONE. [time: 0.0022034645080566406 s, all close: True, speed-up vs reference: 195.08]
APPROACH 8: QMATMUL_ALGO_NUMBA_CUDA...
APPROACH 8: QMATMUL_ALGO_NUMBA_CUDA DONE. [time: 0.0016162395477294922 s, all close: True, speed-up vs reference: 265.95]
REPETITION: 41/100:
APPROACH 1: QMATMUL_NAIVE_NUMBA_ST...
APPROACH 1: QMATMUL_NAIVE_NUMBA_ST DONE. [time: 0.4357419013977051 s, all close: True, speed-up vs reference: 0.99]
APPROACH 2: QMATMUL_NAIVE_NUMBA_PARALLEL...
APPROACH 2: QMATMUL_NAIVE_NUMBA_PARALLEL DONE. [time: 0.015048503875732422 s, all close: True, speed-up vs reference: 28.56]
APPROACH 3: QMATMUL_DIRECT_NUMPY_ST...
APPROACH 3: QMATMUL_DIRECT_NUMPY_ST DONE. [time: 0.0021047592163085938 s, all close: True, speed-up vs reference: 204.22]
APPROACH 4: QMATMUL_DIRECT_NUMPY_PARALLEL...
APPROACH 4: QMATMUL_DIRECT_NUMPY_PARALLEL DONE. [time: 0.004409074783325195 s, all close: True, speed-up vs reference: 97.49]
APPROACH 5: QMATMUL_DIRECT_NUMBA_CUDA...
APPROACH 5: QMATMUL_DIRECT_NUMBA_CUDA DONE. [time: 0.0011658668518066406 s, all close: True, speed-up vs reference: 368.69]
APPROACH 6: QMATMUL_ALGO_NUMPY_ST...
APPROACH 6: QMATMUL_ALGO_NUMPY_ST DONE. [time: 0.0018877983093261719 s, all close: True, speed-up vs reference: 227.69]
APPROACH 7: QMATMUL_ALGO_NUMPY_PARALLEL...
APPROACH 7: QMATMUL_ALGO_NUMPY_PARALLEL DONE. [time: 0.0008709430694580078 s, all close: True, speed-up vs reference: 493.54]
APPROACH 8: QMATMUL_ALGO_NUMBA_CUDA...
APPROACH 8: QMATMUL_ALGO_NUMBA_CUDA DONE. [time: 0.0018808841705322266 s, all close: True, speed-up vs reference: 228.53]
REPETITION: 42/100:
APPROACH 1: QMATMUL_NAIVE_NUMBA_ST...
APPROACH 1: QMATMUL_NAIVE_NUMBA_ST DONE. [time: 0.4252769947052002 s, all close: True, speed-up vs reference: 1.01]
APPROACH 2: QMATMUL_NAIVE_NUMBA_PARALLEL...
APPROACH 2: QMATMUL_NAIVE_NUMBA_PARALLEL DONE. [time: 0.011532068252563477 s, all close: True, speed-up vs reference: 37.27]
APPROACH 3: QMATMUL_DIRECT_NUMPY_ST...
APPROACH 3: QMATMUL_DIRECT_NUMPY_ST DONE. [time: 0.0022041797637939453 s, all close: True, speed-up vs reference: 195.01]
APPROACH 4: QMATMUL_DIRECT_NUMPY_PARALLEL...
APPROACH 4: QMATMUL_DIRECT_NUMPY_PARALLEL DONE. [time: 0.0040361881256103516 s, all close: True, speed-up vs reference: 106.50]
APPROACH 5: QMATMUL_DIRECT_NUMBA_CUDA...
APPROACH 5: QMATMUL_DIRECT_NUMBA_CUDA DONE. [time: 0.00102996826171875 s, all close: True, speed-up vs reference: 417.34]
APPROACH 6: QMATMUL_ALGO_NUMPY_ST...
APPROACH 6: QMATMUL_ALGO_NUMPY_ST DONE. [time: 0.0017681121826171875 s, all close: True, speed-up vs reference: 243.11]
APPROACH 7: QMATMUL_ALGO_NUMPY_PARALLEL...
APPROACH 7: QMATMUL_ALGO_NUMPY_PARALLEL DONE. [time: 0.001983165740966797 s, all close: True, speed-up vs reference: 216.75]
APPROACH 8: QMATMUL_ALGO_NUMBA_CUDA...
APPROACH 8: QMATMUL_ALGO_NUMBA_CUDA DONE. [time: 0.0016777515411376953 s, all close: True, speed-up vs reference: 256.20]
REPETITION: 43/100:
APPROACH 1: QMATMUL_NAIVE_NUMBA_ST...
APPROACH 1: QMATMUL_NAIVE_NUMBA_ST DONE. [time: 0.4269528388977051 s, all close: True, speed-up vs reference: 1.01]
APPROACH 2: QMATMUL_NAIVE_NUMBA_PARALLEL...
APPROACH 2: QMATMUL_NAIVE_NUMBA_PARALLEL DONE. [time: 0.01587843894958496 s, all close: True, speed-up vs reference: 27.07]
APPROACH 3: QMATMUL_DIRECT_NUMPY_ST...
APPROACH 3: QMATMUL_DIRECT_NUMPY_ST DONE. [time: 0.0020873546600341797 s, all close: True, speed-up vs reference: 205.93]
APPROACH 4: QMATMUL_DIRECT_NUMPY_PARALLEL...
APPROACH 4: QMATMUL_DIRECT_NUMPY_PARALLEL DONE. [time: 0.004377126693725586 s, all close: True, speed-up vs reference: 98.20]
APPROACH 5: QMATMUL_DIRECT_NUMBA_CUDA...
APPROACH 5: QMATMUL_DIRECT_NUMBA_CUDA DONE. [time: 0.0010428428649902344 s, all close: True, speed-up vs reference: 412.18]
APPROACH 6: QMATMUL_ALGO_NUMPY_ST...
APPROACH 6: QMATMUL_ALGO_NUMPY_ST DONE. [time: 0.0017726421356201172 s, all close: True, speed-up vs reference: 242.49]
APPROACH 7: QMATMUL_ALGO_NUMPY_PARALLEL...
APPROACH 7: QMATMUL_ALGO_NUMPY_PARALLEL DONE. [time: 0.0029642581939697266 s, all close: True, speed-up vs reference: 145.01]
APPROACH 8: QMATMUL_ALGO_NUMBA_CUDA...
APPROACH 8: QMATMUL_ALGO_NUMBA_CUDA DONE. [time: 0.0016813278198242188 s, all close: True, speed-up vs reference: 255.66]
REPETITION: 44/100:
APPROACH 1: QMATMUL_NAIVE_NUMBA_ST...
APPROACH 1: QMATMUL_NAIVE_NUMBA_ST DONE. [time: 0.4350130558013916 s, all close: True, speed-up vs reference: 0.99]
APPROACH 2: QMATMUL_NAIVE_NUMBA_PARALLEL...
APPROACH 2: QMATMUL_NAIVE_NUMBA_PARALLEL DONE. [time: 0.01235651969909668 s, all close: True, speed-up vs reference: 34.79]
APPROACH 3: QMATMUL_DIRECT_NUMPY_ST...
APPROACH 3: QMATMUL_DIRECT_NUMPY_ST DONE. [time: 0.002125978469848633 s, all close: True, speed-up vs reference: 202.19]
APPROACH 4: QMATMUL_DIRECT_NUMPY_PARALLEL...
APPROACH 4: QMATMUL_DIRECT_NUMPY_PARALLEL DONE. [time: 0.002921581268310547 s, all close: True, speed-up vs reference: 147.13]
APPROACH 5: QMATMUL_DIRECT_NUMBA_CUDA...
APPROACH 5: QMATMUL_DIRECT_NUMBA_CUDA DONE. [time: 0.0011222362518310547 s, all close: True, speed-up vs reference: 383.02]
APPROACH 6: QMATMUL_ALGO_NUMPY_ST...
APPROACH 6: QMATMUL_ALGO_NUMPY_ST DONE. [time: 0.0018048286437988281 s, all close: True, speed-up vs reference: 238.16]
APPROACH 7: QMATMUL_ALGO_NUMPY_PARALLEL...
APPROACH 7: QMATMUL_ALGO_NUMPY_PARALLEL DONE. [time: 0.0007734298706054688 s, all close: True, speed-up vs reference: 555.76]
APPROACH 8: QMATMUL_ALGO_NUMBA_CUDA...
APPROACH 8: QMATMUL_ALGO_NUMBA_CUDA DONE. [time: 0.0016522407531738281 s, all close: True, speed-up vs reference: 260.16]
REPETITION: 45/100:
APPROACH 1: QMATMUL_NAIVE_NUMBA_ST...
APPROACH 1: QMATMUL_NAIVE_NUMBA_ST DONE. [time: 0.43353748321533203 s, all close: True, speed-up vs reference: 0.99]
APPROACH 2: QMATMUL_NAIVE_NUMBA_PARALLEL...
APPROACH 2: QMATMUL_NAIVE_NUMBA_PARALLEL DONE. [time: 0.011930227279663086 s, all close: True, speed-up vs reference: 36.03]
APPROACH 3: QMATMUL_DIRECT_NUMPY_ST...
APPROACH 3: QMATMUL_DIRECT_NUMPY_ST DONE. [time: 0.0023415088653564453 s, all close: True, speed-up vs reference: 183.57]
APPROACH 4: QMATMUL_DIRECT_NUMPY_PARALLEL...
APPROACH 4: QMATMUL_DIRECT_NUMPY_PARALLEL DONE. [time: 0.004142284393310547 s, all close: True, speed-up vs reference: 103.77]
APPROACH 5: QMATMUL_DIRECT_NUMBA_CUDA...
APPROACH 5: QMATMUL_DIRECT_NUMBA_CUDA DONE. [time: 0.0011589527130126953 s, all close: True, speed-up vs reference: 370.89]
APPROACH 6: QMATMUL_ALGO_NUMPY_ST...
APPROACH 6: QMATMUL_ALGO_NUMPY_ST DONE. [time: 0.0017962455749511719 s, all close: True, speed-up vs reference: 239.30]
APPROACH 7: QMATMUL_ALGO_NUMPY_PARALLEL...
APPROACH 7: QMATMUL_ALGO_NUMPY_PARALLEL DONE. [time: 0.021521329879760742 s, all close: True, speed-up vs reference: 19.97]
APPROACH 8: QMATMUL_ALGO_NUMBA_CUDA...
APPROACH 8: QMATMUL_ALGO_NUMBA_CUDA DONE. [time: 0.001621246337890625 s, all close: True, speed-up vs reference: 265.13]
REPETITION: 46/100:
APPROACH 1: QMATMUL_NAIVE_NUMBA_ST...
APPROACH 1: QMATMUL_NAIVE_NUMBA_ST DONE. [time: 0.4385802745819092 s, all close: True, speed-up vs reference: 0.98]
APPROACH 2: QMATMUL_NAIVE_NUMBA_PARALLEL...
APPROACH 2: QMATMUL_NAIVE_NUMBA_PARALLEL DONE. [time: 0.010246753692626953 s, all close: True, speed-up vs reference: 41.95]
APPROACH 3: QMATMUL_DIRECT_NUMPY_ST...
APPROACH 3: QMATMUL_DIRECT_NUMPY_ST DONE. [time: 0.002198934555053711 s, all close: True, speed-up vs reference: 195.48]
APPROACH 4: QMATMUL_DIRECT_NUMPY_PARALLEL...
APPROACH 4: QMATMUL_DIRECT_NUMPY_PARALLEL DONE. [time: 0.027660608291625977 s, all close: True, speed-up vs reference: 15.54]
APPROACH 5: QMATMUL_DIRECT_NUMBA_CUDA...
APPROACH 5: QMATMUL_DIRECT_NUMBA_CUDA DONE. [time: 0.0010535717010498047 s, all close: True, speed-up vs reference: 407.99]
APPROACH 6: QMATMUL_ALGO_NUMPY_ST...
APPROACH 6: QMATMUL_ALGO_NUMPY_ST DONE. [time: 0.0016398429870605469 s, all close: True, speed-up vs reference: 262.12]
APPROACH 7: QMATMUL_ALGO_NUMPY_PARALLEL...
APPROACH 7: QMATMUL_ALGO_NUMPY_PARALLEL DONE. [time: 0.02395796775817871 s, all close: True, speed-up vs reference: 17.94]
APPROACH 8: QMATMUL_ALGO_NUMBA_CUDA...
APPROACH 8: QMATMUL_ALGO_NUMBA_CUDA DONE. [time: 0.001474618911743164 s, all close: True, speed-up vs reference: 291.49]
REPETITION: 47/100:
APPROACH 1: QMATMUL_NAIVE_NUMBA_ST...
APPROACH 1: QMATMUL_NAIVE_NUMBA_ST DONE. [time: 0.43724751472473145 s, all close: True, speed-up vs reference: 0.98]
APPROACH 2: QMATMUL_NAIVE_NUMBA_PARALLEL...
APPROACH 2: QMATMUL_NAIVE_NUMBA_PARALLEL DONE. [time: 0.014005899429321289 s, all close: True, speed-up vs reference: 30.69]
APPROACH 3: QMATMUL_DIRECT_NUMPY_ST...
APPROACH 3: QMATMUL_DIRECT_NUMPY_ST DONE. [time: 0.002161264419555664 s, all close: True, speed-up vs reference: 198.88]
APPROACH 4: QMATMUL_DIRECT_NUMPY_PARALLEL...
APPROACH 4: QMATMUL_DIRECT_NUMPY_PARALLEL DONE. [time: 0.004354238510131836 s, all close: True, speed-up vs reference: 98.72]
APPROACH 5: QMATMUL_DIRECT_NUMBA_CUDA...
APPROACH 5: QMATMUL_DIRECT_NUMBA_CUDA DONE. [time: 0.0011467933654785156 s, all close: True, speed-up vs reference: 374.82]
APPROACH 6: QMATMUL_ALGO_NUMPY_ST...
APPROACH 6: QMATMUL_ALGO_NUMPY_ST DONE. [time: 0.0017731189727783203 s, all close: True, speed-up vs reference: 242.42]
APPROACH 7: QMATMUL_ALGO_NUMPY_PARALLEL...
APPROACH 7: QMATMUL_ALGO_NUMPY_PARALLEL DONE. [time: 0.004003286361694336 s, all close: True, speed-up vs reference: 107.37]
APPROACH 8: QMATMUL_ALGO_NUMBA_CUDA...
APPROACH 8: QMATMUL_ALGO_NUMBA_CUDA DONE. [time: 0.0016574859619140625 s, all close: True, speed-up vs reference: 259.33]
REPETITION: 48/100:
APPROACH 1: QMATMUL_NAIVE_NUMBA_ST...
APPROACH 1: QMATMUL_NAIVE_NUMBA_ST DONE. [time: 0.4299345016479492 s, all close: True, speed-up vs reference: 1.00]
APPROACH 2: QMATMUL_NAIVE_NUMBA_PARALLEL...
APPROACH 2: QMATMUL_NAIVE_NUMBA_PARALLEL DONE. [time: 0.013578653335571289 s, all close: True, speed-up vs reference: 31.66]
APPROACH 3: QMATMUL_DIRECT_NUMPY_ST...
APPROACH 3: QMATMUL_DIRECT_NUMPY_ST DONE. [time: 0.0021851062774658203 s, all close: True, speed-up vs reference: 196.71]
APPROACH 4: QMATMUL_DIRECT_NUMPY_PARALLEL...
APPROACH 4: QMATMUL_DIRECT_NUMPY_PARALLEL DONE. [time: 0.0044481754302978516 s, all close: True, speed-up vs reference: 96.63]
APPROACH 5: QMATMUL_DIRECT_NUMBA_CUDA...
APPROACH 5: QMATMUL_DIRECT_NUMBA_CUDA DONE. [time: 0.0011796951293945312 s, all close: True, speed-up vs reference: 364.37]
APPROACH 6: QMATMUL_ALGO_NUMPY_ST...
APPROACH 6: QMATMUL_ALGO_NUMPY_ST DONE. [time: 0.0017213821411132812 s, all close: True, speed-up vs reference: 249.71]
APPROACH 7: QMATMUL_ALGO_NUMPY_PARALLEL...
APPROACH 7: QMATMUL_ALGO_NUMPY_PARALLEL DONE. [time: 0.0030105113983154297 s, all close: True, speed-up vs reference: 142.78]
APPROACH 8: QMATMUL_ALGO_NUMBA_CUDA...
APPROACH 8: QMATMUL_ALGO_NUMBA_CUDA DONE. [time: 0.0013058185577392578 s, all close: True, speed-up vs reference: 329.17]
REPETITION: 49/100:
APPROACH 1: QMATMUL_NAIVE_NUMBA_ST...
APPROACH 1: QMATMUL_NAIVE_NUMBA_ST DONE. [time: 0.4329869747161865 s, all close: True, speed-up vs reference: 0.99]
APPROACH 2: QMATMUL_NAIVE_NUMBA_PARALLEL...
APPROACH 2: QMATMUL_NAIVE_NUMBA_PARALLEL DONE. [time: 0.013430356979370117 s, all close: True, speed-up vs reference: 32.01]
APPROACH 3: QMATMUL_DIRECT_NUMPY_ST...
APPROACH 3: QMATMUL_DIRECT_NUMPY_ST DONE. [time: 0.002032041549682617 s, all close: True, speed-up vs reference: 211.53]
APPROACH 4: QMATMUL_DIRECT_NUMPY_PARALLEL...
APPROACH 4: QMATMUL_DIRECT_NUMPY_PARALLEL DONE. [time: 0.004097461700439453 s, all close: True, speed-up vs reference: 104.90]
APPROACH 5: QMATMUL_DIRECT_NUMBA_CUDA...
APPROACH 5: QMATMUL_DIRECT_NUMBA_CUDA DONE. [time: 0.001062631607055664 s, all close: True, speed-up vs reference: 404.51]
APPROACH 6: QMATMUL_ALGO_NUMPY_ST...
APPROACH 6: QMATMUL_ALGO_NUMPY_ST DONE. [time: 0.0017213821411132812 s, all close: True, speed-up vs reference: 249.71]
APPROACH 7: QMATMUL_ALGO_NUMPY_PARALLEL...
APPROACH 7: QMATMUL_ALGO_NUMPY_PARALLEL DONE. [time: 0.0012102127075195312 s, all close: True, speed-up vs reference: 355.18]
APPROACH 8: QMATMUL_ALGO_NUMBA_CUDA...
APPROACH 8: QMATMUL_ALGO_NUMBA_CUDA DONE. [time: 0.0013971328735351562 s, all close: True, speed-up vs reference: 307.66]
REPETITION: 50/100:
APPROACH 1: QMATMUL_NAIVE_NUMBA_ST...
APPROACH 1: QMATMUL_NAIVE_NUMBA_ST DONE. [time: 0.4262220859527588 s, all close: True, speed-up vs reference: 1.01]
APPROACH 2: QMATMUL_NAIVE_NUMBA_PARALLEL...
APPROACH 2: QMATMUL_NAIVE_NUMBA_PARALLEL DONE. [time: 0.011906623840332031 s, all close: True, speed-up vs reference: 36.10]
APPROACH 3: QMATMUL_DIRECT_NUMPY_ST...
APPROACH 3: QMATMUL_DIRECT_NUMPY_ST DONE. [time: 0.002249479293823242 s, all close: True, speed-up vs reference: 191.09]
APPROACH 4: QMATMUL_DIRECT_NUMPY_PARALLEL...
APPROACH 4: QMATMUL_DIRECT_NUMPY_PARALLEL DONE. [time: 0.0022025108337402344 s, all close: True, speed-up vs reference: 195.16]
APPROACH 5: QMATMUL_DIRECT_NUMBA_CUDA...
APPROACH 5: QMATMUL_DIRECT_NUMBA_CUDA DONE. [time: 0.00116729736328125 s, all close: True, speed-up vs reference: 368.24]
APPROACH 6: QMATMUL_ALGO_NUMPY_ST...
APPROACH 6: QMATMUL_ALGO_NUMPY_ST DONE. [time: 0.0018117427825927734 s, all close: True, speed-up vs reference: 237.25]
APPROACH 7: QMATMUL_ALGO_NUMPY_PARALLEL...
APPROACH 7: QMATMUL_ALGO_NUMPY_PARALLEL DONE. [time: 0.0008146762847900391 s, all close: True, speed-up vs reference: 527.62]
APPROACH 8: QMATMUL_ALGO_NUMBA_CUDA...
APPROACH 8: QMATMUL_ALGO_NUMBA_CUDA DONE. [time: 0.0017626285552978516 s, all close: True, speed-up vs reference: 243.86]
REPETITION: 51/100:
APPROACH 1: QMATMUL_NAIVE_NUMBA_ST...
APPROACH 1: QMATMUL_NAIVE_NUMBA_ST DONE. [time: 0.439054012298584 s, all close: True, speed-up vs reference: 0.98]
APPROACH 2: QMATMUL_NAIVE_NUMBA_PARALLEL...
APPROACH 2: QMATMUL_NAIVE_NUMBA_PARALLEL DONE. [time: 0.012853145599365234 s, all close: True, speed-up vs reference: 33.44]
APPROACH 3: QMATMUL_DIRECT_NUMPY_ST...
APPROACH 3: QMATMUL_DIRECT_NUMPY_ST DONE. [time: 0.002221822738647461 s, all close: True, speed-up vs reference: 193.46]
APPROACH 4: QMATMUL_DIRECT_NUMPY_PARALLEL...
APPROACH 4: QMATMUL_DIRECT_NUMPY_PARALLEL DONE. [time: 0.028841018676757812 s, all close: True, speed-up vs reference: 14.90]
APPROACH 5: QMATMUL_DIRECT_NUMBA_CUDA...
APPROACH 5: QMATMUL_DIRECT_NUMBA_CUDA DONE. [time: 0.00084686279296875 s, all close: True, speed-up vs reference: 507.57]
APPROACH 6: QMATMUL_ALGO_NUMPY_ST...
APPROACH 6: QMATMUL_ALGO_NUMPY_ST DONE. [time: 0.0016832351684570312 s, all close: True, speed-up vs reference: 255.37]
APPROACH 7: QMATMUL_ALGO_NUMPY_PARALLEL...
APPROACH 7: QMATMUL_ALGO_NUMPY_PARALLEL DONE. [time: 0.0007350444793701172 s, all close: True, speed-up vs reference: 584.78]
APPROACH 8: QMATMUL_ALGO_NUMBA_CUDA...
APPROACH 8: QMATMUL_ALGO_NUMBA_CUDA DONE. [time: 0.001497030258178711 s, all close: True, speed-up vs reference: 287.13]
REPETITION: 52/100:
APPROACH 1: QMATMUL_NAIVE_NUMBA_ST...
APPROACH 1: QMATMUL_NAIVE_NUMBA_ST DONE. [time: 0.43289875984191895 s, all close: True, speed-up vs reference: 0.99]
APPROACH 2: QMATMUL_NAIVE_NUMBA_PARALLEL...
APPROACH 2: QMATMUL_NAIVE_NUMBA_PARALLEL DONE. [time: 0.011381149291992188 s, all close: True, speed-up vs reference: 37.77]
APPROACH 3: QMATMUL_DIRECT_NUMPY_ST...
APPROACH 3: QMATMUL_DIRECT_NUMPY_ST DONE. [time: 0.002354860305786133 s, all close: True, speed-up vs reference: 182.53]
APPROACH 4: QMATMUL_DIRECT_NUMPY_PARALLEL...
APPROACH 4: QMATMUL_DIRECT_NUMPY_PARALLEL DONE. [time: 0.04345583915710449 s, all close: True, speed-up vs reference: 9.89]
APPROACH 5: QMATMUL_DIRECT_NUMBA_CUDA...
APPROACH 5: QMATMUL_DIRECT_NUMBA_CUDA DONE. [time: 0.0011446475982666016 s, all close: True, speed-up vs reference: 375.52]
APPROACH 6: QMATMUL_ALGO_NUMPY_ST...
APPROACH 6: QMATMUL_ALGO_NUMPY_ST DONE. [time: 0.001794576644897461 s, all close: True, speed-up vs reference: 239.52]
APPROACH 7: QMATMUL_ALGO_NUMPY_PARALLEL...
APPROACH 7: QMATMUL_ALGO_NUMPY_PARALLEL DONE. [time: 0.05072665214538574 s, all close: True, speed-up vs reference: 8.47]
APPROACH 8: QMATMUL_ALGO_NUMBA_CUDA...
APPROACH 8: QMATMUL_ALGO_NUMBA_CUDA DONE. [time: 0.0016353130340576172 s, all close: True, speed-up vs reference: 262.85]
REPETITION: 53/100:
APPROACH 1: QMATMUL_NAIVE_NUMBA_ST...
APPROACH 1: QMATMUL_NAIVE_NUMBA_ST DONE. [time: 0.43317365646362305 s, all close: True, speed-up vs reference: 0.99]
APPROACH 2: QMATMUL_NAIVE_NUMBA_PARALLEL...
APPROACH 2: QMATMUL_NAIVE_NUMBA_PARALLEL DONE. [time: 0.01226806640625 s, all close: True, speed-up vs reference: 35.04]
APPROACH 3: QMATMUL_DIRECT_NUMPY_ST...
APPROACH 3: QMATMUL_DIRECT_NUMPY_ST DONE. [time: 0.0023887157440185547 s, all close: True, speed-up vs reference: 179.95]
APPROACH 4: QMATMUL_DIRECT_NUMPY_PARALLEL...
APPROACH 4: QMATMUL_DIRECT_NUMPY_PARALLEL DONE. [time: 0.005291461944580078 s, all close: True, speed-up vs reference: 81.23]
APPROACH 5: QMATMUL_DIRECT_NUMBA_CUDA...
APPROACH 5: QMATMUL_DIRECT_NUMBA_CUDA DONE. [time: 0.0010802745819091797 s, all close: True, speed-up vs reference: 397.90]
APPROACH 6: QMATMUL_ALGO_NUMPY_ST...
APPROACH 6: QMATMUL_ALGO_NUMPY_ST DONE. [time: 0.001753091812133789 s, all close: True, speed-up vs reference: 245.19]
APPROACH 7: QMATMUL_ALGO_NUMPY_PARALLEL...
APPROACH 7: QMATMUL_ALGO_NUMPY_PARALLEL DONE. [time: 0.0472259521484375 s, all close: True, speed-up vs reference: 9.10]
APPROACH 8: QMATMUL_ALGO_NUMBA_CUDA...
APPROACH 8: QMATMUL_ALGO_NUMBA_CUDA DONE. [time: 0.001760721206665039 s, all close: True, speed-up vs reference: 244.13]
REPETITION: 54/100:
APPROACH 1: QMATMUL_NAIVE_NUMBA_ST...
APPROACH 1: QMATMUL_NAIVE_NUMBA_ST DONE. [time: 0.4306600093841553 s, all close: True, speed-up vs reference: 1.00]
APPROACH 2: QMATMUL_NAIVE_NUMBA_PARALLEL...
APPROACH 2: QMATMUL_NAIVE_NUMBA_PARALLEL DONE. [time: 0.013371944427490234 s, all close: True, speed-up vs reference: 32.15]
APPROACH 3: QMATMUL_DIRECT_NUMPY_ST...
APPROACH 3: QMATMUL_DIRECT_NUMPY_ST DONE. [time: 0.0021185874938964844 s, all close: True, speed-up vs reference: 202.89]
APPROACH 4: QMATMUL_DIRECT_NUMPY_PARALLEL...
APPROACH 4: QMATMUL_DIRECT_NUMPY_PARALLEL DONE. [time: 0.0009696483612060547 s, all close: True, speed-up vs reference: 443.30]
APPROACH 5: QMATMUL_DIRECT_NUMBA_CUDA...
APPROACH 5: QMATMUL_DIRECT_NUMBA_CUDA DONE. [time: 0.0009167194366455078 s, all close: True, speed-up vs reference: 468.89]
APPROACH 6: QMATMUL_ALGO_NUMPY_ST...
APPROACH 6: QMATMUL_ALGO_NUMPY_ST DONE. [time: 0.0017342567443847656 s, all close: True, speed-up vs reference: 247.85]
APPROACH 7: QMATMUL_ALGO_NUMPY_PARALLEL...
APPROACH 7: QMATMUL_ALGO_NUMPY_PARALLEL DONE. [time: 0.0008730888366699219 s, all close: True, speed-up vs reference: 492.32]
APPROACH 8: QMATMUL_ALGO_NUMBA_CUDA...
APPROACH 8: QMATMUL_ALGO_NUMBA_CUDA DONE. [time: 0.0016009807586669922 s, all close: True, speed-up vs reference: 268.49]
REPETITION: 55/100:
APPROACH 1: QMATMUL_NAIVE_NUMBA_ST...
APPROACH 1: QMATMUL_NAIVE_NUMBA_ST DONE. [time: 0.43390655517578125 s, all close: True, speed-up vs reference: 0.99]
APPROACH 2: QMATMUL_NAIVE_NUMBA_PARALLEL...
APPROACH 2: QMATMUL_NAIVE_NUMBA_PARALLEL DONE. [time: 0.013383150100708008 s, all close: True, speed-up vs reference: 32.12]
APPROACH 3: QMATMUL_DIRECT_NUMPY_ST...
APPROACH 3: QMATMUL_DIRECT_NUMPY_ST DONE. [time: 0.0024802684783935547 s, all close: True, speed-up vs reference: 173.30]
APPROACH 4: QMATMUL_DIRECT_NUMPY_PARALLEL...
APPROACH 4: QMATMUL_DIRECT_NUMPY_PARALLEL DONE. [time: 0.029129743576049805 s, all close: True, speed-up vs reference: 14.76]
APPROACH 5: QMATMUL_DIRECT_NUMBA_CUDA...
APPROACH 5: QMATMUL_DIRECT_NUMBA_CUDA DONE. [time: 0.0021288394927978516 s, all close: True, speed-up vs reference: 201.91]
APPROACH 6: QMATMUL_ALGO_NUMPY_ST...
APPROACH 6: QMATMUL_ALGO_NUMPY_ST DONE. [time: 0.0020055770874023438 s, all close: True, speed-up vs reference: 214.32]
APPROACH 7: QMATMUL_ALGO_NUMPY_PARALLEL...
APPROACH 7: QMATMUL_ALGO_NUMPY_PARALLEL DONE. [time: 0.0038492679595947266 s, all close: True, speed-up vs reference: 111.67]
APPROACH 8: QMATMUL_ALGO_NUMBA_CUDA...
APPROACH 8: QMATMUL_ALGO_NUMBA_CUDA DONE. [time: 0.0015664100646972656 s, all close: True, speed-up vs reference: 274.41]
REPETITION: 56/100:
APPROACH 1: QMATMUL_NAIVE_NUMBA_ST...
APPROACH 1: QMATMUL_NAIVE_NUMBA_ST DONE. [time: 0.43417787551879883 s, all close: True, speed-up vs reference: 0.99]
APPROACH 2: QMATMUL_NAIVE_NUMBA_PARALLEL...
APPROACH 2: QMATMUL_NAIVE_NUMBA_PARALLEL DONE. [time: 0.018506765365600586 s, all close: True, speed-up vs reference: 23.23]
APPROACH 3: QMATMUL_DIRECT_NUMPY_ST...
APPROACH 3: QMATMUL_DIRECT_NUMPY_ST DONE. [time: 0.002081155776977539 s, all close: True, speed-up vs reference: 206.54]
APPROACH 4: QMATMUL_DIRECT_NUMPY_PARALLEL...
APPROACH 4: QMATMUL_DIRECT_NUMPY_PARALLEL DONE. [time: 0.02947711944580078 s, all close: True, speed-up vs reference: 14.58]
APPROACH 5: QMATMUL_DIRECT_NUMBA_CUDA...
APPROACH 5: QMATMUL_DIRECT_NUMBA_CUDA DONE. [time: 0.0012853145599365234 s, all close: True, speed-up vs reference: 334.43]
APPROACH 6: QMATMUL_ALGO_NUMPY_ST...
APPROACH 6: QMATMUL_ALGO_NUMPY_ST DONE. [time: 0.002366781234741211 s, all close: True, speed-up vs reference: 181.61]
APPROACH 7: QMATMUL_ALGO_NUMPY_PARALLEL...
APPROACH 7: QMATMUL_ALGO_NUMPY_PARALLEL DONE. [time: 0.0008072853088378906 s, all close: True, speed-up vs reference: 532.45]
APPROACH 8: QMATMUL_ALGO_NUMBA_CUDA...
APPROACH 8: QMATMUL_ALGO_NUMBA_CUDA DONE. [time: 0.0018568038940429688 s, all close: True, speed-up vs reference: 231.50]
REPETITION: 57/100:
APPROACH 1: QMATMUL_NAIVE_NUMBA_ST...
APPROACH 1: QMATMUL_NAIVE_NUMBA_ST DONE. [time: 0.42760252952575684 s, all close: True, speed-up vs reference: 1.01]
APPROACH 2: QMATMUL_NAIVE_NUMBA_PARALLEL...
APPROACH 2: QMATMUL_NAIVE_NUMBA_PARALLEL DONE. [time: 0.012946844100952148 s, all close: True, speed-up vs reference: 33.20]
APPROACH 3: QMATMUL_DIRECT_NUMPY_ST...
APPROACH 3: QMATMUL_DIRECT_NUMPY_ST DONE. [time: 0.002441883087158203 s, all close: True, speed-up vs reference: 176.03]
APPROACH 4: QMATMUL_DIRECT_NUMPY_PARALLEL...
APPROACH 4: QMATMUL_DIRECT_NUMPY_PARALLEL DONE. [time: 0.02934861183166504 s, all close: True, speed-up vs reference: 14.65]
APPROACH 5: QMATMUL_DIRECT_NUMBA_CUDA...
APPROACH 5: QMATMUL_DIRECT_NUMBA_CUDA DONE. [time: 0.0011715888977050781 s, all close: True, speed-up vs reference: 366.89]
APPROACH 6: QMATMUL_ALGO_NUMPY_ST...
APPROACH 6: QMATMUL_ALGO_NUMPY_ST DONE. [time: 0.0017406940460205078 s, all close: True, speed-up vs reference: 246.94]
APPROACH 7: QMATMUL_ALGO_NUMPY_PARALLEL...
APPROACH 7: QMATMUL_ALGO_NUMPY_PARALLEL DONE. [time: 0.0007369518280029297 s, all close: True, speed-up vs reference: 583.27]
APPROACH 8: QMATMUL_ALGO_NUMBA_CUDA...
APPROACH 8: QMATMUL_ALGO_NUMBA_CUDA DONE. [time: 0.0014007091522216797 s, all close: True, speed-up vs reference: 306.87]
REPETITION: 58/100:
APPROACH 1: QMATMUL_NAIVE_NUMBA_ST...
APPROACH 1: QMATMUL_NAIVE_NUMBA_ST DONE. [time: 0.43038487434387207 s, all close: True, speed-up vs reference: 1.00]
APPROACH 2: QMATMUL_NAIVE_NUMBA_PARALLEL...
APPROACH 2: QMATMUL_NAIVE_NUMBA_PARALLEL DONE. [time: 0.015103816986083984 s, all close: True, speed-up vs reference: 28.46]
APPROACH 3: QMATMUL_DIRECT_NUMPY_ST...
APPROACH 3: QMATMUL_DIRECT_NUMPY_ST DONE. [time: 0.002042531967163086 s, all close: True, speed-up vs reference: 210.45]
APPROACH 4: QMATMUL_DIRECT_NUMPY_PARALLEL...
APPROACH 4: QMATMUL_DIRECT_NUMPY_PARALLEL DONE. [time: 0.0009772777557373047 s, all close: True, speed-up vs reference: 439.84]
APPROACH 5: QMATMUL_DIRECT_NUMBA_CUDA...
APPROACH 5: QMATMUL_DIRECT_NUMBA_CUDA DONE. [time: 0.0010311603546142578 s, all close: True, speed-up vs reference: 416.85]
APPROACH 6: QMATMUL_ALGO_NUMPY_ST...
APPROACH 6: QMATMUL_ALGO_NUMPY_ST DONE. [time: 0.0017428398132324219 s, all close: True, speed-up vs reference: 246.63]
APPROACH 7: QMATMUL_ALGO_NUMPY_PARALLEL...
APPROACH 7: QMATMUL_ALGO_NUMPY_PARALLEL DONE. [time: 0.0007741451263427734 s, all close: True, speed-up vs reference: 555.25]
APPROACH 8: QMATMUL_ALGO_NUMBA_CUDA...
APPROACH 8: QMATMUL_ALGO_NUMBA_CUDA DONE. [time: 0.0014750957489013672 s, all close: True, speed-up vs reference: 291.40]
REPETITION: 59/100:
APPROACH 1: QMATMUL_NAIVE_NUMBA_ST...
APPROACH 1: QMATMUL_NAIVE_NUMBA_ST DONE. [time: 0.44135475158691406 s, all close: True, speed-up vs reference: 0.97]
APPROACH 2: QMATMUL_NAIVE_NUMBA_PARALLEL...
APPROACH 2: QMATMUL_NAIVE_NUMBA_PARALLEL DONE. [time: 0.011739015579223633 s, all close: True, speed-up vs reference: 36.62]
APPROACH 3: QMATMUL_DIRECT_NUMPY_ST...
APPROACH 3: QMATMUL_DIRECT_NUMPY_ST DONE. [time: 0.0021376609802246094 s, all close: True, speed-up vs reference: 201.08]
APPROACH 4: QMATMUL_DIRECT_NUMPY_PARALLEL...
APPROACH 4: QMATMUL_DIRECT_NUMPY_PARALLEL DONE. [time: 0.004065752029418945 s, all close: True, speed-up vs reference: 105.72]
APPROACH 5: QMATMUL_DIRECT_NUMBA_CUDA...
APPROACH 5: QMATMUL_DIRECT_NUMBA_CUDA DONE. [time: 0.0010516643524169922 s, all close: True, speed-up vs reference: 408.73]
APPROACH 6: QMATMUL_ALGO_NUMPY_ST...
APPROACH 6: QMATMUL_ALGO_NUMPY_ST DONE. [time: 0.0017459392547607422 s, all close: True, speed-up vs reference: 246.20]
APPROACH 7: QMATMUL_ALGO_NUMPY_PARALLEL...
APPROACH 7: QMATMUL_ALGO_NUMPY_PARALLEL DONE. [time: 0.04863739013671875 s, all close: True, speed-up vs reference: 8.84]
APPROACH 8: QMATMUL_ALGO_NUMBA_CUDA...
APPROACH 8: QMATMUL_ALGO_NUMBA_CUDA DONE. [time: 0.0014243125915527344 s, all close: True, speed-up vs reference: 301.79]
REPETITION: 60/100:
APPROACH 1: QMATMUL_NAIVE_NUMBA_ST...
APPROACH 1: QMATMUL_NAIVE_NUMBA_ST DONE. [time: 0.43477630615234375 s, all close: True, speed-up vs reference: 0.99]
APPROACH 2: QMATMUL_NAIVE_NUMBA_PARALLEL...
APPROACH 2: QMATMUL_NAIVE_NUMBA_PARALLEL DONE. [time: 0.011911392211914062 s, all close: True, speed-up vs reference: 36.09]
APPROACH 3: QMATMUL_DIRECT_NUMPY_ST...
APPROACH 3: QMATMUL_DIRECT_NUMPY_ST DONE. [time: 0.002187490463256836 s, all close: True, speed-up vs reference: 196.50]
APPROACH 4: QMATMUL_DIRECT_NUMPY_PARALLEL...
APPROACH 4: QMATMUL_DIRECT_NUMPY_PARALLEL DONE. [time: 0.0010139942169189453 s, all close: True, speed-up vs reference: 423.91]
APPROACH 5: QMATMUL_DIRECT_NUMBA_CUDA...
APPROACH 5: QMATMUL_DIRECT_NUMBA_CUDA DONE. [time: 0.0012736320495605469 s, all close: True, speed-up vs reference: 337.49]
APPROACH 6: QMATMUL_ALGO_NUMPY_ST...
APPROACH 6: QMATMUL_ALGO_NUMPY_ST DONE. [time: 0.00180816650390625 s, all close: True, speed-up vs reference: 237.72]
APPROACH 7: QMATMUL_ALGO_NUMPY_PARALLEL...
APPROACH 7: QMATMUL_ALGO_NUMPY_PARALLEL DONE. [time: 0.0020978450775146484 s, all close: True, speed-up vs reference: 204.90]
APPROACH 8: QMATMUL_ALGO_NUMBA_CUDA...
APPROACH 8: QMATMUL_ALGO_NUMBA_CUDA DONE. [time: 0.001409292221069336 s, all close: True, speed-up vs reference: 305.01]
REPETITION: 61/100:
APPROACH 1: QMATMUL_NAIVE_NUMBA_ST...
APPROACH 1: QMATMUL_NAIVE_NUMBA_ST DONE. [time: 0.4300570487976074 s, all close: True, speed-up vs reference: 1.00]
APPROACH 2: QMATMUL_NAIVE_NUMBA_PARALLEL...
APPROACH 2: QMATMUL_NAIVE_NUMBA_PARALLEL DONE. [time: 0.013143301010131836 s, all close: True, speed-up vs reference: 32.70]
APPROACH 3: QMATMUL_DIRECT_NUMPY_ST...
APPROACH 3: QMATMUL_DIRECT_NUMPY_ST DONE. [time: 0.002115011215209961 s, all close: True, speed-up vs reference: 203.23]
APPROACH 4: QMATMUL_DIRECT_NUMPY_PARALLEL...
APPROACH 4: QMATMUL_DIRECT_NUMPY_PARALLEL DONE. [time: 0.002742290496826172 s, all close: True, speed-up vs reference: 156.75]
APPROACH 5: QMATMUL_DIRECT_NUMBA_CUDA...
APPROACH 5: QMATMUL_DIRECT_NUMBA_CUDA DONE. [time: 0.0011794567108154297 s, all close: True, speed-up vs reference: 364.44]
APPROACH 6: QMATMUL_ALGO_NUMPY_ST...
APPROACH 6: QMATMUL_ALGO_NUMPY_ST DONE. [time: 0.0018115043640136719 s, all close: True, speed-up vs reference: 237.28]
APPROACH 7: QMATMUL_ALGO_NUMPY_PARALLEL...
APPROACH 7: QMATMUL_ALGO_NUMPY_PARALLEL DONE. [time: 0.0008628368377685547 s, all close: True, speed-up vs reference: 498.17]
APPROACH 8: QMATMUL_ALGO_NUMBA_CUDA...
APPROACH 8: QMATMUL_ALGO_NUMBA_CUDA DONE. [time: 0.0014312267303466797 s, all close: True, speed-up vs reference: 300.33]
REPETITION: 62/100:
APPROACH 1: QMATMUL_NAIVE_NUMBA_ST...
APPROACH 1: QMATMUL_NAIVE_NUMBA_ST DONE. [time: 0.4338347911834717 s, all close: True, speed-up vs reference: 0.99]
APPROACH 2: QMATMUL_NAIVE_NUMBA_PARALLEL...
APPROACH 2: QMATMUL_NAIVE_NUMBA_PARALLEL DONE. [time: 0.009750604629516602 s, all close: True, speed-up vs reference: 44.08]
APPROACH 3: QMATMUL_DIRECT_NUMPY_ST...
APPROACH 3: QMATMUL_DIRECT_NUMPY_ST DONE. [time: 0.0022835731506347656 s, all close: True, speed-up vs reference: 188.23]
APPROACH 4: QMATMUL_DIRECT_NUMPY_PARALLEL...
APPROACH 4: QMATMUL_DIRECT_NUMPY_PARALLEL DONE. [time: 0.029494047164916992 s, all close: True, speed-up vs reference: 14.57]
APPROACH 5: QMATMUL_DIRECT_NUMBA_CUDA...
APPROACH 5: QMATMUL_DIRECT_NUMBA_CUDA DONE. [time: 0.0009243488311767578 s, all close: True, speed-up vs reference: 465.02]
APPROACH 6: QMATMUL_ALGO_NUMPY_ST...
APPROACH 6: QMATMUL_ALGO_NUMPY_ST DONE. [time: 0.001817941665649414 s, all close: True, speed-up vs reference: 236.44]
APPROACH 7: QMATMUL_ALGO_NUMPY_PARALLEL...
APPROACH 7: QMATMUL_ALGO_NUMPY_PARALLEL DONE. [time: 0.0007598400115966797 s, all close: True, speed-up vs reference: 565.70]
APPROACH 8: QMATMUL_ALGO_NUMBA_CUDA...
APPROACH 8: QMATMUL_ALGO_NUMBA_CUDA DONE. [time: 0.0018074512481689453 s, all close: True, speed-up vs reference: 237.82]
REPETITION: 63/100:
APPROACH 1: QMATMUL_NAIVE_NUMBA_ST...
APPROACH 1: QMATMUL_NAIVE_NUMBA_ST DONE. [time: 0.43391871452331543 s, all close: True, speed-up vs reference: 0.99]
APPROACH 2: QMATMUL_NAIVE_NUMBA_PARALLEL...
APPROACH 2: QMATMUL_NAIVE_NUMBA_PARALLEL DONE. [time: 0.012553930282592773 s, all close: True, speed-up vs reference: 34.24]
APPROACH 3: QMATMUL_DIRECT_NUMPY_ST...
APPROACH 3: QMATMUL_DIRECT_NUMPY_ST DONE. [time: 0.002194643020629883 s, all close: True, speed-up vs reference: 195.86]
APPROACH 4: QMATMUL_DIRECT_NUMPY_PARALLEL...
APPROACH 4: QMATMUL_DIRECT_NUMPY_PARALLEL DONE. [time: 0.0399022102355957 s, all close: True, speed-up vs reference: 10.77]
APPROACH 5: QMATMUL_DIRECT_NUMBA_CUDA...
APPROACH 5: QMATMUL_DIRECT_NUMBA_CUDA DONE. [time: 0.0010123252868652344 s, all close: True, speed-up vs reference: 424.61]
APPROACH 6: QMATMUL_ALGO_NUMPY_ST...
APPROACH 6: QMATMUL_ALGO_NUMPY_ST DONE. [time: 0.0017557144165039062 s, all close: True, speed-up vs reference: 244.82]
APPROACH 7: QMATMUL_ALGO_NUMPY_PARALLEL...
APPROACH 7: QMATMUL_ALGO_NUMPY_PARALLEL DONE. [time: 0.0007593631744384766 s, all close: True, speed-up vs reference: 566.06]
APPROACH 8: QMATMUL_ALGO_NUMBA_CUDA...
APPROACH 8: QMATMUL_ALGO_NUMBA_CUDA DONE. [time: 0.0016868114471435547 s, all close: True, speed-up vs reference: 254.83]
REPETITION: 64/100:
APPROACH 1: QMATMUL_NAIVE_NUMBA_ST...
APPROACH 1: QMATMUL_NAIVE_NUMBA_ST DONE. [time: 0.4330582618713379 s, all close: True, speed-up vs reference: 0.99]
APPROACH 2: QMATMUL_NAIVE_NUMBA_PARALLEL...
APPROACH 2: QMATMUL_NAIVE_NUMBA_PARALLEL DONE. [time: 0.013698816299438477 s, all close: True, speed-up vs reference: 31.38]
APPROACH 3: QMATMUL_DIRECT_NUMPY_ST...
APPROACH 3: QMATMUL_DIRECT_NUMPY_ST DONE. [time: 0.002087831497192383 s, all close: True, speed-up vs reference: 205.88]
APPROACH 4: QMATMUL_DIRECT_NUMPY_PARALLEL...
APPROACH 4: QMATMUL_DIRECT_NUMPY_PARALLEL DONE. [time: 0.003802061080932617 s, all close: True, speed-up vs reference: 113.06]
APPROACH 5: QMATMUL_DIRECT_NUMBA_CUDA...
APPROACH 5: QMATMUL_DIRECT_NUMBA_CUDA DONE. [time: 0.0010180473327636719 s, all close: True, speed-up vs reference: 422.22]
APPROACH 6: QMATMUL_ALGO_NUMPY_ST...
APPROACH 6: QMATMUL_ALGO_NUMPY_ST DONE. [time: 0.0017445087432861328 s, all close: True, speed-up vs reference: 246.40]
APPROACH 7: QMATMUL_ALGO_NUMPY_PARALLEL...
APPROACH 7: QMATMUL_ALGO_NUMPY_PARALLEL DONE. [time: 0.0007979869842529297 s, all close: True, speed-up vs reference: 538.66]
APPROACH 8: QMATMUL_ALGO_NUMBA_CUDA...
APPROACH 8: QMATMUL_ALGO_NUMBA_CUDA DONE. [time: 0.0015811920166015625 s, all close: True, speed-up vs reference: 271.85]
REPETITION: 65/100:
APPROACH 1: QMATMUL_NAIVE_NUMBA_ST...
APPROACH 1: QMATMUL_NAIVE_NUMBA_ST DONE. [time: 0.43440675735473633 s, all close: True, speed-up vs reference: 0.99]
APPROACH 2: QMATMUL_NAIVE_NUMBA_PARALLEL...
APPROACH 2: QMATMUL_NAIVE_NUMBA_PARALLEL DONE. [time: 0.012104988098144531 s, all close: True, speed-up vs reference: 35.51]
APPROACH 3: QMATMUL_DIRECT_NUMPY_ST...
APPROACH 3: QMATMUL_DIRECT_NUMPY_ST DONE. [time: 0.0021920204162597656 s, all close: True, speed-up vs reference: 196.09]
APPROACH 4: QMATMUL_DIRECT_NUMPY_PARALLEL...
APPROACH 4: QMATMUL_DIRECT_NUMPY_PARALLEL DONE. [time: 0.0016210079193115234 s, all close: True, speed-up vs reference: 265.17]
APPROACH 5: QMATMUL_DIRECT_NUMBA_CUDA...
APPROACH 5: QMATMUL_DIRECT_NUMBA_CUDA DONE. [time: 0.0010793209075927734 s, all close: True, speed-up vs reference: 398.25]
APPROACH 6: QMATMUL_ALGO_NUMPY_ST...
APPROACH 6: QMATMUL_ALGO_NUMPY_ST DONE. [time: 0.0017507076263427734 s, all close: True, speed-up vs reference: 245.52]
APPROACH 7: QMATMUL_ALGO_NUMPY_PARALLEL...
APPROACH 7: QMATMUL_ALGO_NUMPY_PARALLEL DONE. [time: 0.0007441043853759766 s, all close: True, speed-up vs reference: 577.66]
APPROACH 8: QMATMUL_ALGO_NUMBA_CUDA...
APPROACH 8: QMATMUL_ALGO_NUMBA_CUDA DONE. [time: 0.001705169677734375 s, all close: True, speed-up vs reference: 252.08]
REPETITION: 66/100:
APPROACH 1: QMATMUL_NAIVE_NUMBA_ST...
APPROACH 1: QMATMUL_NAIVE_NUMBA_ST DONE. [time: 0.4308593273162842 s, all close: True, speed-up vs reference: 1.00]
APPROACH 2: QMATMUL_NAIVE_NUMBA_PARALLEL...
APPROACH 2: QMATMUL_NAIVE_NUMBA_PARALLEL DONE. [time: 0.012118339538574219 s, all close: True, speed-up vs reference: 35.47]
APPROACH 3: QMATMUL_DIRECT_NUMPY_ST...
APPROACH 3: QMATMUL_DIRECT_NUMPY_ST DONE. [time: 0.002081155776977539 s, all close: True, speed-up vs reference: 206.54]
APPROACH 4: QMATMUL_DIRECT_NUMPY_PARALLEL...
APPROACH 4: QMATMUL_DIRECT_NUMPY_PARALLEL DONE. [time: 0.028945446014404297 s, all close: True, speed-up vs reference: 14.85]
APPROACH 5: QMATMUL_DIRECT_NUMBA_CUDA...
APPROACH 5: QMATMUL_DIRECT_NUMBA_CUDA DONE. [time: 0.0011932849884033203 s, all close: True, speed-up vs reference: 360.22]
APPROACH 6: QMATMUL_ALGO_NUMPY_ST...
APPROACH 6: QMATMUL_ALGO_NUMPY_ST DONE. [time: 0.0017781257629394531 s, all close: True, speed-up vs reference: 241.74]
APPROACH 7: QMATMUL_ALGO_NUMPY_PARALLEL...
APPROACH 7: QMATMUL_ALGO_NUMPY_PARALLEL DONE. [time: 0.0008130073547363281 s, all close: True, speed-up vs reference: 528.71]
APPROACH 8: QMATMUL_ALGO_NUMBA_CUDA...
APPROACH 8: QMATMUL_ALGO_NUMBA_CUDA DONE. [time: 0.0015864372253417969 s, all close: True, speed-up vs reference: 270.95]
REPETITION: 67/100:
APPROACH 1: QMATMUL_NAIVE_NUMBA_ST...
APPROACH 1: QMATMUL_NAIVE_NUMBA_ST DONE. [time: 0.4377622604370117 s, all close: True, speed-up vs reference: 0.98]
APPROACH 2: QMATMUL_NAIVE_NUMBA_PARALLEL...
APPROACH 2: QMATMUL_NAIVE_NUMBA_PARALLEL DONE. [time: 0.013978242874145508 s, all close: True, speed-up vs reference: 30.75]
APPROACH 3: QMATMUL_DIRECT_NUMPY_ST...
APPROACH 3: QMATMUL_DIRECT_NUMPY_ST DONE. [time: 0.002074718475341797 s, all close: True, speed-up vs reference: 207.18]
APPROACH 4: QMATMUL_DIRECT_NUMPY_PARALLEL...
APPROACH 4: QMATMUL_DIRECT_NUMPY_PARALLEL DONE. [time: 0.003681659698486328 s, all close: True, speed-up vs reference: 116.75]
APPROACH 5: QMATMUL_DIRECT_NUMBA_CUDA...
APPROACH 5: QMATMUL_DIRECT_NUMBA_CUDA DONE. [time: 0.0010750293731689453 s, all close: True, speed-up vs reference: 399.84]
APPROACH 6: QMATMUL_ALGO_NUMPY_ST...
APPROACH 6: QMATMUL_ALGO_NUMPY_ST DONE. [time: 0.0017805099487304688 s, all close: True, speed-up vs reference: 241.42]
APPROACH 7: QMATMUL_ALGO_NUMPY_PARALLEL...
APPROACH 7: QMATMUL_ALGO_NUMPY_PARALLEL DONE. [time: 0.0031006336212158203 s, all close: True, speed-up vs reference: 138.63]
APPROACH 8: QMATMUL_ALGO_NUMBA_CUDA...
APPROACH 8: QMATMUL_ALGO_NUMBA_CUDA DONE. [time: 0.0016140937805175781 s, all close: True, speed-up vs reference: 266.31]
REPETITION: 68/100:
APPROACH 1: QMATMUL_NAIVE_NUMBA_ST...
APPROACH 1: QMATMUL_NAIVE_NUMBA_ST DONE. [time: 0.4391646385192871 s, all close: True, speed-up vs reference: 0.98]
APPROACH 2: QMATMUL_NAIVE_NUMBA_PARALLEL...
APPROACH 2: QMATMUL_NAIVE_NUMBA_PARALLEL DONE. [time: 0.01337289810180664 s, all close: True, speed-up vs reference: 32.14]
APPROACH 3: QMATMUL_DIRECT_NUMPY_ST...
APPROACH 3: QMATMUL_DIRECT_NUMPY_ST DONE. [time: 0.0021381378173828125 s, all close: True, speed-up vs reference: 201.04]
APPROACH 4: QMATMUL_DIRECT_NUMPY_PARALLEL...
APPROACH 4: QMATMUL_DIRECT_NUMPY_PARALLEL DONE. [time: 0.0014138221740722656 s, all close: True, speed-up vs reference: 304.03]
APPROACH 5: QMATMUL_DIRECT_NUMBA_CUDA...
APPROACH 5: QMATMUL_DIRECT_NUMBA_CUDA DONE. [time: 0.0010402202606201172 s, all close: True, speed-up vs reference: 413.22]
APPROACH 6: QMATMUL_ALGO_NUMPY_ST...
APPROACH 6: QMATMUL_ALGO_NUMPY_ST DONE. [time: 0.0017313957214355469 s, all close: True, speed-up vs reference: 248.26]
APPROACH 7: QMATMUL_ALGO_NUMPY_PARALLEL...
APPROACH 7: QMATMUL_ALGO_NUMPY_PARALLEL DONE. [time: 0.0008249282836914062 s, all close: True, speed-up vs reference: 521.07]
APPROACH 8: QMATMUL_ALGO_NUMBA_CUDA...
APPROACH 8: QMATMUL_ALGO_NUMBA_CUDA DONE. [time: 0.001508474349975586 s, all close: True, speed-up vs reference: 284.95]
REPETITION: 69/100:
APPROACH 1: QMATMUL_NAIVE_NUMBA_ST...
APPROACH 1: QMATMUL_NAIVE_NUMBA_ST DONE. [time: 0.43419814109802246 s, all close: True, speed-up vs reference: 0.99]
APPROACH 2: QMATMUL_NAIVE_NUMBA_PARALLEL...
APPROACH 2: QMATMUL_NAIVE_NUMBA_PARALLEL DONE. [time: 0.01297903060913086 s, all close: True, speed-up vs reference: 33.12]
APPROACH 3: QMATMUL_DIRECT_NUMPY_ST...
APPROACH 3: QMATMUL_DIRECT_NUMPY_ST DONE. [time: 0.0021839141845703125 s, all close: True, speed-up vs reference: 196.82]
APPROACH 4: QMATMUL_DIRECT_NUMPY_PARALLEL...
APPROACH 4: QMATMUL_DIRECT_NUMPY_PARALLEL DONE. [time: 0.02907729148864746 s, all close: True, speed-up vs reference: 14.78]
APPROACH 5: QMATMUL_DIRECT_NUMBA_CUDA...
APPROACH 5: QMATMUL_DIRECT_NUMBA_CUDA DONE. [time: 0.0011572837829589844 s, all close: True, speed-up vs reference: 371.42]
APPROACH 6: QMATMUL_ALGO_NUMPY_ST...
APPROACH 6: QMATMUL_ALGO_NUMPY_ST DONE. [time: 0.0016865730285644531 s, all close: True, speed-up vs reference: 254.86]
APPROACH 7: QMATMUL_ALGO_NUMPY_PARALLEL...
APPROACH 7: QMATMUL_ALGO_NUMPY_PARALLEL DONE. [time: 0.000728607177734375 s, all close: True, speed-up vs reference: 589.95]
APPROACH 8: QMATMUL_ALGO_NUMBA_CUDA...
APPROACH 8: QMATMUL_ALGO_NUMBA_CUDA DONE. [time: 0.0014219284057617188 s, all close: True, speed-up vs reference: 302.30]
REPETITION: 70/100:
APPROACH 1: QMATMUL_NAIVE_NUMBA_ST...
APPROACH 1: QMATMUL_NAIVE_NUMBA_ST DONE. [time: 0.4347102642059326 s, all close: True, speed-up vs reference: 0.99]
APPROACH 2: QMATMUL_NAIVE_NUMBA_PARALLEL...
APPROACH 2: QMATMUL_NAIVE_NUMBA_PARALLEL DONE. [time: 0.011565446853637695 s, all close: True, speed-up vs reference: 37.17]
APPROACH 3: QMATMUL_DIRECT_NUMPY_ST...
APPROACH 3: QMATMUL_DIRECT_NUMPY_ST DONE. [time: 0.002126932144165039 s, all close: True, speed-up vs reference: 202.09]
APPROACH 4: QMATMUL_DIRECT_NUMPY_PARALLEL...
APPROACH 4: QMATMUL_DIRECT_NUMPY_PARALLEL DONE. [time: 0.029475927352905273 s, all close: True, speed-up vs reference: 14.58]
APPROACH 5: QMATMUL_DIRECT_NUMBA_CUDA...
APPROACH 5: QMATMUL_DIRECT_NUMBA_CUDA DONE. [time: 0.0010585784912109375 s, all close: True, speed-up vs reference: 406.06]
APPROACH 6: QMATMUL_ALGO_NUMPY_ST...
APPROACH 6: QMATMUL_ALGO_NUMPY_ST DONE. [time: 0.0016224384307861328 s, all close: True, speed-up vs reference: 264.94]
APPROACH 7: QMATMUL_ALGO_NUMPY_PARALLEL...
APPROACH 7: QMATMUL_ALGO_NUMPY_PARALLEL DONE. [time: 0.0006854534149169922 s, all close: True, speed-up vs reference: 627.09]
APPROACH 8: QMATMUL_ALGO_NUMBA_CUDA...
APPROACH 8: QMATMUL_ALGO_NUMBA_CUDA DONE. [time: 0.0012962818145751953 s, all close: True, speed-up vs reference: 331.60]
REPETITION: 71/100:
APPROACH 1: QMATMUL_NAIVE_NUMBA_ST...
APPROACH 1: QMATMUL_NAIVE_NUMBA_ST DONE. [time: 0.43427419662475586 s, all close: True, speed-up vs reference: 0.99]
APPROACH 2: QMATMUL_NAIVE_NUMBA_PARALLEL...
APPROACH 2: QMATMUL_NAIVE_NUMBA_PARALLEL DONE. [time: 0.012696981430053711 s, all close: True, speed-up vs reference: 33.85]
APPROACH 3: QMATMUL_DIRECT_NUMPY_ST...
APPROACH 3: QMATMUL_DIRECT_NUMPY_ST DONE. [time: 0.002208232879638672 s, all close: True, speed-up vs reference: 194.65]
APPROACH 4: QMATMUL_DIRECT_NUMPY_PARALLEL...
APPROACH 4: QMATMUL_DIRECT_NUMPY_PARALLEL DONE. [time: 0.00413203239440918 s, all close: True, speed-up vs reference: 104.03]
APPROACH 5: QMATMUL_DIRECT_NUMBA_CUDA...
APPROACH 5: QMATMUL_DIRECT_NUMBA_CUDA DONE. [time: 0.0010533332824707031 s, all close: True, speed-up vs reference: 408.08]
APPROACH 6: QMATMUL_ALGO_NUMPY_ST...
APPROACH 6: QMATMUL_ALGO_NUMPY_ST DONE. [time: 0.0017251968383789062 s, all close: True, speed-up vs reference: 249.16]
APPROACH 7: QMATMUL_ALGO_NUMPY_PARALLEL...
APPROACH 7: QMATMUL_ALGO_NUMPY_PARALLEL DONE. [time: 0.003165721893310547 s, all close: True, speed-up vs reference: 135.78]
APPROACH 8: QMATMUL_ALGO_NUMBA_CUDA...
APPROACH 8: QMATMUL_ALGO_NUMBA_CUDA DONE. [time: 0.0014848709106445312 s, all close: True, speed-up vs reference: 289.48]
REPETITION: 72/100:
APPROACH 1: QMATMUL_NAIVE_NUMBA_ST...
APPROACH 1: QMATMUL_NAIVE_NUMBA_ST DONE. [time: 0.4363875389099121 s, all close: True, speed-up vs reference: 0.99]
APPROACH 2: QMATMUL_NAIVE_NUMBA_PARALLEL...
APPROACH 2: QMATMUL_NAIVE_NUMBA_PARALLEL DONE. [time: 0.009923934936523438 s, all close: True, speed-up vs reference: 43.31]
APPROACH 3: QMATMUL_DIRECT_NUMPY_ST...
APPROACH 3: QMATMUL_DIRECT_NUMPY_ST DONE. [time: 0.002633333206176758 s, all close: True, speed-up vs reference: 163.23]
APPROACH 4: QMATMUL_DIRECT_NUMPY_PARALLEL...
APPROACH 4: QMATMUL_DIRECT_NUMPY_PARALLEL DONE. [time: 0.0013358592987060547 s, all close: True, speed-up vs reference: 321.77]
APPROACH 5: QMATMUL_DIRECT_NUMBA_CUDA...
APPROACH 5: QMATMUL_DIRECT_NUMBA_CUDA DONE. [time: 0.0012984275817871094 s, all close: True, speed-up vs reference: 331.05]
APPROACH 6: QMATMUL_ALGO_NUMPY_ST...
APPROACH 6: QMATMUL_ALGO_NUMPY_ST DONE. [time: 0.0017690658569335938 s, all close: True, speed-up vs reference: 242.98]
APPROACH 7: QMATMUL_ALGO_NUMPY_PARALLEL...
APPROACH 7: QMATMUL_ALGO_NUMPY_PARALLEL DONE. [time: 0.0008287429809570312 s, all close: True, speed-up vs reference: 518.67]
APPROACH 8: QMATMUL_ALGO_NUMBA_CUDA...
APPROACH 8: QMATMUL_ALGO_NUMBA_CUDA DONE. [time: 0.0014083385467529297 s, all close: True, speed-up vs reference: 305.21]
REPETITION: 73/100:
APPROACH 1: QMATMUL_NAIVE_NUMBA_ST...
APPROACH 1: QMATMUL_NAIVE_NUMBA_ST DONE. [time: 0.4382045269012451 s, all close: True, speed-up vs reference: 0.98]
APPROACH 2: QMATMUL_NAIVE_NUMBA_PARALLEL...
APPROACH 2: QMATMUL_NAIVE_NUMBA_PARALLEL DONE. [time: 0.013431549072265625 s, all close: True, speed-up vs reference: 32.00]
APPROACH 3: QMATMUL_DIRECT_NUMPY_ST...
APPROACH 3: QMATMUL_DIRECT_NUMPY_ST DONE. [time: 0.002101421356201172 s, all close: True, speed-up vs reference: 204.55]
APPROACH 4: QMATMUL_DIRECT_NUMPY_PARALLEL...
APPROACH 4: QMATMUL_DIRECT_NUMPY_PARALLEL DONE. [time: 0.0010657310485839844 s, all close: True, speed-up vs reference: 403.33]
APPROACH 5: QMATMUL_DIRECT_NUMBA_CUDA...
APPROACH 5: QMATMUL_DIRECT_NUMBA_CUDA DONE. [time: 0.0009131431579589844 s, all close: True, speed-up vs reference: 470.73]
APPROACH 6: QMATMUL_ALGO_NUMPY_ST...
APPROACH 6: QMATMUL_ALGO_NUMPY_ST DONE. [time: 0.0017642974853515625 s, all close: True, speed-up vs reference: 243.63]
APPROACH 7: QMATMUL_ALGO_NUMPY_PARALLEL...
APPROACH 7: QMATMUL_ALGO_NUMPY_PARALLEL DONE. [time: 0.001718759536743164 s, all close: True, speed-up vs reference: 250.09]
APPROACH 8: QMATMUL_ALGO_NUMBA_CUDA...
APPROACH 8: QMATMUL_ALGO_NUMBA_CUDA DONE. [time: 0.0016624927520751953 s, all close: True, speed-up vs reference: 258.55]
REPETITION: 74/100:
APPROACH 1: QMATMUL_NAIVE_NUMBA_ST...
APPROACH 1: QMATMUL_NAIVE_NUMBA_ST DONE. [time: 0.43476152420043945 s, all close: True, speed-up vs reference: 0.99]
APPROACH 2: QMATMUL_NAIVE_NUMBA_PARALLEL...
APPROACH 2: QMATMUL_NAIVE_NUMBA_PARALLEL DONE. [time: 0.010947227478027344 s, all close: True, speed-up vs reference: 39.26]
APPROACH 3: QMATMUL_DIRECT_NUMPY_ST...
APPROACH 3: QMATMUL_DIRECT_NUMPY_ST DONE. [time: 0.002254962921142578 s, all close: True, speed-up vs reference: 190.62]
APPROACH 4: QMATMUL_DIRECT_NUMPY_PARALLEL...
APPROACH 4: QMATMUL_DIRECT_NUMPY_PARALLEL DONE. [time: 0.02933502197265625 s, all close: True, speed-up vs reference: 14.65]
APPROACH 5: QMATMUL_DIRECT_NUMBA_CUDA...
APPROACH 5: QMATMUL_DIRECT_NUMBA_CUDA DONE. [time: 0.0010409355163574219 s, all close: True, speed-up vs reference: 412.94]
APPROACH 6: QMATMUL_ALGO_NUMPY_ST...
APPROACH 6: QMATMUL_ALGO_NUMPY_ST DONE. [time: 0.0017123222351074219 s, all close: True, speed-up vs reference: 251.03]
APPROACH 7: QMATMUL_ALGO_NUMPY_PARALLEL...
APPROACH 7: QMATMUL_ALGO_NUMPY_PARALLEL DONE. [time: 0.0006952285766601562 s, all close: True, speed-up vs reference: 618.27]
APPROACH 8: QMATMUL_ALGO_NUMBA_CUDA...
APPROACH 8: QMATMUL_ALGO_NUMBA_CUDA DONE. [time: 0.0017430782318115234 s, all close: True, speed-up vs reference: 246.60]
REPETITION: 75/100:
APPROACH 1: QMATMUL_NAIVE_NUMBA_ST...
APPROACH 1: QMATMUL_NAIVE_NUMBA_ST DONE. [time: 0.43175792694091797 s, all close: True, speed-up vs reference: 1.00]
APPROACH 2: QMATMUL_NAIVE_NUMBA_PARALLEL...
APPROACH 2: QMATMUL_NAIVE_NUMBA_PARALLEL DONE. [time: 0.015699386596679688 s, all close: True, speed-up vs reference: 27.38]
APPROACH 3: QMATMUL_DIRECT_NUMPY_ST...
APPROACH 3: QMATMUL_DIRECT_NUMPY_ST DONE. [time: 0.0022902488708496094 s, all close: True, speed-up vs reference: 187.68]
APPROACH 4: QMATMUL_DIRECT_NUMPY_PARALLEL...
APPROACH 4: QMATMUL_DIRECT_NUMPY_PARALLEL DONE. [time: 0.003916025161743164 s, all close: True, speed-up vs reference: 109.76]
APPROACH 5: QMATMUL_DIRECT_NUMBA_CUDA...
APPROACH 5: QMATMUL_DIRECT_NUMBA_CUDA DONE. [time: 0.0010933876037597656 s, all close: True, speed-up vs reference: 393.13]
APPROACH 6: QMATMUL_ALGO_NUMPY_ST...
APPROACH 6: QMATMUL_ALGO_NUMPY_ST DONE. [time: 0.0018157958984375 s, all close: True, speed-up vs reference: 236.72]
APPROACH 7: QMATMUL_ALGO_NUMPY_PARALLEL...
APPROACH 7: QMATMUL_ALGO_NUMPY_PARALLEL DONE. [time: 0.0008070468902587891 s, all close: True, speed-up vs reference: 532.61]
APPROACH 8: QMATMUL_ALGO_NUMBA_CUDA...
APPROACH 8: QMATMUL_ALGO_NUMBA_CUDA DONE. [time: 0.0016071796417236328 s, all close: True, speed-up vs reference: 267.45]
REPETITION: 76/100:
APPROACH 1: QMATMUL_NAIVE_NUMBA_ST...
APPROACH 1: QMATMUL_NAIVE_NUMBA_ST DONE. [time: 0.43560123443603516 s, all close: True, speed-up vs reference: 0.99]
APPROACH 2: QMATMUL_NAIVE_NUMBA_PARALLEL...
APPROACH 2: QMATMUL_NAIVE_NUMBA_PARALLEL DONE. [time: 0.012703895568847656 s, all close: True, speed-up vs reference: 33.84]
APPROACH 3: QMATMUL_DIRECT_NUMPY_ST...
APPROACH 3: QMATMUL_DIRECT_NUMPY_ST DONE. [time: 0.002018451690673828 s, all close: True, speed-up vs reference: 212.96]
APPROACH 4: QMATMUL_DIRECT_NUMPY_PARALLEL...
APPROACH 4: QMATMUL_DIRECT_NUMPY_PARALLEL DONE. [time: 0.004235029220581055 s, all close: True, speed-up vs reference: 101.50]
APPROACH 5: QMATMUL_DIRECT_NUMBA_CUDA...
APPROACH 5: QMATMUL_DIRECT_NUMBA_CUDA DONE. [time: 0.0009500980377197266 s, all close: True, speed-up vs reference: 452.42]
APPROACH 6: QMATMUL_ALGO_NUMPY_ST...
APPROACH 6: QMATMUL_ALGO_NUMPY_ST DONE. [time: 0.001672983169555664 s, all close: True, speed-up vs reference: 256.93]
APPROACH 7: QMATMUL_ALGO_NUMPY_PARALLEL...
APPROACH 7: QMATMUL_ALGO_NUMPY_PARALLEL DONE. [time: 0.003292560577392578 s, all close: True, speed-up vs reference: 130.55]
APPROACH 8: QMATMUL_ALGO_NUMBA_CUDA...
APPROACH 8: QMATMUL_ALGO_NUMBA_CUDA DONE. [time: 0.0017459392547607422 s, all close: True, speed-up vs reference: 246.20]
REPETITION: 77/100:
APPROACH 1: QMATMUL_NAIVE_NUMBA_ST...
APPROACH 1: QMATMUL_NAIVE_NUMBA_ST DONE. [time: 0.43528318405151367 s, all close: True, speed-up vs reference: 0.99]
APPROACH 2: QMATMUL_NAIVE_NUMBA_PARALLEL...
APPROACH 2: QMATMUL_NAIVE_NUMBA_PARALLEL DONE. [time: 0.01301264762878418 s, all close: True, speed-up vs reference: 33.03]
APPROACH 3: QMATMUL_DIRECT_NUMPY_ST...
APPROACH 3: QMATMUL_DIRECT_NUMPY_ST DONE. [time: 0.002240896224975586 s, all close: True, speed-up vs reference: 191.82]
APPROACH 4: QMATMUL_DIRECT_NUMPY_PARALLEL...
APPROACH 4: QMATMUL_DIRECT_NUMPY_PARALLEL DONE. [time: 0.027536392211914062 s, all close: True, speed-up vs reference: 15.61]
APPROACH 5: QMATMUL_DIRECT_NUMBA_CUDA...
APPROACH 5: QMATMUL_DIRECT_NUMBA_CUDA DONE. [time: 0.0009937286376953125 s, all close: True, speed-up vs reference: 432.55]
APPROACH 6: QMATMUL_ALGO_NUMPY_ST...
APPROACH 6: QMATMUL_ALGO_NUMPY_ST DONE. [time: 0.0016355514526367188 s, all close: True, speed-up vs reference: 262.81]
APPROACH 7: QMATMUL_ALGO_NUMPY_PARALLEL...
APPROACH 7: QMATMUL_ALGO_NUMPY_PARALLEL DONE. [time: 0.0007498264312744141 s, all close: True, speed-up vs reference: 573.26]
APPROACH 8: QMATMUL_ALGO_NUMBA_CUDA...
APPROACH 8: QMATMUL_ALGO_NUMBA_CUDA DONE. [time: 0.0014998912811279297 s, all close: True, speed-up vs reference: 286.58]
REPETITION: 78/100:
APPROACH 1: QMATMUL_NAIVE_NUMBA_ST...
APPROACH 1: QMATMUL_NAIVE_NUMBA_ST DONE. [time: 0.4431931972503662 s, all close: True, speed-up vs reference: 0.97]
APPROACH 2: QMATMUL_NAIVE_NUMBA_PARALLEL...
APPROACH 2: QMATMUL_NAIVE_NUMBA_PARALLEL DONE. [time: 0.012300729751586914 s, all close: True, speed-up vs reference: 34.94]
APPROACH 3: QMATMUL_DIRECT_NUMPY_ST...
APPROACH 3: QMATMUL_DIRECT_NUMPY_ST DONE. [time: 0.0022308826446533203 s, all close: True, speed-up vs reference: 192.68]
APPROACH 4: QMATMUL_DIRECT_NUMPY_PARALLEL...
APPROACH 4: QMATMUL_DIRECT_NUMPY_PARALLEL DONE. [time: 0.04631972312927246 s, all close: True, speed-up vs reference: 9.28]
APPROACH 5: QMATMUL_DIRECT_NUMBA_CUDA...
APPROACH 5: QMATMUL_DIRECT_NUMBA_CUDA DONE. [time: 0.0011758804321289062 s, all close: True, speed-up vs reference: 365.55]
APPROACH 6: QMATMUL_ALGO_NUMPY_ST...
APPROACH 6: QMATMUL_ALGO_NUMPY_ST DONE. [time: 0.001886129379272461 s, all close: True, speed-up vs reference: 227.90]
APPROACH 7: QMATMUL_ALGO_NUMPY_PARALLEL...
APPROACH 7: QMATMUL_ALGO_NUMPY_PARALLEL DONE. [time: 0.002944469451904297 s, all close: True, speed-up vs reference: 145.98]
APPROACH 8: QMATMUL_ALGO_NUMBA_CUDA...
APPROACH 8: QMATMUL_ALGO_NUMBA_CUDA DONE. [time: 0.0015761852264404297 s, all close: True, speed-up vs reference: 272.71]
REPETITION: 79/100:
APPROACH 1: QMATMUL_NAIVE_NUMBA_ST...
APPROACH 1: QMATMUL_NAIVE_NUMBA_ST DONE. [time: 0.42699098587036133 s, all close: True, speed-up vs reference: 1.01]
APPROACH 2: QMATMUL_NAIVE_NUMBA_PARALLEL...
APPROACH 2: QMATMUL_NAIVE_NUMBA_PARALLEL DONE. [time: 0.012371540069580078 s, all close: True, speed-up vs reference: 34.74]
APPROACH 3: QMATMUL_DIRECT_NUMPY_ST...
APPROACH 3: QMATMUL_DIRECT_NUMPY_ST DONE. [time: 0.002301454544067383 s, all close: True, speed-up vs reference: 186.77]
APPROACH 4: QMATMUL_DIRECT_NUMPY_PARALLEL...
APPROACH 4: QMATMUL_DIRECT_NUMPY_PARALLEL DONE. [time: 0.0055043697357177734 s, all close: True, speed-up vs reference: 78.09]
APPROACH 5: QMATMUL_DIRECT_NUMBA_CUDA...
APPROACH 5: QMATMUL_DIRECT_NUMBA_CUDA DONE. [time: 0.0011248588562011719 s, all close: True, speed-up vs reference: 382.13]
APPROACH 6: QMATMUL_ALGO_NUMPY_ST...
APPROACH 6: QMATMUL_ALGO_NUMPY_ST DONE. [time: 0.0016932487487792969 s, all close: True, speed-up vs reference: 253.86]
APPROACH 7: QMATMUL_ALGO_NUMPY_PARALLEL...
APPROACH 7: QMATMUL_ALGO_NUMPY_PARALLEL DONE. [time: 0.0007503032684326172 s, all close: True, speed-up vs reference: 572.89]
APPROACH 8: QMATMUL_ALGO_NUMBA_CUDA...
APPROACH 8: QMATMUL_ALGO_NUMBA_CUDA DONE. [time: 0.0013599395751953125 s, all close: True, speed-up vs reference: 316.07]
REPETITION: 80/100:
APPROACH 1: QMATMUL_NAIVE_NUMBA_ST...
APPROACH 1: QMATMUL_NAIVE_NUMBA_ST DONE. [time: 0.42815327644348145 s, all close: True, speed-up vs reference: 1.00]
APPROACH 2: QMATMUL_NAIVE_NUMBA_PARALLEL...
APPROACH 2: QMATMUL_NAIVE_NUMBA_PARALLEL DONE. [time: 0.012311935424804688 s, all close: True, speed-up vs reference: 34.91]
APPROACH 3: QMATMUL_DIRECT_NUMPY_ST...
APPROACH 3: QMATMUL_DIRECT_NUMPY_ST DONE. [time: 0.0020918846130371094 s, all close: True, speed-up vs reference: 205.48]
APPROACH 4: QMATMUL_DIRECT_NUMPY_PARALLEL...
APPROACH 4: QMATMUL_DIRECT_NUMPY_PARALLEL DONE. [time: 0.0314335823059082 s, all close: True, speed-up vs reference: 13.67]
APPROACH 5: QMATMUL_DIRECT_NUMBA_CUDA...
APPROACH 5: QMATMUL_DIRECT_NUMBA_CUDA DONE. [time: 0.0010986328125 s, all close: True, speed-up vs reference: 391.25]
APPROACH 6: QMATMUL_ALGO_NUMPY_ST...
APPROACH 6: QMATMUL_ALGO_NUMPY_ST DONE. [time: 0.0017235279083251953 s, all close: True, speed-up vs reference: 249.40]
APPROACH 7: QMATMUL_ALGO_NUMPY_PARALLEL...
APPROACH 7: QMATMUL_ALGO_NUMPY_PARALLEL DONE. [time: 0.0007431507110595703 s, all close: True, speed-up vs reference: 578.41]
APPROACH 8: QMATMUL_ALGO_NUMBA_CUDA...
APPROACH 8: QMATMUL_ALGO_NUMBA_CUDA DONE. [time: 0.0016391277313232422 s, all close: True, speed-up vs reference: 262.24]
REPETITION: 81/100:
APPROACH 1: QMATMUL_NAIVE_NUMBA_ST...
APPROACH 1: QMATMUL_NAIVE_NUMBA_ST DONE. [time: 0.42729711532592773 s, all close: True, speed-up vs reference: 1.01]
APPROACH 2: QMATMUL_NAIVE_NUMBA_PARALLEL...
APPROACH 2: QMATMUL_NAIVE_NUMBA_PARALLEL DONE. [time: 0.012511014938354492 s, all close: True, speed-up vs reference: 34.36]
APPROACH 3: QMATMUL_DIRECT_NUMPY_ST...
APPROACH 3: QMATMUL_DIRECT_NUMPY_ST DONE. [time: 0.0020956993103027344 s, all close: True, speed-up vs reference: 205.11]
APPROACH 4: QMATMUL_DIRECT_NUMPY_PARALLEL...
APPROACH 4: QMATMUL_DIRECT_NUMPY_PARALLEL DONE. [time: 0.004038810729980469 s, all close: True, speed-up vs reference: 106.43]
APPROACH 5: QMATMUL_DIRECT_NUMBA_CUDA...
APPROACH 5: QMATMUL_DIRECT_NUMBA_CUDA DONE. [time: 0.0010194778442382812 s, all close: True, speed-up vs reference: 421.63]
APPROACH 6: QMATMUL_ALGO_NUMPY_ST...
APPROACH 6: QMATMUL_ALGO_NUMPY_ST DONE. [time: 0.0016791820526123047 s, all close: True, speed-up vs reference: 255.98]
APPROACH 7: QMATMUL_ALGO_NUMPY_PARALLEL...
APPROACH 7: QMATMUL_ALGO_NUMPY_PARALLEL DONE. [time: 0.0009174346923828125 s, all close: True, speed-up vs reference: 468.53]
APPROACH 8: QMATMUL_ALGO_NUMBA_CUDA...
APPROACH 8: QMATMUL_ALGO_NUMBA_CUDA DONE. [time: 0.0012733936309814453 s, all close: True, speed-up vs reference: 337.56]
REPETITION: 82/100:
APPROACH 1: QMATMUL_NAIVE_NUMBA_ST...
APPROACH 1: QMATMUL_NAIVE_NUMBA_ST DONE. [time: 0.42820310592651367 s, all close: True, speed-up vs reference: 1.00]
APPROACH 2: QMATMUL_NAIVE_NUMBA_PARALLEL...
APPROACH 2: QMATMUL_NAIVE_NUMBA_PARALLEL DONE. [time: 0.013904333114624023 s, all close: True, speed-up vs reference: 30.91]
APPROACH 3: QMATMUL_DIRECT_NUMPY_ST...
APPROACH 3: QMATMUL_DIRECT_NUMPY_ST DONE. [time: 0.0019845962524414062 s, all close: True, speed-up vs reference: 216.59]
APPROACH 4: QMATMUL_DIRECT_NUMPY_PARALLEL...
APPROACH 4: QMATMUL_DIRECT_NUMPY_PARALLEL DONE. [time: 0.0038161277770996094 s, all close: True, speed-up vs reference: 112.64]
APPROACH 5: QMATMUL_DIRECT_NUMBA_CUDA...
APPROACH 5: QMATMUL_DIRECT_NUMBA_CUDA DONE. [time: 0.0010619163513183594 s, all close: True, speed-up vs reference: 404.78]
APPROACH 6: QMATMUL_ALGO_NUMPY_ST...
APPROACH 6: QMATMUL_ALGO_NUMPY_ST DONE. [time: 0.0017604827880859375 s, all close: True, speed-up vs reference: 244.16]
APPROACH 7: QMATMUL_ALGO_NUMPY_PARALLEL...
APPROACH 7: QMATMUL_ALGO_NUMPY_PARALLEL DONE. [time: 0.0008146762847900391 s, all close: True, speed-up vs reference: 527.62]
APPROACH 8: QMATMUL_ALGO_NUMBA_CUDA...
APPROACH 8: QMATMUL_ALGO_NUMBA_CUDA DONE. [time: 0.0014505386352539062 s, all close: True, speed-up vs reference: 296.33]
REPETITION: 83/100:
APPROACH 1: QMATMUL_NAIVE_NUMBA_ST...
APPROACH 1: QMATMUL_NAIVE_NUMBA_ST DONE. [time: 0.4377610683441162 s, all close: True, speed-up vs reference: 0.98]
APPROACH 2: QMATMUL_NAIVE_NUMBA_PARALLEL...
APPROACH 2: QMATMUL_NAIVE_NUMBA_PARALLEL DONE. [time: 0.014161825180053711 s, all close: True, speed-up vs reference: 30.35]
APPROACH 3: QMATMUL_DIRECT_NUMPY_ST...
APPROACH 3: QMATMUL_DIRECT_NUMPY_ST DONE. [time: 0.002168416976928711 s, all close: True, speed-up vs reference: 198.23]
APPROACH 4: QMATMUL_DIRECT_NUMPY_PARALLEL...
APPROACH 4: QMATMUL_DIRECT_NUMPY_PARALLEL DONE. [time: 0.0019423961639404297 s, all close: True, speed-up vs reference: 221.29]
APPROACH 5: QMATMUL_DIRECT_NUMBA_CUDA...
APPROACH 5: QMATMUL_DIRECT_NUMBA_CUDA DONE. [time: 0.0011959075927734375 s, all close: True, speed-up vs reference: 359.43]
APPROACH 6: QMATMUL_ALGO_NUMPY_ST...
APPROACH 6: QMATMUL_ALGO_NUMPY_ST DONE. [time: 0.0017304420471191406 s, all close: True, speed-up vs reference: 248.40]
APPROACH 7: QMATMUL_ALGO_NUMPY_PARALLEL...
APPROACH 7: QMATMUL_ALGO_NUMPY_PARALLEL DONE. [time: 0.0007989406585693359 s, all close: True, speed-up vs reference: 538.02]
APPROACH 8: QMATMUL_ALGO_NUMBA_CUDA...
APPROACH 8: QMATMUL_ALGO_NUMBA_CUDA DONE. [time: 0.0015711784362792969 s, all close: True, speed-up vs reference: 273.58]
REPETITION: 84/100:
APPROACH 1: QMATMUL_NAIVE_NUMBA_ST...
APPROACH 1: QMATMUL_NAIVE_NUMBA_ST DONE. [time: 0.43561649322509766 s, all close: True, speed-up vs reference: 0.99]
APPROACH 2: QMATMUL_NAIVE_NUMBA_PARALLEL...
APPROACH 2: QMATMUL_NAIVE_NUMBA_PARALLEL DONE. [time: 0.013964653015136719 s, all close: True, speed-up vs reference: 30.78]
APPROACH 3: QMATMUL_DIRECT_NUMPY_ST...
APPROACH 3: QMATMUL_DIRECT_NUMPY_ST DONE. [time: 0.002179861068725586 s, all close: True, speed-up vs reference: 197.19]
APPROACH 4: QMATMUL_DIRECT_NUMPY_PARALLEL...
APPROACH 4: QMATMUL_DIRECT_NUMPY_PARALLEL DONE. [time: 0.029054880142211914 s, all close: True, speed-up vs reference: 14.79]
APPROACH 5: QMATMUL_DIRECT_NUMBA_CUDA...
APPROACH 5: QMATMUL_DIRECT_NUMBA_CUDA DONE. [time: 0.0009331703186035156 s, all close: True, speed-up vs reference: 460.63]
APPROACH 6: QMATMUL_ALGO_NUMPY_ST...
APPROACH 6: QMATMUL_ALGO_NUMPY_ST DONE. [time: 0.0017883777618408203 s, all close: True, speed-up vs reference: 240.35]
APPROACH 7: QMATMUL_ALGO_NUMPY_PARALLEL...
APPROACH 7: QMATMUL_ALGO_NUMPY_PARALLEL DONE. [time: 0.0007991790771484375 s, all close: True, speed-up vs reference: 537.85]
APPROACH 8: QMATMUL_ALGO_NUMBA_CUDA...
APPROACH 8: QMATMUL_ALGO_NUMBA_CUDA DONE. [time: 0.0015392303466796875 s, all close: True, speed-up vs reference: 279.26]
REPETITION: 85/100:
APPROACH 1: QMATMUL_NAIVE_NUMBA_ST...
APPROACH 1: QMATMUL_NAIVE_NUMBA_ST DONE. [time: 0.4445323944091797 s, all close: True, speed-up vs reference: 0.97]
APPROACH 2: QMATMUL_NAIVE_NUMBA_PARALLEL...
APPROACH 2: QMATMUL_NAIVE_NUMBA_PARALLEL DONE. [time: 0.013228654861450195 s, all close: True, speed-up vs reference: 32.49]
APPROACH 3: QMATMUL_DIRECT_NUMPY_ST...
APPROACH 3: QMATMUL_DIRECT_NUMPY_ST DONE. [time: 0.0021200180053710938 s, all close: True, speed-up vs reference: 202.75]
APPROACH 4: QMATMUL_DIRECT_NUMPY_PARALLEL...
APPROACH 4: QMATMUL_DIRECT_NUMPY_PARALLEL DONE. [time: 0.02897024154663086 s, all close: True, speed-up vs reference: 14.84]
APPROACH 5: QMATMUL_DIRECT_NUMBA_CUDA...
APPROACH 5: QMATMUL_DIRECT_NUMBA_CUDA DONE. [time: 0.0009734630584716797 s, all close: True, speed-up vs reference: 441.56]
APPROACH 6: QMATMUL_ALGO_NUMPY_ST...
APPROACH 6: QMATMUL_ALGO_NUMPY_ST DONE. [time: 0.0017559528350830078 s, all close: True, speed-up vs reference: 244.79]
APPROACH 7: QMATMUL_ALGO_NUMPY_PARALLEL...
APPROACH 7: QMATMUL_ALGO_NUMPY_PARALLEL DONE. [time: 0.0007474422454833984 s, all close: True, speed-up vs reference: 575.08]
APPROACH 8: QMATMUL_ALGO_NUMBA_CUDA...
APPROACH 8: QMATMUL_ALGO_NUMBA_CUDA DONE. [time: 0.0015530586242675781 s, all close: True, speed-up vs reference: 276.77]
REPETITION: 86/100:
APPROACH 1: QMATMUL_NAIVE_NUMBA_ST...
APPROACH 1: QMATMUL_NAIVE_NUMBA_ST DONE. [time: 0.4278547763824463 s, all close: True, speed-up vs reference: 1.00]
APPROACH 2: QMATMUL_NAIVE_NUMBA_PARALLEL...
APPROACH 2: QMATMUL_NAIVE_NUMBA_PARALLEL DONE. [time: 0.012490510940551758 s, all close: True, speed-up vs reference: 34.41]
APPROACH 3: QMATMUL_DIRECT_NUMPY_ST...
APPROACH 3: QMATMUL_DIRECT_NUMPY_ST DONE. [time: 0.002374410629272461 s, all close: True, speed-up vs reference: 181.03]
APPROACH 4: QMATMUL_DIRECT_NUMPY_PARALLEL...
APPROACH 4: QMATMUL_DIRECT_NUMPY_PARALLEL DONE. [time: 0.04609227180480957 s, all close: True, speed-up vs reference: 9.33]
APPROACH 5: QMATMUL_DIRECT_NUMBA_CUDA...
APPROACH 5: QMATMUL_DIRECT_NUMBA_CUDA DONE. [time: 0.0012164115905761719 s, all close: True, speed-up vs reference: 353.37]
APPROACH 6: QMATMUL_ALGO_NUMPY_ST...
APPROACH 6: QMATMUL_ALGO_NUMPY_ST DONE. [time: 0.0017554759979248047 s, all close: True, speed-up vs reference: 244.86]
APPROACH 7: QMATMUL_ALGO_NUMPY_PARALLEL...
APPROACH 7: QMATMUL_ALGO_NUMPY_PARALLEL DONE. [time: 0.003077983856201172 s, all close: True, speed-up vs reference: 139.65]
APPROACH 8: QMATMUL_ALGO_NUMBA_CUDA...
APPROACH 8: QMATMUL_ALGO_NUMBA_CUDA DONE. [time: 0.0017850399017333984 s, all close: True, speed-up vs reference: 240.80]
REPETITION: 87/100:
APPROACH 1: QMATMUL_NAIVE_NUMBA_ST...
APPROACH 1: QMATMUL_NAIVE_NUMBA_ST DONE. [time: 0.4337325096130371 s, all close: True, speed-up vs reference: 0.99]
APPROACH 2: QMATMUL_NAIVE_NUMBA_PARALLEL...
APPROACH 2: QMATMUL_NAIVE_NUMBA_PARALLEL DONE. [time: 0.014642477035522461 s, all close: True, speed-up vs reference: 29.36]
APPROACH 3: QMATMUL_DIRECT_NUMPY_ST...
APPROACH 3: QMATMUL_DIRECT_NUMPY_ST DONE. [time: 0.0022377967834472656 s, all close: True, speed-up vs reference: 192.08]
APPROACH 4: QMATMUL_DIRECT_NUMPY_PARALLEL...
APPROACH 4: QMATMUL_DIRECT_NUMPY_PARALLEL DONE. [time: 0.04047536849975586 s, all close: True, speed-up vs reference: 10.62]
APPROACH 5: QMATMUL_DIRECT_NUMBA_CUDA...
APPROACH 5: QMATMUL_DIRECT_NUMBA_CUDA DONE. [time: 0.001249074935913086 s, all close: True, speed-up vs reference: 344.13]
APPROACH 6: QMATMUL_ALGO_NUMPY_ST...
APPROACH 6: QMATMUL_ALGO_NUMPY_ST DONE. [time: 0.0019195079803466797 s, all close: True, speed-up vs reference: 223.93]
APPROACH 7: QMATMUL_ALGO_NUMPY_PARALLEL...
APPROACH 7: QMATMUL_ALGO_NUMPY_PARALLEL DONE. [time: 0.0007727146148681641 s, all close: True, speed-up vs reference: 556.28]
APPROACH 8: QMATMUL_ALGO_NUMBA_CUDA...
APPROACH 8: QMATMUL_ALGO_NUMBA_CUDA DONE. [time: 0.0018165111541748047 s, all close: True, speed-up vs reference: 236.63]
REPETITION: 88/100:
APPROACH 1: QMATMUL_NAIVE_NUMBA_ST...
APPROACH 1: QMATMUL_NAIVE_NUMBA_ST DONE. [time: 0.4302098751068115 s, all close: True, speed-up vs reference: 1.00]
APPROACH 2: QMATMUL_NAIVE_NUMBA_PARALLEL...
APPROACH 2: QMATMUL_NAIVE_NUMBA_PARALLEL DONE. [time: 0.012845516204833984 s, all close: True, speed-up vs reference: 33.46]
APPROACH 3: QMATMUL_DIRECT_NUMPY_ST...
APPROACH 3: QMATMUL_DIRECT_NUMPY_ST DONE. [time: 0.002298593521118164 s, all close: True, speed-up vs reference: 187.00]
APPROACH 4: QMATMUL_DIRECT_NUMPY_PARALLEL...
APPROACH 4: QMATMUL_DIRECT_NUMPY_PARALLEL DONE. [time: 0.0276639461517334 s, all close: True, speed-up vs reference: 15.54]
APPROACH 5: QMATMUL_DIRECT_NUMBA_CUDA...
APPROACH 5: QMATMUL_DIRECT_NUMBA_CUDA DONE. [time: 0.0011446475982666016 s, all close: True, speed-up vs reference: 375.52]
APPROACH 6: QMATMUL_ALGO_NUMPY_ST...
APPROACH 6: QMATMUL_ALGO_NUMPY_ST DONE. [time: 0.0017473697662353516 s, all close: True, speed-up vs reference: 245.99]
APPROACH 7: QMATMUL_ALGO_NUMPY_PARALLEL...
APPROACH 7: QMATMUL_ALGO_NUMPY_PARALLEL DONE. [time: 0.0008068084716796875 s, all close: True, speed-up vs reference: 532.77]
APPROACH 8: QMATMUL_ALGO_NUMBA_CUDA...
APPROACH 8: QMATMUL_ALGO_NUMBA_CUDA DONE. [time: 0.004489898681640625 s, all close: True, speed-up vs reference: 95.74]
REPETITION: 89/100:
APPROACH 1: QMATMUL_NAIVE_NUMBA_ST...
APPROACH 1: QMATMUL_NAIVE_NUMBA_ST DONE. [time: 0.4301304817199707 s, all close: True, speed-up vs reference: 1.00]
APPROACH 2: QMATMUL_NAIVE_NUMBA_PARALLEL...
APPROACH 2: QMATMUL_NAIVE_NUMBA_PARALLEL DONE. [time: 0.013700485229492188 s, all close: True, speed-up vs reference: 31.37]
APPROACH 3: QMATMUL_DIRECT_NUMPY_ST...
APPROACH 3: QMATMUL_DIRECT_NUMPY_ST DONE. [time: 0.0020956993103027344 s, all close: True, speed-up vs reference: 205.11]
APPROACH 4: QMATMUL_DIRECT_NUMPY_PARALLEL...
APPROACH 4: QMATMUL_DIRECT_NUMPY_PARALLEL DONE. [time: 0.004100799560546875 s, all close: True, speed-up vs reference: 104.82]
APPROACH 5: QMATMUL_DIRECT_NUMBA_CUDA...
APPROACH 5: QMATMUL_DIRECT_NUMBA_CUDA DONE. [time: 0.0010547637939453125 s, all close: True, speed-up vs reference: 407.52]
APPROACH 6: QMATMUL_ALGO_NUMPY_ST...
APPROACH 6: QMATMUL_ALGO_NUMPY_ST DONE. [time: 0.001756906509399414 s, all close: True, speed-up vs reference: 244.66]
APPROACH 7: QMATMUL_ALGO_NUMPY_PARALLEL...
APPROACH 7: QMATMUL_ALGO_NUMPY_PARALLEL DONE. [time: 0.00102996826171875 s, all close: True, speed-up vs reference: 417.34]
APPROACH 8: QMATMUL_ALGO_NUMBA_CUDA...
APPROACH 8: QMATMUL_ALGO_NUMBA_CUDA DONE. [time: 0.0015745162963867188 s, all close: True, speed-up vs reference: 273.00]
REPETITION: 90/100:
APPROACH 1: QMATMUL_NAIVE_NUMBA_ST...
APPROACH 1: QMATMUL_NAIVE_NUMBA_ST DONE. [time: 0.43283963203430176 s, all close: True, speed-up vs reference: 0.99]
APPROACH 2: QMATMUL_NAIVE_NUMBA_PARALLEL...
APPROACH 2: QMATMUL_NAIVE_NUMBA_PARALLEL DONE. [time: 0.01239919662475586 s, all close: True, speed-up vs reference: 34.67]
APPROACH 3: QMATMUL_DIRECT_NUMPY_ST...
APPROACH 3: QMATMUL_DIRECT_NUMPY_ST DONE. [time: 0.0019893646240234375 s, all close: True, speed-up vs reference: 216.07]
APPROACH 4: QMATMUL_DIRECT_NUMPY_PARALLEL...
APPROACH 4: QMATMUL_DIRECT_NUMPY_PARALLEL DONE. [time: 0.004150390625 s, all close: True, speed-up vs reference: 103.57]
APPROACH 5: QMATMUL_DIRECT_NUMBA_CUDA...
APPROACH 5: QMATMUL_DIRECT_NUMBA_CUDA DONE. [time: 0.0010755062103271484 s, all close: True, speed-up vs reference: 399.67]
APPROACH 6: QMATMUL_ALGO_NUMPY_ST...
APPROACH 6: QMATMUL_ALGO_NUMPY_ST DONE. [time: 0.00171661376953125 s, all close: True, speed-up vs reference: 250.40]
APPROACH 7: QMATMUL_ALGO_NUMPY_PARALLEL...
APPROACH 7: QMATMUL_ALGO_NUMPY_PARALLEL DONE. [time: 0.0009870529174804688 s, all close: True, speed-up vs reference: 435.48]
APPROACH 8: QMATMUL_ALGO_NUMBA_CUDA...
APPROACH 8: QMATMUL_ALGO_NUMBA_CUDA DONE. [time: 0.001485586166381836 s, all close: True, speed-up vs reference: 289.34]
REPETITION: 91/100:
APPROACH 1: QMATMUL_NAIVE_NUMBA_ST...
APPROACH 1: QMATMUL_NAIVE_NUMBA_ST DONE. [time: 0.4361698627471924 s, all close: True, speed-up vs reference: 0.99]
APPROACH 2: QMATMUL_NAIVE_NUMBA_PARALLEL...
APPROACH 2: QMATMUL_NAIVE_NUMBA_PARALLEL DONE. [time: 0.01221323013305664 s, all close: True, speed-up vs reference: 35.19]
APPROACH 3: QMATMUL_DIRECT_NUMPY_ST...
APPROACH 3: QMATMUL_DIRECT_NUMPY_ST DONE. [time: 0.0021054744720458984 s, all close: True, speed-up vs reference: 204.15]
APPROACH 4: QMATMUL_DIRECT_NUMPY_PARALLEL...
APPROACH 4: QMATMUL_DIRECT_NUMPY_PARALLEL DONE. [time: 0.0039000511169433594 s, all close: True, speed-up vs reference: 110.21]
APPROACH 5: QMATMUL_DIRECT_NUMBA_CUDA...
APPROACH 5: QMATMUL_DIRECT_NUMBA_CUDA DONE. [time: 0.0010061264038085938 s, all close: True, speed-up vs reference: 427.22]
APPROACH 6: QMATMUL_ALGO_NUMPY_ST...
APPROACH 6: QMATMUL_ALGO_NUMPY_ST DONE. [time: 0.0017404556274414062 s, all close: True, speed-up vs reference: 246.97]
APPROACH 7: QMATMUL_ALGO_NUMPY_PARALLEL...
APPROACH 7: QMATMUL_ALGO_NUMPY_PARALLEL DONE. [time: 0.0217437744140625 s, all close: True, speed-up vs reference: 19.77]
APPROACH 8: QMATMUL_ALGO_NUMBA_CUDA...
APPROACH 8: QMATMUL_ALGO_NUMBA_CUDA DONE. [time: 0.0014691352844238281 s, all close: True, speed-up vs reference: 292.58]
REPETITION: 92/100:
APPROACH 1: QMATMUL_NAIVE_NUMBA_ST...
APPROACH 1: QMATMUL_NAIVE_NUMBA_ST DONE. [time: 0.4349215030670166 s, all close: True, speed-up vs reference: 0.99]
APPROACH 2: QMATMUL_NAIVE_NUMBA_PARALLEL...
APPROACH 2: QMATMUL_NAIVE_NUMBA_PARALLEL DONE. [time: 0.012023687362670898 s, all close: True, speed-up vs reference: 35.75]
APPROACH 3: QMATMUL_DIRECT_NUMPY_ST...
APPROACH 3: QMATMUL_DIRECT_NUMPY_ST DONE. [time: 0.0020647048950195312 s, all close: True, speed-up vs reference: 208.19]
APPROACH 4: QMATMUL_DIRECT_NUMPY_PARALLEL...
APPROACH 4: QMATMUL_DIRECT_NUMPY_PARALLEL DONE. [time: 0.003792285919189453 s, all close: True, speed-up vs reference: 113.35]
APPROACH 5: QMATMUL_DIRECT_NUMBA_CUDA...
APPROACH 5: QMATMUL_DIRECT_NUMBA_CUDA DONE. [time: 0.0010497570037841797 s, all close: True, speed-up vs reference: 409.47]
APPROACH 6: QMATMUL_ALGO_NUMPY_ST...
APPROACH 6: QMATMUL_ALGO_NUMPY_ST DONE. [time: 0.0017235279083251953 s, all close: True, speed-up vs reference: 249.40]
APPROACH 7: QMATMUL_ALGO_NUMPY_PARALLEL...
APPROACH 7: QMATMUL_ALGO_NUMPY_PARALLEL DONE. [time: 0.0007658004760742188 s, all close: True, speed-up vs reference: 561.30]
APPROACH 8: QMATMUL_ALGO_NUMBA_CUDA...
APPROACH 8: QMATMUL_ALGO_NUMBA_CUDA DONE. [time: 0.001399993896484375 s, all close: True, speed-up vs reference: 307.03]
REPETITION: 93/100:
APPROACH 1: QMATMUL_NAIVE_NUMBA_ST...
APPROACH 1: QMATMUL_NAIVE_NUMBA_ST DONE. [time: 0.43494319915771484 s, all close: True, speed-up vs reference: 0.99]
APPROACH 2: QMATMUL_NAIVE_NUMBA_PARALLEL...
APPROACH 2: QMATMUL_NAIVE_NUMBA_PARALLEL DONE. [time: 0.01070547103881836 s, all close: True, speed-up vs reference: 40.15]
APPROACH 3: QMATMUL_DIRECT_NUMPY_ST...
APPROACH 3: QMATMUL_DIRECT_NUMPY_ST DONE. [time: 0.002025604248046875 s, all close: True, speed-up vs reference: 212.20]
APPROACH 4: QMATMUL_DIRECT_NUMPY_PARALLEL...
APPROACH 4: QMATMUL_DIRECT_NUMPY_PARALLEL DONE. [time: 0.0012557506561279297 s, all close: True, speed-up vs reference: 342.30]
APPROACH 5: QMATMUL_DIRECT_NUMBA_CUDA...
APPROACH 5: QMATMUL_DIRECT_NUMBA_CUDA DONE. [time: 0.0011017322540283203 s, all close: True, speed-up vs reference: 390.15]
APPROACH 6: QMATMUL_ALGO_NUMPY_ST...
APPROACH 6: QMATMUL_ALGO_NUMPY_ST DONE. [time: 0.0018358230590820312 s, all close: True, speed-up vs reference: 234.14]
APPROACH 7: QMATMUL_ALGO_NUMPY_PARALLEL...
APPROACH 7: QMATMUL_ALGO_NUMPY_PARALLEL DONE. [time: 0.0009336471557617188 s, all close: True, speed-up vs reference: 460.39]
APPROACH 8: QMATMUL_ALGO_NUMBA_CUDA...
APPROACH 8: QMATMUL_ALGO_NUMBA_CUDA DONE. [time: 0.0015230178833007812 s, all close: True, speed-up vs reference: 282.23]
REPETITION: 94/100:
APPROACH 1: QMATMUL_NAIVE_NUMBA_ST...
APPROACH 1: QMATMUL_NAIVE_NUMBA_ST DONE. [time: 0.4279301166534424 s, all close: True, speed-up vs reference: 1.00]
APPROACH 2: QMATMUL_NAIVE_NUMBA_PARALLEL...
APPROACH 2: QMATMUL_NAIVE_NUMBA_PARALLEL DONE. [time: 0.013098955154418945 s, all close: True, speed-up vs reference: 32.82]
APPROACH 3: QMATMUL_DIRECT_NUMPY_ST...
APPROACH 3: QMATMUL_DIRECT_NUMPY_ST DONE. [time: 0.0020334720611572266 s, all close: True, speed-up vs reference: 211.38]
APPROACH 4: QMATMUL_DIRECT_NUMPY_PARALLEL...
APPROACH 4: QMATMUL_DIRECT_NUMPY_PARALLEL DONE. [time: 0.0016269683837890625 s, all close: True, speed-up vs reference: 264.20]
APPROACH 5: QMATMUL_DIRECT_NUMBA_CUDA...
APPROACH 5: QMATMUL_DIRECT_NUMBA_CUDA DONE. [time: 0.001110076904296875 s, all close: True, speed-up vs reference: 387.22]
APPROACH 6: QMATMUL_ALGO_NUMPY_ST...
APPROACH 6: QMATMUL_ALGO_NUMPY_ST DONE. [time: 0.001737356185913086 s, all close: True, speed-up vs reference: 247.41]
APPROACH 7: QMATMUL_ALGO_NUMPY_PARALLEL...
APPROACH 7: QMATMUL_ALGO_NUMPY_PARALLEL DONE. [time: 0.0008165836334228516 s, all close: True, speed-up vs reference: 526.39]
APPROACH 8: QMATMUL_ALGO_NUMBA_CUDA...
APPROACH 8: QMATMUL_ALGO_NUMBA_CUDA DONE. [time: 0.0013947486877441406 s, all close: True, speed-up vs reference: 308.19]
REPETITION: 95/100:
APPROACH 1: QMATMUL_NAIVE_NUMBA_ST...
APPROACH 1: QMATMUL_NAIVE_NUMBA_ST DONE. [time: 0.43509340286254883 s, all close: True, speed-up vs reference: 0.99]
APPROACH 2: QMATMUL_NAIVE_NUMBA_PARALLEL...
APPROACH 2: QMATMUL_NAIVE_NUMBA_PARALLEL DONE. [time: 0.01286005973815918 s, all close: True, speed-up vs reference: 33.42]
APPROACH 3: QMATMUL_DIRECT_NUMPY_ST...
APPROACH 3: QMATMUL_DIRECT_NUMPY_ST DONE. [time: 0.002087116241455078 s, all close: True, speed-up vs reference: 205.95]
APPROACH 4: QMATMUL_DIRECT_NUMPY_PARALLEL...
APPROACH 4: QMATMUL_DIRECT_NUMPY_PARALLEL DONE. [time: 0.029200315475463867 s, all close: True, speed-up vs reference: 14.72]
APPROACH 5: QMATMUL_DIRECT_NUMBA_CUDA...
APPROACH 5: QMATMUL_DIRECT_NUMBA_CUDA DONE. [time: 0.0010838508605957031 s, all close: True, speed-up vs reference: 396.59]
APPROACH 6: QMATMUL_ALGO_NUMPY_ST...
APPROACH 6: QMATMUL_ALGO_NUMPY_ST DONE. [time: 0.001802682876586914 s, all close: True, speed-up vs reference: 238.45]
APPROACH 7: QMATMUL_ALGO_NUMPY_PARALLEL...
APPROACH 7: QMATMUL_ALGO_NUMPY_PARALLEL DONE. [time: 0.0007505416870117188 s, all close: True, speed-up vs reference: 572.71]
APPROACH 8: QMATMUL_ALGO_NUMBA_CUDA...
APPROACH 8: QMATMUL_ALGO_NUMBA_CUDA DONE. [time: 0.0018033981323242188 s, all close: True, speed-up vs reference: 238.35]
REPETITION: 96/100:
APPROACH 1: QMATMUL_NAIVE_NUMBA_ST...
APPROACH 1: QMATMUL_NAIVE_NUMBA_ST DONE. [time: 0.4270806312561035 s, all close: True, speed-up vs reference: 1.01]
APPROACH 2: QMATMUL_NAIVE_NUMBA_PARALLEL...
APPROACH 2: QMATMUL_NAIVE_NUMBA_PARALLEL DONE. [time: 0.013662576675415039 s, all close: True, speed-up vs reference: 31.46]
APPROACH 3: QMATMUL_DIRECT_NUMPY_ST...
APPROACH 3: QMATMUL_DIRECT_NUMPY_ST DONE. [time: 0.002023458480834961 s, all close: True, speed-up vs reference: 212.43]
APPROACH 4: QMATMUL_DIRECT_NUMPY_PARALLEL...
APPROACH 4: QMATMUL_DIRECT_NUMPY_PARALLEL DONE. [time: 0.0009768009185791016 s, all close: True, speed-up vs reference: 440.05]
APPROACH 5: QMATMUL_DIRECT_NUMBA_CUDA...
APPROACH 5: QMATMUL_DIRECT_NUMBA_CUDA DONE. [time: 0.0009086132049560547 s, all close: True, speed-up vs reference: 473.08]
APPROACH 6: QMATMUL_ALGO_NUMPY_ST...
APPROACH 6: QMATMUL_ALGO_NUMPY_ST DONE. [time: 0.0016973018646240234 s, all close: True, speed-up vs reference: 253.25]
APPROACH 7: QMATMUL_ALGO_NUMPY_PARALLEL...
APPROACH 7: QMATMUL_ALGO_NUMPY_PARALLEL DONE. [time: 0.0008263587951660156 s, all close: True, speed-up vs reference: 520.16]
APPROACH 8: QMATMUL_ALGO_NUMBA_CUDA...
APPROACH 8: QMATMUL_ALGO_NUMBA_CUDA DONE. [time: 0.0015347003936767578 s, all close: True, speed-up vs reference: 280.08]
REPETITION: 97/100:
APPROACH 1: QMATMUL_NAIVE_NUMBA_ST...
APPROACH 1: QMATMUL_NAIVE_NUMBA_ST DONE. [time: 0.4356517791748047 s, all close: True, speed-up vs reference: 0.99]
APPROACH 2: QMATMUL_NAIVE_NUMBA_PARALLEL...
APPROACH 2: QMATMUL_NAIVE_NUMBA_PARALLEL DONE. [time: 0.012294769287109375 s, all close: True, speed-up vs reference: 34.96]
APPROACH 3: QMATMUL_DIRECT_NUMPY_ST...
APPROACH 3: QMATMUL_DIRECT_NUMPY_ST DONE. [time: 0.0020151138305664062 s, all close: True, speed-up vs reference: 213.31]
APPROACH 4: QMATMUL_DIRECT_NUMPY_PARALLEL...
APPROACH 4: QMATMUL_DIRECT_NUMPY_PARALLEL DONE. [time: 0.003669261932373047 s, all close: True, speed-up vs reference: 117.15]
APPROACH 5: QMATMUL_DIRECT_NUMBA_CUDA...
APPROACH 5: QMATMUL_DIRECT_NUMBA_CUDA DONE. [time: 0.0010058879852294922 s, all close: True, speed-up vs reference: 427.33]
APPROACH 6: QMATMUL_ALGO_NUMPY_ST...
APPROACH 6: QMATMUL_ALGO_NUMPY_ST DONE. [time: 0.001728057861328125 s, all close: True, speed-up vs reference: 248.74]
APPROACH 7: QMATMUL_ALGO_NUMPY_PARALLEL...
APPROACH 7: QMATMUL_ALGO_NUMPY_PARALLEL DONE. [time: 0.0011615753173828125 s, all close: True, speed-up vs reference: 370.05]
APPROACH 8: QMATMUL_ALGO_NUMBA_CUDA...
APPROACH 8: QMATMUL_ALGO_NUMBA_CUDA DONE. [time: 0.0015940666198730469 s, all close: True, speed-up vs reference: 269.65]
REPETITION: 98/100:
APPROACH 1: QMATMUL_NAIVE_NUMBA_ST...
APPROACH 1: QMATMUL_NAIVE_NUMBA_ST DONE. [time: 0.4273569583892822 s, all close: True, speed-up vs reference: 1.01]
APPROACH 2: QMATMUL_NAIVE_NUMBA_PARALLEL...
APPROACH 2: QMATMUL_NAIVE_NUMBA_PARALLEL DONE. [time: 0.012467384338378906 s, all close: True, speed-up vs reference: 34.48]
APPROACH 3: QMATMUL_DIRECT_NUMPY_ST...
APPROACH 3: QMATMUL_DIRECT_NUMPY_ST DONE. [time: 0.0021677017211914062 s, all close: True, speed-up vs reference: 198.29]
APPROACH 4: QMATMUL_DIRECT_NUMPY_PARALLEL...
APPROACH 4: QMATMUL_DIRECT_NUMPY_PARALLEL DONE. [time: 0.0013856887817382812 s, all close: True, speed-up vs reference: 310.20]
APPROACH 5: QMATMUL_DIRECT_NUMBA_CUDA...
APPROACH 5: QMATMUL_DIRECT_NUMBA_CUDA DONE. [time: 0.0009436607360839844 s, all close: True, speed-up vs reference: 455.51]
APPROACH 6: QMATMUL_ALGO_NUMPY_ST...
APPROACH 6: QMATMUL_ALGO_NUMPY_ST DONE. [time: 0.0017435550689697266 s, all close: True, speed-up vs reference: 246.53]
APPROACH 7: QMATMUL_ALGO_NUMPY_PARALLEL...
APPROACH 7: QMATMUL_ALGO_NUMPY_PARALLEL DONE. [time: 0.0008835792541503906 s, all close: True, speed-up vs reference: 486.48]
APPROACH 8: QMATMUL_ALGO_NUMBA_CUDA...
APPROACH 8: QMATMUL_ALGO_NUMBA_CUDA DONE. [time: 0.0016827583312988281 s, all close: True, speed-up vs reference: 255.44]
REPETITION: 99/100:
APPROACH 1: QMATMUL_NAIVE_NUMBA_ST...
APPROACH 1: QMATMUL_NAIVE_NUMBA_ST DONE. [time: 0.4399454593658447 s, all close: True, speed-up vs reference: 0.98]
APPROACH 2: QMATMUL_NAIVE_NUMBA_PARALLEL...
APPROACH 2: QMATMUL_NAIVE_NUMBA_PARALLEL DONE. [time: 0.01276850700378418 s, all close: True, speed-up vs reference: 33.66]
APPROACH 3: QMATMUL_DIRECT_NUMPY_ST...
APPROACH 3: QMATMUL_DIRECT_NUMPY_ST DONE. [time: 0.0021839141845703125 s, all close: True, speed-up vs reference: 196.82]
APPROACH 4: QMATMUL_DIRECT_NUMPY_PARALLEL...
APPROACH 4: QMATMUL_DIRECT_NUMPY_PARALLEL DONE. [time: 0.004430055618286133 s, all close: True, speed-up vs reference: 97.03]
APPROACH 5: QMATMUL_DIRECT_NUMBA_CUDA...
APPROACH 5: QMATMUL_DIRECT_NUMBA_CUDA DONE. [time: 0.0011820793151855469 s, all close: True, speed-up vs reference: 363.63]
APPROACH 6: QMATMUL_ALGO_NUMPY_ST...
APPROACH 6: QMATMUL_ALGO_NUMPY_ST DONE. [time: 0.0018169879913330078 s, all close: True, speed-up vs reference: 236.57]
APPROACH 7: QMATMUL_ALGO_NUMPY_PARALLEL...
APPROACH 7: QMATMUL_ALGO_NUMPY_PARALLEL DONE. [time: 0.0008776187896728516 s, all close: True, speed-up vs reference: 489.78]
APPROACH 8: QMATMUL_ALGO_NUMBA_CUDA...
APPROACH 8: QMATMUL_ALGO_NUMBA_CUDA DONE. [time: 0.0014905929565429688 s, all close: True, speed-up vs reference: 288.37]
REPETITION: 100/100:
APPROACH 1: QMATMUL_NAIVE_NUMBA_ST...
APPROACH 1: QMATMUL_NAIVE_NUMBA_ST DONE. [time: 0.4360935688018799 s, all close: True, speed-up vs reference: 0.99]
APPROACH 2: QMATMUL_NAIVE_NUMBA_PARALLEL...
APPROACH 2: QMATMUL_NAIVE_NUMBA_PARALLEL DONE. [time: 0.011142730712890625 s, all close: True, speed-up vs reference: 38.58]
APPROACH 3: QMATMUL_DIRECT_NUMPY_ST...
APPROACH 3: QMATMUL_DIRECT_NUMPY_ST DONE. [time: 0.002162456512451172 s, all close: True, speed-up vs reference: 198.77]
APPROACH 4: QMATMUL_DIRECT_NUMPY_PARALLEL...
APPROACH 4: QMATMUL_DIRECT_NUMPY_PARALLEL DONE. [time: 0.004668235778808594 s, all close: True, speed-up vs reference: 92.08]
APPROACH 5: QMATMUL_DIRECT_NUMBA_CUDA...
APPROACH 5: QMATMUL_DIRECT_NUMBA_CUDA DONE. [time: 0.0010237693786621094 s, all close: True, speed-up vs reference: 419.86]
APPROACH 6: QMATMUL_ALGO_NUMPY_ST...
APPROACH 6: QMATMUL_ALGO_NUMPY_ST DONE. [time: 0.0017404556274414062 s, all close: True, speed-up vs reference: 246.97]
APPROACH 7: QMATMUL_ALGO_NUMPY_PARALLEL...
APPROACH 7: QMATMUL_ALGO_NUMPY_PARALLEL DONE. [time: 0.0008108615875244141 s, all close: True, speed-up vs reference: 530.11]
APPROACH 8: QMATMUL_ALGO_NUMBA_CUDA...
APPROACH 8: QMATMUL_ALGO_NUMBA_CUDA DONE. [time: 0.0014376640319824219 s, all close: True, speed-up vs reference: 298.99]
================================================================================================================================================================================================================
SUMMARY:
APPROACH 1: QMATMUL_NAIVE_NUMBA_ST (REFERENCE) -> MEAN TIME: 0.43243279695510867 s, TIME STD: 0.004850942683258105 s, STD_%: 1.1%, SPEED-UP: 1.00
APPROACH 2: QMATMUL_NAIVE_NUMBA_PARALLEL -> MEAN TIME: 0.012565391063690185 s, TIME STD: 0.0013879162057325101 s, STD_%: 11.0%, SPEED-UP: 34.41
APPROACH 3: QMATMUL_DIRECT_NUMPY_ST -> MEAN TIME: 0.002180054187774658 s, TIME STD: 0.0001810799473568982 s, STD_%: 8.3%, SPEED-UP: 198.36
APPROACH 4: QMATMUL_DIRECT_NUMPY_PARALLEL -> MEAN TIME: 0.013992843627929687 s, TIME STD: 0.015004149677379402 s, STD_%: 107.2%, SPEED-UP: 30.90
APPROACH 5: QMATMUL_DIRECT_NUMBA_CUDA -> MEAN TIME: 0.0010990500450134277 s, TIME STD: 0.00015479074056728057 s, STD_%: 14.1%, SPEED-UP: 393.46
APPROACH 6: QMATMUL_ALGO_NUMPY_ST -> MEAN TIME: 0.0017896509170532227 s, TIME STD: 0.00019650120901190142 s, STD_%: 11.0%, SPEED-UP: 241.63
APPROACH 7: QMATMUL_ALGO_NUMPY_PARALLEL -> MEAN TIME: 0.005008909702301025 s, TIME STD: 0.009972622817765153 s, STD_%: 199.1%, SPEED-UP: 86.33
APPROACH 8: QMATMUL_ALGO_NUMBA_CUDA -> MEAN TIME: 0.001612985134124756 s, TIME STD: 0.00034760241523364795 s, STD_%: 21.6%, SPEED-UP: 268.09
================================================================================================================================================================================================================
QUATERNIONS MAIN DONE. [hash string: 3217323971_01236_053_[100;300;200;2.0;float32;100;TTTTTTTT], time: 48.39127850532532 s]
